{"type":"FeatureCollection","features":[{"type":"Feature","geometry":{"type":"Point","coordinates":[-105.288208,40.498352]},"properties":{"callsign":"FFT1176","hex":"a8eed8","origin":"","altitude":5539.740000000001,"velocity":198.7811616,"heading":115.77,"onGround":false,"type":"A21N","desc":"","military":false}},{"type":"Feature","geometry":{"type":"Point","coordinates":[-105.233231,40.629071]},"properties":{"callsign":"SWA4996","hex":"ac2bc6","origin":"","altitude":11612.880000000001,"velocity":218.02136720000001,"heading":258.98,"onGround":false,"type":"B38M","desc":"","military":false}},{"type":"Feature","geometry":{"type":"Point","coordinates":[-105.177246,40.017334]},"properties":{"callsign":"N425TA","hex":"a50fdc","origin":"","altitude":2484.1200000000003,"velocity":57.5148392,"heading":349.7,"onGround":false,"type":"C182","desc":"","military":false}},{"type":"Feature","geometry":{"type":"Point","coordinates":[-104.924011,40.535568]},"properties":{"callsign":"UAL8195","hex":"a9ec06","origin":"","altitude":9022.08,"velocity":242.7661236,"heading":259.5,"onGround":false,"type":"B753","desc":"","military":false}},{"type":"Feature","geometry":{"type":"Point","coordinates":[-104.853217,39.561356]},"properties":{"callsign":"N5275S","hex":"a6a607","origin":"","altitude":1882.14,"velocity":31.381084,"heading":180,"onGround":false,"type":"C172","desc":"","military":false}},{"type":"Feature","geometry":{"type":"Point","coordinates":[-104.703552,38.798986]},"properties":{"callsign":"SKMX709","hex":"a97626","origin":"","altitude":0,"velocity":0,"heading":354.38,"onGround":true,"type":"CRJ2","desc":"","military":false}},{"type":"Feature","geometry":{"type":"Point","coordinates":[-104.700867,38.801872]},"properties":{"callsign":"SWA2183","hex":"a5669f","origin":"","altitude":0,"velocity":7.3051048,"heading":177.19,"onGround":true,"type":"B737","desc":"","military":false}},{"type":"Feature","geometry":{"type":"Point","coordinates":[-104.696184,39.894745]},"properties":{"callsign":"FFT3440","hex":"a7d2f1","origin":"","altitude":1623.0600000000002,"velocity":73.565492,"heading":180.4,"onGround":false,"type":"A21N","desc":"","military":false}},{"type":"Feature","geometry":{"type":"Point","coordinates":[-104.692587,38.802795]},"properties":{"callsign":"AAL790","hex":"ad7760","origin":"","altitude":0,"velocity":7.6137712,"heading":270,"onGround":true,"type":"B738","desc":"","military":false}},{"type":"Feature","geometry":{"type":"Point","coordinates":[-104.684851,40.046609]},"properties":{"callsign":"SKW5671","hex":"a95da3","origin":"","altitude":2560.32,"velocity":118.3735644,"heading":181.49,"onGround":false,"type":"E170","desc":"","military":false}},{"type":"Feature","geometry":{"type":"Point","coordinates":[-104.683151,39.854954]},"properties":{"callsign":"WJA8936","hex":"c0121e","origin":"","altitude":0,"velocity":0,"heading":270,"onGround":true,"type":"B737","desc":"","military":false}},{"type":"Feature","geometry":{"type":"Point","coordinates":[-104.68042,39.854558]},"properties":{"callsign":"UAL519","hex":"a41e94","origin":"","altitude":0,"velocity":0,"heading":0,"onGround":true,"type":"B739","desc":"","military":false}},{"type":"Feature","geometry":{"type":"Point","coordinates":[-104.678757,39.880453]},"properties":{"callsign":"FFT4753","hex":"a3df4a","origin":"","altitude":0,"velocity":0,"heading":0,"onGround":true,"type":"A20N","desc":"","military":false}},{"type":"Feature","geometry":{"type":"Point","coordinates":[-104.67854,39.881161]},"properties":{"callsign":"FMX372","hex":"a43bc6","origin":"","altitude":0,"velocity":0,"heading":0,"onGround":true,"type":"A20N","desc":"","military":false}},{"type":"Feature","geometry":{"type":"Point","coordinates":[-104.67563,39.862736]},"properties":{"callsign":"AAL1284","hex":"a71efa","origin":"","altitude":0,"velocity":0,"heading":0,"onGround":true,"type":"A321","desc":"","military":false}},{"type":"Feature","geometry":{"type":"Point","coordinates":[-104.675095,39.861331]},"properties":{"callsign":"AAL3156","hex":"a129dc","origin":"","altitude":0,"velocity":7.0993272,"heading":90,"onGround":true,"type":"A321","desc":"","military":false}},{"type":"Feature","geometry":{"type":"Point","coordinates":[-104.674644,39.855286]},"properties":{"callsign":"FFT2745","hex":"a21432","origin":"","altitude":0,"velocity":0,"heading":90,"onGround":true,"type":"A320","desc":"","military":false}},{"type":"Feature","geometry":{"type":"Point","coordinates":[-104.67308,39.863508]},"properties":{"callsign":"SWA2584","hex":"a31533","origin":"","altitude":0,"velocity":0.0514444,"heading":180,"onGround":true,"type":"B737","desc":"","military":false}},{"type":"Feature","geometry":{"type":"Point","coordinates":[-104.672531,39.852777]},"properties":{"callsign":"DAL1644","hex":"a3ad47","origin":"","altitude":0,"velocity":3.7039968,"heading":90,"onGround":true,"type":"A319","desc":"","military":false}},{"type":"Feature","geometry":{"type":"Point","coordinates":[-104.672077,39.862598]},"properties":{"callsign":"SWA4745","hex":"a2c27e","origin":"","altitude":0,"velocity":0,"heading":2.81,"onGround":true,"type":"B737","desc":"","military":false}},{"type":"Feature","geometry":{"type":"Point","coordinates":[-104.670704,39.854404]},"properties":{"callsign":"DAL1586","hex":"a057c7","origin":"","altitude":0,"velocity":0,"heading":180,"onGround":true,"type":"BCS1","desc":"","military":false}},{"type":"Feature","geometry":{"type":"Point","coordinates":[-104.670689,39.8615]},"properties":{"callsign":"SWA1598","hex":"ac53d5","origin":"","altitude":0,"velocity":7.973882000000001,"heading":112.5,"onGround":true,"type":"B38M","desc":"","military":false}},{"type":"Feature","geometry":{"type":"Point","coordinates":[-104.669571,39.864101]},"properties":{"callsign":"SWA1655","hex":"ac42bf","origin":"","altitude":0,"velocity":0,"heading":180,"onGround":true,"type":"B38M","desc":"","military":false}},{"type":"Feature","geometry":{"type":"Point","coordinates":[-104.667539,39.854565]},"properties":{"callsign":"FFT3439","hex":"a5451a","origin":"","altitude":0,"velocity":0,"heading":180,"onGround":true,"type":"A20N","desc":"","military":false}},{"type":"Feature","geometry":{"type":"Point","coordinates":[-104.662292,39.862099]},"properties":{"callsign":"FFT4345","hex":"a98b76","origin":"","altitude":0,"velocity":12.089434,"heading":0,"onGround":true,"type":"A321","desc":"","military":false}},{"type":"Feature","geometry":{"type":"Point","coordinates":[-104.66113,40.194878]},"properties":{"callsign":"UAL1932","hex":"aa7ec2","origin":"","altitude":3284.2200000000003,"velocity":123.5694488,"heading":207.53,"onGround":false,"type":"B39M","desc":"","military":false}},{"type":"Feature","geometry":{"type":"Point","coordinates":[-104.6604,39.844084]},"properties":{"callsign":"FFT3205","hex":"a992e4","origin":"","altitude":1645.92,"velocity":23.407202,"heading":180,"onGround":true,"type":"A321","desc":"","military":false}},{"type":"Feature","geometry":{"type":"Point","coordinates":[-104.658264,39.966705]},"properties":{"callsign":"SKW6186","hex":"a9fb92","origin":"","altitude":2346.96,"velocity":104.432132,"heading":180.56,"onGround":false,"type":"CRJ7","desc":"","military":false}},{"type":"Feature","geometry":{"type":"Point","coordinates":[-104.651954,40.125282]},"properties":{"callsign":"FFT1149","hex":"a86d36","origin":"","altitude":2811.78,"velocity":93.37158600000001,"heading":203.03,"onGround":false,"type":"A21N","desc":"","military":false}},{"type":"Feature","geometry":{"type":"Point","coordinates":[-104.537846,41.266883]},"properties":{"callsign":"DAL2089","hex":"a495bf","origin":"","altitude":10957.560000000001,"velocity":216.7352572,"heading":252.6,"onGround":false,"type":"A321","desc":"","military":false}},{"type":"Feature","geometry":{"type":"Point","coordinates":[-103.877625,40.549255]},"properties":{"callsign":"UAL2499","hex":"a6eda1","origin":"","altitude":10972.800000000001,"velocity":208.9671528,"heading":250.14,"onGround":false,"type":"A21N","desc":"","military":false}},{"type":"Feature","geometry":{"type":"Point","coordinates":[-103.683784,40.582379]},"properties":{"callsign":"AAL751","hex":"a695ea","origin":"","altitude":10927.08,"velocity":225.1721388,"heading":315.46,"onGround":false,"type":"A321","desc":"","military":false}},{"type":"Feature","geometry":{"type":"Point","coordinates":[-103.667171,39.137604]},"properties":{"callsign":"FFT4561","hex":"a2107b","origin":"","altitude":8633.460000000001,"velocity":206.18915520000002,"heading":303.81,"onGround":false,"type":"A320","desc":"","military":false}},{"type":"Feature","geometry":{"type":"Point","coordinates":[-103.571798,40.517625]},"properties":{"callsign":"UAL407","hex":"a0b7b7","origin":"","altitude":7879.080000000001,"velocity":197.546496,"heading":245.7,"onGround":false,"type":"A21N","desc":"","military":false}},{"type":"Feature","geometry":{"type":"Point","coordinates":[-103.42342,40.13976]},"properties":{"callsign":"AAL1114","hex":"a0d90c","origin":"","altitude":10347.960000000001,"velocity":217.35259,"heading":255.47,"onGround":false,"type":"A321","desc":"","military":false}},{"type":"Feature","geometry":{"type":"Point","coordinates":[-103.387139,37.662948]},"properties":{"callsign":"DAL321","hex":"a997cc","origin":"","altitude":11612.880000000001,"velocity":230.1622456,"heading":281.74,"onGround":false,"type":"B752","desc":"","military":false}},{"type":"Feature","geometry":{"type":"Point","coordinates":[-103.155809,41.535676]},"properties":{"callsign":"DAL1705","hex":"a01b56","origin":"","altitude":10317.480000000001,"velocity":238.8049048,"heading":181.48,"onGround":false,"type":"A321","desc":"","military":false}},{"type":"Feature","geometry":{"type":"Point","coordinates":[-103.143831,40.333045]},"properties":{"callsign":"SWA235","hex":"ac04d3","origin":"","altitude":8808.720000000001,"velocity":204.49149,"heading":255.58,"onGround":false,"type":"B38M","desc":"","military":false}},{"type":"Feature","geometry":{"type":"Point","coordinates":[-103.090449,37.129553]},"properties":{"callsign":"AAY43","hex":"a1ad44","origin":"","altitude":11689.08,"velocity":218.1757004,"heading":246.52,"onGround":false,"type":"A320","desc":"","military":false}},{"type":"Feature","geometry":{"type":"Point","coordinates":[-102.979119,37.272308]},"properties":{"callsign":"SWA4289","hex":"ac8777","origin":"","altitude":12291.060000000001,"velocity":213.237038,"heading":240.84,"onGround":false,"type":"B737","desc":"","military":false}},{"type":"Feature","geometry":{"type":"Point","coordinates":[-102.923564,37.100737]},"properties":{"callsign":"KOW102","hex":"a00e0d","origin":"","altitude":13228.320000000002,"velocity":218.6901444,"heading":249.05,"onGround":false,"type":"C750","desc":"","military":false}},{"type":"Feature","geometry":{"type":"Point","coordinates":[-102.852539,38.494883]},"properties":{"callsign":"AAY658","hex":"a2ab73","origin":"","altitude":11650.980000000001,"velocity":207.5267096,"heading":222.79,"onGround":false,"type":"A320","desc":"","military":false}},{"type":"Feature","geometry":{"type":"Point","coordinates":[-102.793267,40.788419]},"properties":{"callsign":"DAL424","hex":"a6dbf3","origin":"","altitude":10690.86,"velocity":206.6521548,"heading":242.1,"onGround":false,"type":"A21N","desc":"","military":false}},{"type":"Feature","geometry":{"type":"Point","coordinates":[-102.688552,37.761499]},"properties":{"callsign":"JBU387","hex":"adabfe","origin":"","altitude":11658.6,"velocity":219.30747720000002,"heading":265.56,"onGround":false,"type":"A321","desc":"","military":false}},{"type":"Feature","geometry":{"type":"Point","coordinates":[-102.589055,41.647541]},"properties":{"callsign":"AAL3323","hex":"ad45a4","origin":"","altitude":10957.560000000001,"velocity":215.8607024,"heading":263.57,"onGround":false,"type":"A21N","desc":"","military":false}},{"type":"Feature","geometry":{"type":"Point","coordinates":[-102.501785,37.435401]},"properties":{"callsign":"SWA3878","hex":"ac3a60","origin":"","altitude":12298.68,"velocity":214.57459240000003,"heading":260.2,"onGround":false,"type":"B38M","desc":"","military":false}},{"type":"Feature","geometry":{"type":"Point","coordinates":[-102.47716,40.461529]},"properties":{"callsign":"UAL1792","hex":"a12b4d","origin":"","altitude":11506.2,"velocity":208.9671528,"heading":255.9,"onGround":false,"type":"Unknown","desc":"","military":false}},{"type":"Feature","geometry":{"type":"Point","coordinates":[-102.336273,40.248553]},"properties":{"callsign":"SKW5389","hex":"a193aa","origin":"","altitude":8564.880000000001,"velocity":240.245348,"heading":78.76,"onGround":false,"type":"E75L","desc":"","military":false}},{"type":"Feature","geometry":{"type":"Point","coordinates":[-102.282028,40.263403]},"properties":{"callsign":"DAL752","hex":"ab6c08","origin":"","altitude":11650.980000000001,"velocity":221.77680840000002,"heading":259.58,"onGround":false,"type":"B764","desc":"","military":false}},{"type":"Feature","geometry":{"type":"Point","coordinates":[-102.262939,39.61763]},"properties":{"callsign":"SWA2387","hex":"abb271","origin":"","altitude":11308.08,"velocity":249.6082288,"heading":96.63,"onGround":false,"type":"B738","desc":"","military":false}},{"type":"Feature","geometry":{"type":"Point","coordinates":[-102.248562,39.683304]},"properties":{"callsign":"UAL8223","hex":"a2b47f","origin":"","altitude":11628.12,"velocity":215.809258,"heading":261.64,"onGround":false,"type":"B38M","desc":"","military":false}},{"type":"Feature","geometry":{"type":"Point","coordinates":[-102.21626,39.447601]},"properties":{"callsign":"AAL2630","hex":"ac02b4","origin":"","altitude":12275.820000000002,"velocity":216.7352572,"heading":278.19,"onGround":false,"type":"B738","desc":"","military":false}},{"type":"Feature","geometry":{"type":"Point","coordinates":[-101.976758,41.539027]},"properties":{"callsign":"N680WP","hex":"a90539","origin":"","altitude":13129.26,"velocity":260.823108,"heading":79.2,"onGround":false,"type":"C680","desc":"","military":false}},{"type":"Feature","geometry":{"type":"Point","coordinates":[-101.629278,40.930357]},"properties":{"callsign":"BAW9SW","hex":"406590","origin":"","altitude":11292.84,"velocity":281.91531200000003,"heading":64.6,"onGround":false,"type":"B77W","desc":"","military":false}},{"type":"Feature","geometry":{"type":"Point","coordinates":[-101.609563,39.203934]},"properties":{"callsign":"CAL5346","hex":"8990ee","origin":"","altitude":11963.400000000001,"velocity":262.2121068,"heading":99.94,"onGround":false,"type":"B77L","desc":"","military":false}},{"type":"Feature","geometry":{"type":"Point","coordinates":[-101.547424,40.365829]},"properties":{"callsign":"SKW404L","hex":"a58dc2","origin":"","altitude":8138.160000000001,"velocity":246.418676,"heading":79.53,"onGround":false,"type":"CRJ2","desc":"","military":false}},{"type":"Feature","geometry":{"type":"Point","coordinates":[-101.387573,39.742949]},"properties":{"callsign":"SWA2030","hex":"abbd73","origin":"","altitude":13167.36,"velocity":261.337552,"heading":61.16,"onGround":false,"type":"B738","desc":"","military":false}},{"type":"Feature","geometry":{"type":"Point","coordinates":[-101.263929,43.592772]},"properties":{"callsign":"UAL1558","hex":"a3c3e0","origin":"","altitude":11513.82,"velocity":208.81281959999998,"heading":264.49,"onGround":false,"type":"B752","desc":"","military":false}},{"type":"Feature","geometry":{"type":"Point","coordinates":[-101.253344,39.508713]},"properties":{"callsign":"SWA4566","hex":"abb579","origin":"","altitude":12862.560000000001,"velocity":244.103678,"heading":106.91,"onGround":false,"type":"B738","desc":"","military":false}},{"type":"Feature","geometry":{"type":"Point","coordinates":[-101.212402,40.310532]},"properties":{"callsign":"SWA1579","hex":"ab5bd4","origin":"","altitude":12245.34,"velocity":205.4174892,"heading":292.84,"onGround":false,"type":"B738","desc":"","military":false}},{"type":"Feature","geometry":{"type":"Point","coordinates":[-101.19176,40.71482]},"properties":{"callsign":"LXJ343","hex":"a3c906","origin":"","altitude":14348.460000000001,"velocity":201.6106036,"heading":253.09,"onGround":false,"type":"E545","desc":"","military":false}},{"type":"Feature","geometry":{"type":"Point","coordinates":[-101.047607,39.529786]},"properties":{"callsign":"SKW4638","hex":"a1b519","origin":"","altitude":9075.42,"velocity":196.1060528,"heading":254.32,"onGround":false,"type":"E75L","desc":"","military":false}},{"type":"Feature","geometry":{"type":"Point","coordinates":[-100.888601,43.612061]},"properties":{"callsign":"SWA265","hex":"ac0f03","origin":"","altitude":10881.36,"velocity":197.1349408,"heading":281.13,"onGround":false,"type":"B38M","desc":"","military":false}},{"type":"Feature","geometry":{"type":"Point","coordinates":[-100.79021,37.897385]},"properties":{"callsign":"SWA1347","hex":"ac1a72","origin":"","altitude":11666.220000000001,"velocity":227.1784704,"heading":248.2,"onGround":false,"type":"B38M","desc":"","military":false}},{"type":"Feature","geometry":{"type":"Point","coordinates":[-100.645215,38.963333]},"properties":{"callsign":"FFT2996","hex":"a45210","origin":"","altitude":11978.640000000001,"velocity":240.0910148,"heading":134.31,"onGround":false,"type":"A20N","desc":"","military":false}},{"type":"Feature","geometry":{"type":"Point","coordinates":[-100.382558,37.341226]},"properties":{"callsign":"N63NM","hex":"a83c9b","origin":"","altitude":13815.060000000001,"velocity":220.0276988,"heading":303.17,"onGround":false,"type":"GLF4","desc":"","military":false}},{"type":"Feature","geometry":{"type":"Point","coordinates":[-100.24188,40.541459]},"properties":{"callsign":"SWA3461","hex":"ac6993","origin":"","altitude":11612.880000000001,"velocity":201.3019372,"heading":260.59,"onGround":false,"type":"B38M","desc":"","military":false}},{"type":"Feature","geometry":{"type":"Point","coordinates":[-100.232245,37.806335]},"properties":{"callsign":"N107JG","hex":"a01f84","origin":"","altitude":11772.900000000001,"velocity":208.65848640000002,"heading":93.11,"onGround":false,"type":"C525","desc":"","military":false}},{"type":"Feature","geometry":{"type":"Point","coordinates":[-99.973159,41.516682]},"properties":{"callsign":"ASA287","hex":"a9aebc","origin":"","altitude":10949.94,"velocity":206.9093768,"heading":255.31,"onGround":false,"type":"B39M","desc":"","military":false}},{"type":"Feature","geometry":{"type":"Point","coordinates":[-99.78786,42.218318]},"properties":{"callsign":"N969WR","hex":"ad7f99","origin":"","altitude":12809.220000000001,"velocity":191.88761200000002,"heading":244.26,"onGround":false,"type":"G280","desc":"","military":false}},{"type":"Feature","geometry":{"type":"Point","coordinates":[-99.723025,41.333406]},"properties":{"callsign":"SWR41G","hex":"4b191c","origin":"","altitude":10637.52,"velocity":282.9442,"heading":70.68,"onGround":false,"type":"B77W","desc":"","military":false}},{"type":"Feature","geometry":{"type":"Point","coordinates":[-99.493286,38.670758]},"properties":{"callsign":"SKW4805","hex":"a0cbd6","origin":"","altitude":11978.640000000001,"velocity":250.8428944,"heading":120.98,"onGround":false,"type":"E75L","desc":"","military":false}},{"type":"Feature","geometry":{"type":"Point","coordinates":[-99.444275,39.454791]},"properties":{"callsign":"AAL1823","hex":"a09cad","origin":"","altitude":10355.58,"velocity":203.0510468,"heading":252.3,"onGround":false,"type":"A321","desc":"","military":false}},{"type":"Feature","geometry":{"type":"Point","coordinates":[-99.324584,41.726257]},"properties":{"callsign":"UAL329","hex":"a2452c","origin":"","altitude":9677.4,"velocity":223.52591800000002,"heading":254.65,"onGround":false,"type":"A21N","desc":"","military":false}},{"type":"Feature","geometry":{"type":"Point","coordinates":[-99.026671,36.36847]},"properties":{"callsign":"SKW3703","hex":"a324b0","origin":"","altitude":9380.220000000001,"velocity":238.5991272,"heading":129.66,"onGround":false,"type":"E75L","desc":"","military":false}},{"type":"Feature","geometry":{"type":"Point","coordinates":[-98.877431,38.776749]},"properties":{"callsign":"DAL2317","hex":"a44d62","origin":"","altitude":12595.86,"velocity":253.36367,"heading":115.11,"onGround":false,"type":"B738","desc":"","military":false}},{"type":"Feature","geometry":{"type":"Point","coordinates":[-98.872864,39.840429]},"properties":{"callsign":"AAY417","hex":"a35336","origin":"","altitude":11643.36,"velocity":210.5619292,"heading":259.16,"onGround":false,"type":"A319","desc":"","military":false}},{"type":"Feature","geometry":{"type":"Point","coordinates":[-98.800964,40.742935]},"properties":{"callsign":"DAL685","hex":"a7a17b","origin":"","altitude":10980.42,"velocity":214.47170359999998,"heading":239.44,"onGround":false,"type":"A21N","desc":"","military":false}},{"type":"Feature","geometry":{"type":"Point","coordinates":[-98.741176,38.575058]},"properties":{"callsign":"FFT2445","hex":"a8295d","origin":"","altitude":10386.060000000001,"velocity":225.9438048,"heading":247.93,"onGround":false,"type":"A21N","desc":"","military":false}},{"type":"Feature","geometry":{"type":"Point","coordinates":[-98.72768,41.858469]},"properties":{"callsign":"UAL2106","hex":"a0b820","origin":"","altitude":10302.24,"velocity":214.1115928,"heading":258.64,"onGround":false,"type":"A21N","desc":"","military":false}},{"type":"Feature","geometry":{"type":"Point","coordinates":[-98.692406,36.463344]},"properties":{"callsign":"EJA623","hex":"a822d1","origin":"","altitude":13830.300000000001,"velocity":213.9058152,"heading":309.24,"onGround":false,"type":"C68A","desc":"","military":false}},{"type":"Feature","geometry":{"type":"Point","coordinates":[-98.44928,38.993085]},"properties":{"callsign":"SWA2448","hex":"abc432","origin":"","altitude":11330.94,"velocity":259.1768872,"heading":82.93,"onGround":false,"type":"B738","desc":"","military":false}},{"type":"Feature","geometry":{"type":"Point","coordinates":[-98.330695,41.646927]},"properties":{"callsign":"UAL8150","hex":"a24573","origin":"","altitude":10957.560000000001,"velocity":205.7776,"heading":260.94,"onGround":false,"type":"A21N","desc":"","military":false}},{"type":"Feature","geometry":{"type":"Point","coordinates":[-98.161289,38.70488]},"properties":{"callsign":"DAL784","hex":"a6c70f","origin":"","altitude":11673.84,"velocity":218.8444776,"heading":250.5,"onGround":false,"type":"A21N","desc":"","military":false}},{"type":"Feature","geometry":{"type":"Point","coordinates":[-98.097043,38.055477]},"properties":{"callsign":"N511MT","hex":"a6664b","origin":"","altitude":1325.88,"velocity":68.2152744,"heading":119.85,"onGround":false,"type":"B407","desc":"","military":false}},{"type":"Feature","geometry":{"type":"Point","coordinates":[-98.085427,41.940168]},"properties":{"callsign":"UAL1813","hex":"a288e4","origin":"","altitude":10317.480000000001,"velocity":214.6260368,"heading":255.56,"onGround":false,"type":"B738","desc":"","military":false}},{"type":"Feature","geometry":{"type":"Point","coordinates":[-97.710253,38.171159]},"properties":{"callsign":"UAL1757","hex":"ab0fa7","origin":"","altitude":12923.52,"velocity":241.94301320000002,"heading":276.84,"onGround":false,"type":"Unknown","desc":"","military":false}},{"type":"Feature","geometry":{"type":"Point","coordinates":[-97.604711,43.488144]},"properties":{"callsign":"N911MN","hex":"ac9b82","origin":"","altitude":5074.92,"velocity":126.24455760000001,"heading":259.19,"onGround":false,"type":"PC12","desc":"","military":false}},{"type":"Feature","geometry":{"type":"Point","coordinates":[-97.560254,41.967634]},"properties":{"callsign":"FFT1483","hex":"a9969b","origin":"","altitude":11567.16,"velocity":200.375938,"heading":258,"onGround":false,"type":"A321","desc":"","military":false}},{"type":"Feature","geometry":{"type":"Point","coordinates":[-97.315025,37.02301]},"properties":{"callsign":"N7947G","hex":"aaca35","origin":"","altitude":2705.1,"velocity":43.213296,"heading":269.32,"onGround":false,"type":"C172","desc":"","military":false}},{"type":"Feature","geometry":{"type":"Point","coordinates":[-97.227631,40.577072]},"properties":{"callsign":"SWA4105","hex":"abb205","origin":"","altitude":11285.220000000001,"velocity":258.3537768,"heading":83.48,"onGround":false,"type":"B738","desc":"","military":false}},{"type":"Feature","geometry":{"type":"Point","coordinates":[-97.196167,39.957321]},"properties":{"callsign":"SWA3089","hex":"a302a0","origin":"","altitude":10462.26,"velocity":259.6398868,"heading":74.37,"onGround":false,"type":"B737","desc":"","military":false}},{"type":"Feature","geometry":{"type":"Point","coordinates":[-97.071553,38.886383]},"properties":{"callsign":"UAL602J","hex":"a12a82","origin":"","altitude":11650.980000000001,"velocity":216.2208132,"heading":251.69,"onGround":false,"type":"B39M","desc":"","military":false}},{"type":"Feature","geometry":{"type":"Point","coordinates":[-96.817733,38.839645]},"properties":{"callsign":"JBU491","hex":"a96ba2","origin":"","altitude":11010.900000000001,"velocity":216.7867016,"heading":254.45,"onGround":false,"type":"A320","desc":"","military":false}},{"type":"Feature","geometry":{"type":"Point","coordinates":[-96.791888,37.250839]},"properties":{"callsign":"DAL956","hex":"a486d8","origin":"","altitude":11033.76,"velocity":232.4257992,"heading":306.54,"onGround":false,"type":"A321","desc":"","military":false}},{"type":"Feature","geometry":{"type":"Point","coordinates":[-96.718976,38.574417]},"properties":{"callsign":"SKW5687","hex":"a038ff","origin":"","altitude":11330.94,"velocity":239.4222376,"heading":113.42,"onGround":false,"type":"E75L","desc":"","military":false}},{"type":"Feature","geometry":{"type":"Point","coordinates":[-96.117824,40.81109]},"properties":{"callsign":"SKW4644","hex":"a0f355","origin":"","altitude":3162.3,"velocity":146.4622068,"heading":6.25,"onGround":false,"type":"E75L","desc":"","military":false}},{"type":"Feature","geometry":{"type":"Point","coordinates":[-96.011438,42.330462]},"properties":{"callsign":"KFB396","hex":"a49a50","origin":"","altitude":14241.78,"velocity":256.8104448,"heading":37.51,"onGround":false,"type":"GLF4","desc":"","military":false}},{"type":"Feature","geometry":{"type":"Point","coordinates":[-95.876831,41.282913]},"properties":{"callsign":"SKW3706","hex":"a2845b","origin":"","altitude":358.14000000000004,"velocity":67.0834976,"heading":324.36,"onGround":false,"type":"E75L","desc":"","military":false}},{"type":"Feature","geometry":{"type":"Point","coordinates":[-95.856648,37.437973]},"properties":{"callsign":"JBU97","hex":"a37fd3","origin":"","altitude":11658.6,"velocity":226.7669152,"heading":301.45,"onGround":false,"type":"BCS3","desc":"","military":false}},{"type":"Feature","geometry":{"type":"Point","coordinates":[-95.775146,38.958544]},"properties":{"callsign":"AAL3047","hex":"ac7216","origin":"","altitude":11643.36,"velocity":223.52591800000002,"heading":247.68,"onGround":false,"type":"A319","desc":"","military":false}},{"type":"Feature","geometry":{"type":"Point","coordinates":[-95.713657,41.789385]},"properties":{"callsign":"ABX3111","hex":"a0ad6c","origin":"","altitude":11559.54,"velocity":209.32726359999998,"heading":264.5,"onGround":false,"type":"B763","desc":"","military":false}},{"type":"Feature","geometry":{"type":"Point","coordinates":[-95.57818,42.361373]},"properties":{"callsign":"SYB967","hex":"c01002","origin":"","altitude":14317.980000000001,"velocity":261.4404408,"heading":79.69,"onGround":false,"type":"CL35","desc":"","military":false}},{"type":"Feature","geometry":{"type":"Point","coordinates":[-95.544373,41.248215]},"properties":{"callsign":"EDV4900","hex":"ac8b43","origin":"","altitude":1661.16,"velocity":141.7807664,"heading":238.5,"onGround":false,"type":"CRJ9","desc":"","military":false}},{"type":"Feature","geometry":{"type":"Point","coordinates":[-95.485521,39.296906]},"properties":{"callsign":"UAL3757","hex":"ac0831","origin":"","altitude":7132.320000000001,"velocity":187.30906040000002,"heading":271.1,"onGround":false,"type":"B39M","desc":"","military":false}},{"type":"Feature","geometry":{"type":"Point","coordinates":[-95.436829,40.661819]},"properties":{"callsign":"N2745G","hex":"a2b866","origin":"","altitude":2499.36,"velocity":90.6964772,"heading":331.55,"onGround":false,"type":"C414","desc":"","military":false}},{"type":"Feature","geometry":{"type":"Point","coordinates":[-95.37854,38.461412]},"properties":{"callsign":"N407MD","hex":"a4c7b9","origin":"","altitude":1440.18,"velocity":53.9137312,"heading":228.09,"onGround":false,"type":"C172","desc":"","military":false}},{"type":"Feature","geometry":{"type":"Point","coordinates":[-95.166199,41.358719]},"properties":{"callsign":"UAL2800","hex":"a05dbc","origin":"","altitude":11620.5,"velocity":211.7965948,"heading":261.34,"onGround":false,"type":"B738","desc":"","military":false}},{"type":"Feature","geometry":{"type":"Point","coordinates":[-154.611827,60.507339]},"properties":{"callsign":"GTI8373","hex":"a561fd","origin":"","altitude":10142.220000000001,"velocity":255.5243348,"heading":75.54,"onGround":false,"type":"B744","desc":"","military":false}},{"type":"Feature","geometry":{"type":"Point","coordinates":[-153.262213,60.680695]},"properties":{"callsign":"NCA134","hex":"846a5b","origin":"","altitude":8465.82,"velocity":241.6857912,"heading":76.08,"onGround":false,"type":"B748","desc":"","military":false}},{"type":"Feature","geometry":{"type":"Point","coordinates":[-152.592833,57.644845]},"properties":{"callsign":"N2884M","hex":"a2eea3","origin":"","altitude":647.7,"velocity":78.8128208,"heading":29.74,"onGround":false,"type":"PA32","desc":"","military":false}},{"type":"Feature","geometry":{"type":"Point","coordinates":[-151.810652,60.844985]},"properties":{"callsign":"GTI860D","hex":"a95ca4","origin":"","altitude":4747.26,"velocity":195.1286092,"heading":78.75,"onGround":false,"type":"B77L","desc":"","military":false}},{"type":"Feature","geometry":{"type":"Point","coordinates":[-151.583964,61.260464]},"properties":{"callsign":"FDX5388","hex":"ac297b","origin":"","altitude":7688.580000000001,"velocity":232.01424400000002,"heading":276.62,"onGround":false,"type":"B77L","desc":"","military":false}},{"type":"Feature","geometry":{"type":"Point","coordinates":[-151.247832,60.565281]},"properties":{"callsign":"GUN4TH","hex":"aaf26a","origin":"","altitude":0,"velocity":0,"heading":14.06,"onGround":true,"type":"C208","desc":"","military":false}},{"type":"Feature","geometry":{"type":"Point","coordinates":[-151.064474,60.725693]},"properties":{"callsign":"N611GV","hex":"a7f31f","origin":"","altitude":632.46,"velocity":83.5457056,"heading":211.15,"onGround":false,"type":"C208","desc":"","military":false}},{"type":"Feature","geometry":{"type":"Point","coordinates":[-150.710828,60.444397]},"properties":{"callsign":"SRY1404","hex":"aa11d3","origin":"","altitude":4488.18,"velocity":192.35061159999998,"heading":26.36,"onGround":false,"type":"Unknown","desc":"","military":false}},{"type":"Feature","geometry":{"type":"Point","coordinates":[-150.3243,61.154883]},"properties":{"callsign":"ASA1333","hex":"aba152","origin":"","altitude":1356.3600000000001,"velocity":141.88365520000002,"heading":235.04,"onGround":false,"type":"Unknown","desc":"","military":false}},{"type":"Feature","geometry":{"type":"Point","coordinates":[-150.13031,61.40459]},"properties":{"callsign":"AAL375","hex":"a5ac3b","origin":"","altitude":937.26,"velocity":111.78868120000001,"heading":163.15,"onGround":false,"type":"A21N","desc":"","military":false}},{"type":"Feature","geometry":{"type":"Point","coordinates":[-150.079226,61.167755]},"properties":{"callsign":"ASA1612","hex":"a613e0","origin":"","altitude":434.34000000000003,"velocity":96.715472,"heading":270,"onGround":false,"type":"B739","desc":"","military":false}},{"type":"Feature","geometry":{"type":"Point","coordinates":[-150.058797,61.242076]},"properties":{"callsign":"N7921C","hex":"aac1f1","origin":"","altitude":76.2,"velocity":54.531064,"heading":33.84,"onGround":false,"type":"R44","desc":"","military":false}},{"type":"Feature","geometry":{"type":"Point","coordinates":[-150.035044,61.171212]},"properties":{"callsign":"CKS206","hex":"aa7bd6","origin":"","altitude":0,"velocity":1.4404432,"heading":270,"onGround":true,"type":"B77L","desc":"","military":false}},{"type":"Feature","geometry":{"type":"Point","coordinates":[-150.004504,61.171257]},"properties":{"callsign":"OPS3","hex":"ab47d1","origin":"","altitude":0,"velocity":13.632766,"heading":270,"onGround":true,"type":"Unknown","desc":"","military":false}},{"type":"Feature","geometry":{"type":"Point","coordinates":[-150.003789,61.186807]},"properties":{"callsign":"FDX6405","hex":"abab90","origin":"","altitude":0,"velocity":9.517214000000001,"heading":345.94,"onGround":true,"type":"B77L","desc":"","military":false}},{"type":"Feature","geometry":{"type":"Point","coordinates":[-149.99822,61.186981]},"properties":{"callsign":"CKS531","hex":"aa5f7c","origin":"","altitude":0,"velocity":0,"heading":345.94,"onGround":true,"type":"B744","desc":"","military":false}},{"type":"Feature","geometry":{"type":"Point","coordinates":[-149.995524,61.172108]},"properties":{"callsign":"N929TG","hex":"ace149","origin":"","altitude":45.72,"velocity":12.8611,"heading":163.74,"onGround":false,"type":"C208","desc":"","military":false}},{"type":"Feature","geometry":{"type":"Point","coordinates":[-149.986823,61.174324]},"properties":{"callsign":"DAL928","hex":"a38c66","origin":"","altitude":0,"velocity":0,"heading":73.12,"onGround":true,"type":"BCS3","desc":"","military":false}},{"type":"Feature","geometry":{"type":"Point","coordinates":[-149.97976,61.171967]},"properties":{"callsign":"N795J","hex":"aacb60","origin":"","altitude":0,"velocity":0,"heading":250.31,"onGround":true,"type":"C208","desc":"","military":false}},{"type":"Feature","geometry":{"type":"Point","coordinates":[-149.979019,61.165241]},"properties":{"callsign":"RIV52","hex":"ab6074","origin":"","altitude":0,"velocity":0,"heading":0,"onGround":true,"type":"Unknown","desc":"","military":false}},{"type":"Feature","geometry":{"type":"Point","coordinates":[-149.978561,61.165358]},"properties":{"callsign":"ENG54","hex":"ab67e2","origin":"","altitude":0,"velocity":0,"heading":0,"onGround":true,"type":"Unknown","desc":"","military":false}},{"type":"Feature","geometry":{"type":"Point","coordinates":[-149.978387,61.165272]},"properties":{"callsign":"ENG58","hex":"ab76be","origin":"","altitude":0,"velocity":0,"heading":0,"onGround":true,"type":"Unknown","desc":"","military":false}},{"type":"Feature","geometry":{"type":"Point","coordinates":[-149.978093,61.165249]},"properties":{"callsign":"ENG56","hex":"ab6f50","origin":"","altitude":0,"velocity":0,"heading":0,"onGround":true,"type":"Unknown","desc":"","military":false}},{"type":"Feature","geometry":{"type":"Point","coordinates":[-149.970417,61.168774]},"properties":{"callsign":"UAL363","hex":"a5cc19","origin":"","altitude":0,"velocity":4.0126632,"heading":250.31,"onGround":true,"type":"B38M","desc":"","military":false}},{"type":"Feature","geometry":{"type":"Point","coordinates":[-149.970398,61.374051]},"properties":{"callsign":"CKS936","hex":"a97c49","origin":"","altitude":2400.3,"velocity":127.8907784,"heading":344.85,"onGround":false,"type":"B744","desc":"","military":false}},{"type":"Feature","geometry":{"type":"Point","coordinates":[-149.968084,61.170711]},"properties":{"callsign":"AAL399","hex":"a4b41c","origin":"","altitude":0,"velocity":0,"heading":182.81,"onGround":true,"type":"A21N","desc":"","military":false}},{"type":"Feature","geometry":{"type":"Point","coordinates":[-149.939607,61.024384]},"properties":{"callsign":"UAL450","hex":"a4418c","origin":"","altitude":3223.26,"velocity":143.1183208,"heading":99.94,"onGround":false,"type":"B38M","desc":"","military":false}},{"type":"Feature","geometry":{"type":"Point","coordinates":[-149.578269,61.273178]},"properties":{"callsign":"DAL377","hex":"a91d8e","origin":"","altitude":3406.1400000000003,"velocity":153.9216448,"heading":276.91,"onGround":false,"type":"B752","desc":"","military":false}},{"type":"Feature","geometry":{"type":"Point","coordinates":[-149.246815,61.253586]},"properties":{"callsign":"ASA1613","hex":"a81dbc","origin":"","altitude":4282.4400000000005,"velocity":176.29995879999998,"heading":277.21,"onGround":false,"type":"B737","desc":"","military":false}},{"type":"Feature","geometry":{"type":"Point","coordinates":[-149.080881,63.969406]},"properties":{"callsign":"N68MN","hex":"a901fe","origin":"","altitude":1173.48,"velocity":72.4851596,"heading":151.62,"onGround":false,"type":"BE20","desc":"","military":false}},{"type":"Feature","geometry":{"type":"Point","coordinates":[-148.73497,60.853737]},"properties":{"callsign":"DAL416","hex":"a14104","origin":"","altitude":7056.120000000001,"velocity":209.94459640000002,"heading":110.21,"onGround":false,"type":"B763","desc":"","military":false}},{"type":"Feature","geometry":{"type":"Point","coordinates":[-148.672191,61.172287]},"properties":{"callsign":"CAL5225","hex":"8990a5","origin":"","altitude":5440.68,"velocity":204.23426800000001,"heading":290.03,"onGround":false,"type":"B77L","desc":"","military":false}},{"type":"Feature","geometry":{"type":"Point","coordinates":[-148.382329,61.116394]},"properties":{"callsign":"FDX6017","hex":"abd30f","origin":"","altitude":6431.280000000001,"velocity":193.173722,"heading":294.38,"onGround":false,"type":"B77L","desc":"","military":false}},{"type":"Feature","geometry":{"type":"Point","coordinates":[-147.077479,60.803879]},"properties":{"callsign":"UPS51","hex":"a84343","origin":"","altitude":10835.640000000001,"velocity":248.1677856,"heading":298.74,"onGround":false,"type":"B748","desc":"","military":false}},{"type":"Feature","geometry":{"type":"Point","coordinates":[-146.33988,60.718735]},"properties":{"callsign":"CAL5240","hex":"899104","origin":"","altitude":10408.92,"velocity":270.2888776,"heading":82.56,"onGround":false,"type":"B744","desc":"","military":false}},{"type":"Feature","geometry":{"type":"Point","coordinates":[-145.460358,60.354371]},"properties":{"callsign":"ASA70","hex":"a7e151","origin":"","altitude":12352.02,"velocity":248.78511840000002,"heading":105.96,"onGround":false,"type":"B737","desc":"","military":false}},{"type":"Feature","geometry":{"type":"Point","coordinates":[-144.861799,60.153219]},"properties":{"callsign":"ASA661","hex":"acb824","origin":"","altitude":10812.78,"velocity":233.1974652,"heading":300.64,"onGround":false,"type":"B39M","desc":"","military":false}},{"type":"Feature","geometry":{"type":"Point","coordinates":[-144.629801,60.136551]},"properties":{"callsign":"FDX6427","hex":"ac148f","origin":"","altitude":11117.58,"velocity":264.93866,"heading":101.88,"onGround":false,"type":"B77L","desc":"","military":false}},{"type":"Feature","geometry":{"type":"Point","coordinates":[-144.243101,60.213547]},"properties":{"callsign":"NCR832","hex":"aabfa6","origin":"","altitude":10477.5,"velocity":272.0379872,"heading":104.9,"onGround":false,"type":"B77L","desc":"","military":false}},{"type":"Feature","geometry":{"type":"Point","coordinates":[-143.308411,61.753418]},"properties":{"callsign":"ASA1535","hex":"aaed0c","origin":"","altitude":11117.58,"velocity":270.0316556,"heading":76.33,"onGround":false,"type":"B38M","desc":"","military":false}},{"type":"Feature","geometry":{"type":"Point","coordinates":[-6.176453,51.769533]},"properties":{"callsign":"TAP27UZ","hex":"49520f","origin":"","altitude":9486.9,"velocity":259.3312204,"heading":167.98,"onGround":false,"type":"E190","desc":"","military":false}},{"type":"Feature","geometry":{"type":"Point","coordinates":[-6.016388,52.047089]},"properties":{"callsign":"BAW216","hex":"400774","origin":"","altitude":12451.08,"velocity":270.340322,"heading":110.26,"onGround":false,"type":"B772","desc":"","military":false}},{"type":"Feature","geometry":{"type":"Point","coordinates":[-5.520554,52.758682]},"properties":{"callsign":"ELY002","hex":"738073","origin":"","altitude":11193.78,"velocity":287.6256404,"heading":115.42,"onGround":false,"type":"B772","desc":"","military":false}},{"type":"Feature","geometry":{"type":"Point","coordinates":[-5.406952,51.620147]},"properties":{"callsign":"BAW40F","hex":"407993","origin":"","altitude":11529.060000000001,"velocity":271.6778764,"heading":95.11,"onGround":false,"type":"B77W","desc":"","military":false}},{"type":"Feature","geometry":{"type":"Point","coordinates":[-5.25098,53.294864]},"properties":{"callsign":"AFR345M","hex":"3949f4","origin":"","altitude":12405.36,"velocity":280.629202,"heading":104.98,"onGround":false,"type":"B772","desc":"","military":false}},{"type":"Feature","geometry":{"type":"Point","coordinates":[-4.831535,51.672958]},"properties":{"callsign":"DAL90","hex":"ab6851","origin":"","altitude":11186.16,"velocity":259.9485532,"heading":97.5,"onGround":false,"type":"B764","desc":"","military":false}},{"type":"Feature","geometry":{"type":"Point","coordinates":[-4.643283,49.954229]},"properties":{"callsign":"UAL915","hex":"a1f557","origin":"","altitude":11871.960000000001,"velocity":274.8674292,"heading":125.86,"onGround":false,"type":"B772","desc":"","military":false}},{"type":"Feature","geometry":{"type":"Point","coordinates":[-4.627991,52.340698]},"properties":{"callsign":"MSR995","hex":"0101db","origin":"","altitude":11490.960000000001,"velocity":221.0565868,"heading":292.15,"onGround":false,"type":"B789","desc":"","military":false}},{"type":"Feature","geometry":{"type":"Point","coordinates":[-4.538076,49.206507]},"properties":{"callsign":"AAL110","hex":"ab5257","origin":"","altitude":12489.18,"velocity":272.75820880000003,"heading":126.72,"onGround":false,"type":"B789","desc":"","military":false}},{"type":"Feature","geometry":{"type":"Point","coordinates":[-3.971024,52.260727]},"properties":{"callsign":"ACA896","hex":"c01723","origin":"","altitude":11178.54,"velocity":284.487532,"heading":118.28,"onGround":false,"type":"B77W","desc":"","military":false}},{"type":"Feature","geometry":{"type":"Point","coordinates":[-3.958864,49.547595]},"properties":{"callsign":"SWR5153","hex":"4b187a","origin":"","altitude":13075.92,"velocity":230.5738008,"heading":100.28,"onGround":false,"type":"A333","desc":"","military":false}},{"type":"Feature","geometry":{"type":"Point","coordinates":[-3.944655,48.079337]},"properties":{"callsign":"DAL222","hex":"a50370","origin":"","altitude":12489.18,"velocity":251.76889359999998,"heading":115.15,"onGround":false,"type":"A339","desc":"","military":false}},{"type":"Feature","geometry":{"type":"Point","coordinates":[-3.377825,53.215714]},"properties":{"callsign":"ACA854","hex":"c01754","origin":"","altitude":10805.16,"velocity":287.47130719999996,"heading":105.68,"onGround":false,"type":"B77W","desc":"","military":false}},{"type":"Feature","geometry":{"type":"Point","coordinates":[-3.301549,52.163319]},"properties":{"callsign":"FDX48","hex":"ac3857","origin":"","altitude":12390.12,"velocity":269.3628784,"heading":124.02,"onGround":false,"type":"B77L","desc":"","military":false}},{"type":"Feature","geometry":{"type":"Point","coordinates":[-3.192941,54.075348]},"properties":{"callsign":"EZY41MV","hex":"408388","origin":"","altitude":9197.34,"velocity":239.5251264,"heading":160.16,"onGround":false,"type":"A21N","desc":"","military":false}},{"type":"Feature","geometry":{"type":"Point","coordinates":[-3.00688,52.896842]},"properties":{"callsign":"UAL994","hex":"a05669","origin":"","altitude":11125.2,"velocity":280.98931280000005,"heading":105.61,"onGround":false,"type":"B78X","desc":"","military":false}},{"type":"Feature","geometry":{"type":"Point","coordinates":[-2.895447,52.112204]},"properties":{"callsign":"AFR337P","hex":"39cf0c","origin":"","altitude":12961.62,"velocity":274.970318,"heading":124.4,"onGround":false,"type":"A359","desc":"","military":false}},{"type":"Feature","geometry":{"type":"Point","coordinates":[-2.866098,52.899589]},"properties":{"callsign":"RYR1U","hex":"4d2240","origin":"","altitude":5196.84,"velocity":208.2469312,"heading":176.32,"onGround":false,"type":"B738","desc":"","military":false}},{"type":"Feature","geometry":{"type":"Point","coordinates":[-2.861898,53.335399]},"properties":{"callsign":"EXS621F","hex":"40803c","origin":"","altitude":0,"velocity":1.4404432,"heading":177.19,"onGround":true,"type":"B738","desc":"","military":false}},{"type":"Feature","geometry":{"type":"Point","coordinates":[-2.855131,53.336758]},"properties":{"callsign":"EZY83QF","hex":"408053","origin":"","altitude":0,"velocity":0,"heading":354.38,"onGround":true,"type":"A20N","desc":"","military":false}},{"type":"Feature","geometry":{"type":"Point","coordinates":[-2.840834,53.335714]},"properties":{"callsign":"RUK997J","hex":"4ca24c","origin":"","altitude":0,"velocity":6.7906607999999995,"heading":84.38,"onGround":true,"type":"B738","desc":"","military":false}},{"type":"Feature","geometry":{"type":"Point","coordinates":[-2.795778,53.115824]},"properties":{"callsign":"BAW81V","hex":"40749b","origin":"","altitude":10683.24,"velocity":253.0550036,"heading":105.93,"onGround":false,"type":"B789","desc":"","military":false}},{"type":"Feature","geometry":{"type":"Point","coordinates":[-2.74925,53.43544]},"properties":{"callsign":"RYR49JV","hex":"4cae6d","origin":"","altitude":2758.44,"velocity":157.162642,"heading":80.2,"onGround":false,"type":"B38M","desc":"","military":false}},{"type":"Feature","geometry":{"type":"Point","coordinates":[-2.724129,47.503235]},"properties":{"callsign":"DAL28","hex":"ab9387","origin":"","altitude":11247.12,"velocity":257.222,"heading":117.13,"onGround":false,"type":"B764","desc":"","military":false}},{"type":"Feature","geometry":{"type":"Point","coordinates":[-2.717361,51.385163]},"properties":{"callsign":"EXS18KS","hex":"407f7c","origin":"","altitude":0,"velocity":0,"heading":354.38,"onGround":true,"type":"B738","desc":"","military":false}},{"type":"Feature","geometry":{"type":"Point","coordinates":[-2.696673,53.180557]},"properties":{"callsign":"RUK27NX","hex":"407caf","origin":"","altitude":3329.94,"velocity":151.81242440000003,"heading":227.33,"onGround":false,"type":"B738","desc":"","military":false}},{"type":"Feature","geometry":{"type":"Point","coordinates":[-2.450025,51.720245]},"properties":{"callsign":"UAL422","hex":"a0f427","origin":"","altitude":12382.5,"velocity":285.10486480000003,"heading":125.53,"onGround":false,"type":"B78X","desc":"","military":false}},{"type":"Feature","geometry":{"type":"Point","coordinates":[-2.289195,53.349144]},"properties":{"callsign":"VIR140B","hex":"40683e","origin":"","altitude":0,"velocity":0,"heading":45,"onGround":true,"type":"A333","desc":"","military":false}},{"type":"Feature","geometry":{"type":"Point","coordinates":[-2.283763,53.361797]},"properties":{"callsign":"TWR","hex":"425855","origin":"","altitude":0,"velocity":0,"heading":0,"onGround":true,"type":"TWR","desc":"","military":false}},{"type":"Feature","geometry":{"type":"Point","coordinates":[-2.283292,53.340923]},"properties":{"callsign":"TWR","hex":"425852","origin":"","altitude":0,"velocity":0,"heading":0,"onGround":true,"type":"TWR","desc":"","military":false}},{"type":"Feature","geometry":{"type":"Point","coordinates":[-2.279526,53.357712]},"properties":{"callsign":"TWR","hex":"425850","origin":"","altitude":0,"velocity":0,"heading":0,"onGround":true,"type":"TWR","desc":"","military":false}},{"type":"Feature","geometry":{"type":"Point","coordinates":[-2.27413,53.359828]},"properties":{"callsign":"AFR69SA","hex":"39bdb5","origin":"","altitude":0,"velocity":0,"heading":275.62,"onGround":true,"type":"BCS3","desc":"","military":false}},{"type":"Feature","geometry":{"type":"Point","coordinates":[-2.271855,53.36134]},"properties":{"callsign":"TWR","hex":"425851","origin":"","altitude":0,"velocity":0,"heading":0,"onGround":true,"type":"TWR","desc":"","military":false}},{"type":"Feature","geometry":{"type":"Point","coordinates":[-2.244193,53.664459]},"properties":{"callsign":"DLH411","hex":"3c671a","origin":"","altitude":12893.04,"velocity":278.67431480000005,"heading":108.07,"onGround":false,"type":"A359","desc":"","military":false}},{"type":"Feature","geometry":{"type":"Point","coordinates":[-2.200658,53.935609]},"properties":{"callsign":"DKH1661","hex":"781783","origin":"","altitude":3634.7400000000002,"velocity":156.8025312,"heading":198.55,"onGround":false,"type":"B789","desc":"","military":false}},{"type":"Feature","geometry":{"type":"Point","coordinates":[-2.140198,51.673496]},"properties":{"callsign":"DAL140","hex":"a05614","origin":"","altitude":11422.380000000001,"velocity":274.76454040000004,"heading":125.09,"onGround":false,"type":"B763","desc":"","military":false}},{"type":"Feature","geometry":{"type":"Point","coordinates":[-2.101898,50.684261]},"properties":{"callsign":"BAW6R","hex":"406ec9","origin":"","altitude":7818.120000000001,"velocity":234.48357520000002,"heading":81.67,"onGround":false,"type":"A388","desc":"","military":false}},{"type":"Feature","geometry":{"type":"Point","coordinates":[-2.070694,52.916519]},"properties":{"callsign":"EZY87JQ","hex":"40768d","origin":"","altitude":5341.62,"velocity":205.31460040000002,"heading":146.03,"onGround":false,"type":"A21N","desc":"","military":false}},{"type":"Feature","geometry":{"type":"Point","coordinates":[-1.997864,47.413467]},"properties":{"callsign":"TSC602","hex":"c07995","origin":"","altitude":3512.82,"velocity":159.5805288,"heading":166.77,"onGround":false,"type":"A332","desc":"","military":false}},{"type":"Feature","geometry":{"type":"Point","coordinates":[-1.886292,52.62886]},"properties":{"callsign":"BAW4EA","hex":"40797a","origin":"","altitude":7886.700000000001,"velocity":227.2299148,"heading":147.86,"onGround":false,"type":"B78X","desc":"","military":false}},{"type":"Feature","geometry":{"type":"Point","coordinates":[-1.881481,50.156387]},"properties":{"callsign":"EZY36PZ","hex":"407f61","origin":"","altitude":9212.58,"velocity":237.7760168,"heading":219.82,"onGround":false,"type":"A320","desc":"","military":false}},{"type":"Feature","geometry":{"type":"Point","coordinates":[-1.797028,51.487892]},"properties":{"callsign":"AAL786","hex":"aa2ca9","origin":"","altitude":12070.08,"velocity":277.1309828,"heading":120.33,"onGround":false,"type":"B772","desc":"","military":false}},{"type":"Feature","geometry":{"type":"Point","coordinates":[-1.773242,54.977921]},"properties":{"callsign":"KLM66G","hex":"484557","origin":"","altitude":1013.46,"velocity":125.6272248,"heading":196.65,"onGround":false,"type":"B738","desc":"","military":false}},{"type":"Feature","geometry":{"type":"Point","coordinates":[-1.689148,51.366903]},"properties":{"callsign":"BAW5CA","hex":"407f2b","origin":"","altitude":4876.8,"velocity":215.08903640000003,"heading":107.39,"onGround":false,"type":"A35K","desc":"","military":false}},{"type":"Feature","geometry":{"type":"Point","coordinates":[-1.681144,52.447427]},"properties":{"callsign":"UAL929","hex":"a8ec57","origin":"","altitude":7482.84,"velocity":221.725364,"heading":148.38,"onGround":false,"type":"B763","desc":"","military":false}},{"type":"Feature","geometry":{"type":"Point","coordinates":[-1.661368,53.868473]},"properties":{"callsign":"RYR10EC","hex":"4ca4f8","origin":"","altitude":0,"velocity":0.8231104,"heading":135,"onGround":true,"type":"B738","desc":"","military":false}},{"type":"Feature","geometry":{"type":"Point","coordinates":[-1.65976,53.868622]},"properties":{"callsign":"EXS9FE","hex":"4006ee","origin":"","altitude":0,"velocity":0,"heading":0,"onGround":true,"type":"B733","desc":"","military":false}},{"type":"Feature","geometry":{"type":"Point","coordinates":[-1.594849,52.481186]},"properties":{"callsign":"EXS58Y","hex":"406900","origin":"","altitude":2552.7000000000003,"velocity":152.4297572,"heading":135.41,"onGround":false,"type":"B738","desc":"","military":false}},{"type":"Feature","geometry":{"type":"Point","coordinates":[-1.541946,51.637711]},"properties":{"callsign":"UAL950","hex":"a2b8fe","origin":"","altitude":10812.78,"velocity":281.0407572,"heading":98.74,"onGround":false,"type":"B77W","desc":"","military":false}},{"type":"Feature","geometry":{"type":"Point","coordinates":[-1.492261,49.231505]},"properties":{"callsign":"TSC292","hex":"c06a7b","origin":"","altitude":10568.94,"velocity":248.3221188,"heading":102.08,"onGround":false,"type":"A21N","desc":"","military":false}},{"type":"Feature","geometry":{"type":"Point","coordinates":[-1.462449,48.692184]},"properties":{"callsign":"APO7578","hex":"064227","origin":"","altitude":10256.52,"velocity":215.7063692,"heading":349.28,"onGround":false,"type":"B773","desc":"","military":false}},{"type":"Feature","geometry":{"type":"Point","coordinates":[-1.450272,53.009839]},"properties":{"callsign":"QTR6T","hex":"06a13b","origin":"","altitude":5021.58,"velocity":177.997624,"heading":288.28,"onGround":false,"type":"B77W","desc":"","military":false}},{"type":"Feature","geometry":{"type":"Point","coordinates":[-1.42042,54.848952]},"properties":{"callsign":"TXLU00","hex":"43bf96","origin":"","altitude":0,"velocity":0,"heading":0,"onGround":true,"type":"TWR","desc":"","military":false}},{"type":"Feature","geometry":{"type":"Point","coordinates":[-1.394871,52.165041]},"properties":{"callsign":"AAL730","hex":"a9c151","origin":"","altitude":5585.46,"velocity":189.6755028,"heading":147.52,"onGround":false,"type":"B77W","desc":"","military":false}},{"type":"Feature","geometry":{"type":"Point","coordinates":[-1.339312,53.226517]},"properties":{"callsign":"UAL108","hex":"a2a2e3","origin":"","altitude":12618.720000000001,"velocity":270.2888776,"heading":103.43,"onGround":false,"type":"B788","desc":"","military":false}},{"type":"Feature","geometry":{"type":"Point","coordinates":[-1.33604,52.827404]},"properties":{"callsign":"RYR22GT","hex":"4cade2","origin":"","altitude":0,"velocity":0.8231104,"heading":357.19,"onGround":true,"type":"B38M","desc":"","military":false}},{"type":"Feature","geometry":{"type":"Point","coordinates":[-1.332455,52.827667]},"properties":{"callsign":"TOM4EV","hex":"40753d","origin":"","altitude":0,"velocity":0,"heading":90,"onGround":true,"type":"B38M","desc":"","military":false}},{"type":"Feature","geometry":{"type":"Point","coordinates":[-1.323326,52.830649]},"properties":{"callsign":"00000000","hex":"43bf70","origin":"","altitude":0,"velocity":0.514444,"heading":171,"onGround":true,"type":"TWR","desc":"","military":false}},{"type":"Feature","geometry":{"type":"Point","coordinates":[-1.320164,54.028061]},"properties":{"callsign":"KLM48","hex":"485b45","origin":"","altitude":10416.54,"velocity":312.06173040000004,"heading":126.28,"onGround":false,"type":"B78X","desc":"","military":false}},{"type":"Feature","geometry":{"type":"Point","coordinates":[-1.298981,52.377594]},"properties":{"callsign":"TOM40C","hex":"405e24","origin":"","altitude":4937.76,"velocity":193.6367216,"heading":165.85,"onGround":false,"type":"B738","desc":"","military":false}},{"type":"Feature","geometry":{"type":"Point","coordinates":[-1.283593,48.17463]},"properties":{"callsign":"KQA108","hex":"04c15a","origin":"","altitude":12733.02,"velocity":210.45904040000002,"heading":348.58,"onGround":false,"type":"B788","desc":"","military":false}},{"type":"Feature","geometry":{"type":"Point","coordinates":[-1.146311,47.209555]},"properties":{"callsign":"LGL7M","hex":"4d00f5","origin":"","altitude":11216.640000000001,"velocity":249.1966736,"heading":233.82,"onGround":false,"type":"B738","desc":"","military":false}},{"type":"Feature","geometry":{"type":"Point","coordinates":[-1.137566,47.287949]},"properties":{"callsign":"KLM52N","hex":"398564","origin":"","altitude":4221.4800000000005,"velocity":158.963196,"heading":37.24,"onGround":false,"type":"E190","desc":"","military":false}},{"type":"Feature","geometry":{"type":"Point","coordinates":[-1.118622,51.966339]},"properties":{"callsign":"ACA866","hex":"c0583f","origin":"","altitude":4869.18,"velocity":192.35061159999998,"heading":139.66,"onGround":false,"type":"A333","desc":"","military":false}},{"type":"Feature","geometry":{"type":"Point","coordinates":[-0.938886,51.490677]},"properties":{"callsign":"WUK6DL","hex":"408064","origin":"","altitude":5920.740000000001,"velocity":205.67471120000002,"heading":156.26,"onGround":false,"type":"A21N","desc":"","military":false}},{"type":"Feature","geometry":{"type":"Point","coordinates":[-0.924656,54.057678]},"properties":{"callsign":"KLM120","hex":"484f72","origin":"","altitude":12252.960000000001,"velocity":290.5065268,"heading":130.4,"onGround":false,"type":"A333","desc":"","military":false}},{"type":"Feature","geometry":{"type":"Point","coordinates":[-0.832528,52.660822]},"properties":{"callsign":"N308EL","hex":"a33d79","origin":"","altitude":12900.66,"velocity":289.78630519999996,"heading":105.02,"onGround":false,"type":"GA5C","desc":"","military":false}},{"type":"Feature","geometry":{"type":"Point","coordinates":[-0.76689,51.452133]},"properties":{"callsign":"DLH403","hex":"3c4b34","origin":"","altitude":11734.800000000001,"velocity":267.5623244,"heading":98.07,"onGround":false,"type":"B748","desc":"","military":false}},{"type":"Feature","geometry":{"type":"Point","coordinates":[-0.76548,51.722763]},"properties":{"callsign":"AAL50","hex":"ab8748","origin":"","altitude":2880.36,"velocity":132.2635524,"heading":358.66,"onGround":false,"type":"B789","desc":"","military":false}},{"type":"Feature","geometry":{"type":"Point","coordinates":[-0.696869,51.30834]},"properties":{"callsign":"DAL30","hex":"ab80f4","origin":"","altitude":3200.4,"velocity":155.4135324,"heading":91.14,"onGround":false,"type":"B764","desc":"","military":false}},{"type":"Feature","geometry":{"type":"Point","coordinates":[-0.644684,51.021346]},"properties":{"callsign":"UAL57","hex":"a1fcc5","origin":"","altitude":11750.04,"velocity":290.5065268,"heading":128.82,"onGround":false,"type":"B772","desc":"","military":false}},{"type":"Feature","geometry":{"type":"Point","coordinates":[-0.602836,53.309189]},"properties":{"callsign":"QTR95W","hex":"06a2f6","origin":"","altitude":11971.02,"velocity":215.03759200000002,"heading":282.57,"onGround":false,"type":"B789","desc":"","military":false}},{"type":"Feature","geometry":{"type":"Point","coordinates":[-0.571681,53.955597]},"properties":{"callsign":"DLH471","hex":"3c4ad7","origin":"","altitude":11612.880000000001,"velocity":294.004746,"heading":116.61,"onGround":false,"type":"B744","desc":"","military":false}},{"type":"Feature","geometry":{"type":"Point","coordinates":[-0.545679,51.656616]},"properties":{"callsign":"JAL41","hex":"86dce6","origin":"","altitude":3688.0800000000004,"velocity":135.1444388,"heading":231.65,"onGround":false,"type":"B788","desc":"","military":false}},{"type":"Feature","geometry":{"type":"Point","coordinates":[-0.518188,51.717488]},"properties":{"callsign":"VIR4C","hex":"4077d4","origin":"","altitude":2567.94,"velocity":135.2473276,"heading":104.99,"onGround":false,"type":"A35K","desc":"","military":false}},{"type":"Feature","geometry":{"type":"Point","coordinates":[-0.485997,51.473614]},"properties":{"callsign":"40838d","hex":"40838d","origin":"","altitude":0,"velocity":0,"heading":0,"onGround":true,"type":"Unknown","desc":"","military":false}},{"type":"Feature","geometry":{"type":"Point","coordinates":[-0.480556,51.471518]},"properties":{"callsign":"G-TTSC","hex":"4081a3","origin":"","altitude":0,"velocity":0.0514444,"heading":0,"onGround":true,"type":"A20N","desc":"","military":false}},{"type":"Feature","geometry":{"type":"Point","coordinates":[-0.480188,51.471153]},"properties":{"callsign":"G-TNEF","hex":"4081bb","origin":"","altitude":0,"velocity":0,"heading":0,"onGround":true,"type":"A21N","desc":"","military":false}},{"type":"Feature","geometry":{"type":"Point","coordinates":[-0.468826,51.473799]},"properties":{"callsign":"42594b","hex":"42594b","origin":"","altitude":0,"velocity":12.603878,"heading":351.56,"onGround":true,"type":"Unknown","desc":"","military":false}},{"type":"Feature","geometry":{"type":"Point","coordinates":[-0.454763,51.467491]},"properties":{"callsign":"VH-ZNG","hex":"7c806a","origin":"","altitude":0,"velocity":0,"heading":0,"onGround":true,"type":"B789","desc":"","military":false}},{"type":"Feature","geometry":{"type":"Point","coordinates":[-0.448532,51.478081]},"properties":{"callsign":"LDR5","hex":"424a69","origin":"","altitude":0,"velocity":3.1895528,"heading":84.38,"onGround":true,"type":"SERV","desc":"","military":false}},{"type":"Feature","geometry":{"type":"Point","coordinates":[-0.448227,51.458471]},"properties":{"callsign":"TWR","hex":"42584c","origin":"","altitude":0,"velocity":0,"heading":0,"onGround":true,"type":"TWR","desc":"","military":false}},{"type":"Feature","geometry":{"type":"Point","coordinates":[-0.447044,51.470575]},"properties":{"callsign":"TWR","hex":"42584b","origin":"","altitude":0,"velocity":0,"heading":0,"onGround":true,"type":"TWR","desc":"","military":false}},{"type":"Feature","geometry":{"type":"Point","coordinates":[-0.438747,52.393799]},"properties":{"callsign":"RYR9AH","hex":"4ca810","origin":"","altitude":6903.72,"velocity":236.95290640000002,"heading":104.97,"onGround":false,"type":"B738","desc":"","military":false}},{"type":"Feature","geometry":{"type":"Point","coordinates":[-0.36344,51.028931]},"properties":{"callsign":"EZY86TW","hex":"407e63","origin":"","altitude":2994.6600000000003,"velocity":158.9117516,"heading":131.33,"onGround":false,"type":"A320","desc":"","military":false}},{"type":"Feature","geometry":{"type":"Point","coordinates":[-0.355682,50.745198]},"properties":{"callsign":"UAL884","hex":"aa92fc","origin":"","altitude":12344.400000000001,"velocity":278.828648,"heading":123.1,"onGround":false,"type":"B772","desc":"","military":false}},{"type":"Feature","geometry":{"type":"Point","coordinates":[-0.312962,51.131378]},"properties":{"callsign":"EZY34YT","hex":"40812d","origin":"","altitude":1021.08,"velocity":114.15512360000001,"heading":256.72,"onGround":false,"type":"A21N","desc":"","military":false}},{"type":"Feature","geometry":{"type":"Point","coordinates":[-0.264816,51.361456]},"properties":{"callsign":"BAW78","hex":"4078b8","origin":"","altitude":2186.94,"velocity":134.42421720000002,"heading":87.15,"onGround":false,"type":"A35K","desc":"","military":false}},{"type":"Feature","geometry":{"type":"Point","coordinates":[-0.258789,51.212955]},"properties":{"callsign":"JBU1620","hex":"a4c98f","origin":"","altitude":2887.98,"velocity":141.6264332,"heading":182.71,"onGround":false,"type":"A21N","desc":"","military":false}},{"type":"Feature","geometry":{"type":"Point","coordinates":[-0.245241,48.883527]},"properties":{"callsign":"THY6024","hex":"4bb152","origin":"","altitude":11178.54,"velocity":262.0577736,"heading":98.35,"onGround":false,"type":"B77L","desc":"","military":false}},{"type":"Feature","geometry":{"type":"Point","coordinates":[-0.197792,51.14578]},"properties":{"callsign":"LEADER 6","hex":"43bfdf","origin":"","altitude":0,"velocity":2.4693312,"heading":255.94,"onGround":true,"type":"Unknown","desc":"","military":false}},{"type":"Feature","geometry":{"type":"Point","coordinates":[-0.182536,51.159657]},"properties":{"callsign":"GEJCP","hex":"407f35","origin":"","altitude":0,"velocity":2.1606648,"heading":348.75,"onGround":true,"type":"A320","desc":"","military":false}},{"type":"Feature","geometry":{"type":"Point","coordinates":[-0.182202,51.16254]},"properties":{"callsign":"EZY31BD","hex":"407f66","origin":"","altitude":0,"velocity":1.6462208,"heading":165.94,"onGround":true,"type":"A320","desc":"","military":false}},{"type":"Feature","geometry":{"type":"Point","coordinates":[-0.177767,51.153934]},"properties":{"callsign":"LEADER 9","hex":"43bfe1","origin":"","altitude":0,"velocity":5.2473288,"heading":219.38,"onGround":true,"type":"Unknown","desc":"","military":false}},{"type":"Feature","geometry":{"type":"Point","coordinates":[-0.175228,51.15196]},"properties":{"callsign":"LEADER 3","hex":"43bfec","origin":"","altitude":0,"velocity":1.6462208,"heading":70.31,"onGround":true,"type":"Unknown","desc":"","military":false}},{"type":"Feature","geometry":{"type":"Point","coordinates":[-0.173276,51.152561]},"properties":{"callsign":"TOM490","hex":"405e23","origin":"","altitude":0,"velocity":4.0126632,"heading":151.88,"onGround":true,"type":"B738","desc":"","military":false}},{"type":"Feature","geometry":{"type":"Point","coordinates":[-0.171272,51.156761]},"properties":{"callsign":"EZY36MQ","hex":"406a92","origin":"","altitude":0,"velocity":0,"heading":165.94,"onGround":true,"type":"A320","desc":"","military":false}},{"type":"Feature","geometry":{"type":"Point","coordinates":[-0.170678,51.157654]},"properties":{"callsign":"EZY29QE","hex":"40631b","origin":"","altitude":0,"velocity":0,"heading":345.94,"onGround":true,"type":"A319","desc":"","military":false}},{"type":"Feature","geometry":{"type":"Point","coordinates":[-0.168117,51.151199]},"properties":{"callsign":"EZY83DY","hex":"405638","origin":"","altitude":0,"velocity":0.1028888,"heading":258.75,"onGround":true,"type":"A319","desc":"","military":false}},{"type":"Feature","geometry":{"type":"Point","coordinates":[-0.166931,51.153461]},"properties":{"callsign":"WUK9836","hex":"4081cf","origin":"","altitude":0,"velocity":1.4404432,"heading":154.69,"onGround":true,"type":"A21N","desc":"","military":false}},{"type":"Feature","geometry":{"type":"Point","coordinates":[-0.147425,51.564789]},"properties":{"callsign":"AAL100","hex":"aba765","origin":"","altitude":2057.4,"velocity":134.6299948,"heading":103.03,"onGround":false,"type":"B789","desc":"","military":false}},{"type":"Feature","geometry":{"type":"Point","coordinates":[-0.118332,51.033915]},"properties":{"callsign":"CCA851","hex":"781344","origin":"","altitude":1859.2800000000002,"velocity":110.60546000000001,"heading":0.53,"onGround":false,"type":"A359","desc":"","military":false}},{"type":"Feature","geometry":{"type":"Point","coordinates":[-0.093947,49.026672]},"properties":{"callsign":"EDW19J","hex":"4b15db","origin":"","altitude":12984.480000000001,"velocity":261.9548848,"heading":103.05,"onGround":false,"type":"A359","desc":"","military":false}},{"type":"Feature","geometry":{"type":"Point","coordinates":[-0.072896,51.792755]},"properties":{"callsign":"RAM808","hex":"0200ea","origin":"","altitude":3299.46,"velocity":131.59477520000002,"heading":25.96,"onGround":false,"type":"B738","desc":"","military":false}},{"type":"Feature","geometry":{"type":"Point","coordinates":[-0.059601,47.615707]},"properties":{"callsign":"LGL3769","hex":"4d00f4","origin":"","altitude":11193.78,"velocity":245.132566,"heading":229.26,"onGround":false,"type":"B738","desc":"","military":false}},{"type":"Feature","geometry":{"type":"Point","coordinates":[-0.042267,51.38422]},"properties":{"callsign":"BAW64","hex":"4078de","origin":"","altitude":1836.42,"velocity":138.89988,"heading":88.94,"onGround":false,"type":"B78X","desc":"","military":false}},{"type":"Feature","geometry":{"type":"Point","coordinates":[-0.038749,51.657074]},"properties":{"callsign":"BAW32","hex":"407af3","origin":"","altitude":2552.7000000000003,"velocity":122.4891164,"heading":268.07,"onGround":false,"type":"A35K","desc":"","military":false}},{"type":"Feature","geometry":{"type":"Point","coordinates":[0.017166,51.330127]},"properties":{"callsign":"OMA103","hex":"70c125","origin":"","altitude":2567.94,"velocity":124.5468924,"heading":268.34,"onGround":false,"type":"B789","desc":"","military":false}},{"type":"Feature","geometry":{"type":"Point","coordinates":[0.088196,51.631832]},"properties":{"callsign":"CPA237","hex":"780ac8","origin":"","altitude":2880.36,"velocity":125.4214472,"heading":212.78,"onGround":false,"type":"A359","desc":"","military":false}},{"type":"Feature","geometry":{"type":"Point","coordinates":[0.118623,51.397751]},"properties":{"callsign":"VIR450","hex":"406d4d","origin":"","altitude":3840.48,"velocity":156.5967536,"heading":121.71,"onGround":false,"type":"B789","desc":"","military":false}},{"type":"Feature","geometry":{"type":"Point","coordinates":[0.125286,47.846157]},"properties":{"callsign":"JAF7HW","hex":"44d1c2","origin":"","altitude":11788.140000000001,"velocity":252.5405596,"heading":228.39,"onGround":false,"type":"B738","desc":"","military":false}},{"type":"Feature","geometry":{"type":"Point","coordinates":[0.143127,51.56475]},"properties":{"callsign":"BAW12","hex":"407994","origin":"","altitude":3314.7000000000003,"velocity":149.9089816,"heading":118.94,"onGround":false,"type":"B77W","desc":"","military":false}},{"type":"Feature","geometry":{"type":"Point","coordinates":[0.205622,51.654099]},"properties":{"callsign":"CPA255","hex":"780a8a","origin":"","altitude":4191,"velocity":131.1317756,"heading":256.62,"onGround":false,"type":"B77W","desc":"","military":false}},{"type":"Feature","geometry":{"type":"Point","coordinates":[0.228486,51.568176]},"properties":{"callsign":"JBU331","hex":"a4c9f8","origin":"","altitude":11064.24,"velocity":266.8421028,"heading":110.78,"onGround":false,"type":"A21N","desc":"","military":false}},{"type":"Feature","geometry":{"type":"Point","coordinates":[0.237616,51.351837]},"properties":{"callsign":"QTR74G","hex":"06a2c5","origin":"","altitude":3048,"velocity":146.5136512,"heading":156.41,"onGround":false,"type":"B77W","desc":"","military":false}},{"type":"Feature","geometry":{"type":"Point","coordinates":[0.250106,51.891975]},"properties":{"callsign":"RYR90WG","hex":"4ca73e","origin":"","altitude":0,"velocity":7.0993272,"heading":227.81,"onGround":true,"type":"B738","desc":"","military":false}},{"type":"Feature","geometry":{"type":"Point","coordinates":[0.279112,50.942001]},"properties":{"callsign":"CES201","hex":"782272","origin":"","altitude":2255.52,"velocity":118.73367520000001,"heading":285.84,"onGround":false,"type":"B789","desc":"","military":false}},{"type":"Feature","geometry":{"type":"Point","coordinates":[0.344335,50.173874]},"properties":{"callsign":"EZY49YR","hex":"408184","origin":"","altitude":8923.02,"velocity":254.59833559999998,"heading":141.81,"onGround":false,"type":"A20N","desc":"","military":false}},{"type":"Feature","geometry":{"type":"Point","coordinates":[0.344214,51.797424]},"properties":{"callsign":"ROJ008","hex":"896449","origin":"","altitude":1562.1000000000001,"velocity":130.6173316,"heading":251.64,"onGround":false,"type":"B737","desc":"","military":false}},{"type":"Feature","geometry":{"type":"Point","coordinates":[0.50414,53.220978]},"properties":{"callsign":"ETD72W","hex":"89662b","origin":"","altitude":10972.800000000001,"velocity":189.315392,"heading":281.95,"onGround":false,"type":"B77W","desc":"","military":false}},{"type":"Feature","geometry":{"type":"Point","coordinates":[0.5056,51.585186]},"properties":{"callsign":"TVF58GB","hex":"39dd01","origin":"","altitude":11993.880000000001,"velocity":175.83695920000002,"heading":323.57,"onGround":false,"type":"A20N","desc":"","military":false}},{"type":"Feature","geometry":{"type":"Point","coordinates":[0.581512,51.500275]},"properties":{"callsign":"EJU45AD","hex":"440080","origin":"","altitude":11696.7,"velocity":173.5734056,"heading":324.9,"onGround":false,"type":"A320","desc":"","military":false}},{"type":"Feature","geometry":{"type":"Point","coordinates":[0.585383,50.381104]},"properties":{"callsign":"DAL152","hex":"aafd1f","origin":"","altitude":8816.34,"velocity":276.0506504,"heading":144.71,"onGround":false,"type":"A333","desc":"","military":false}},{"type":"Feature","geometry":{"type":"Point","coordinates":[0.657137,48.032599]},"properties":{"callsign":"EZY52LD","hex":"407f67","origin":"","altitude":11163.300000000001,"velocity":263.75543880000004,"heading":168.3,"onGround":false,"type":"A320","desc":"","military":false}},{"type":"Feature","geometry":{"type":"Point","coordinates":[0.680262,50.007112]},"properties":{"callsign":"AAL160","hex":"ab0969","origin":"","altitude":12946.380000000001,"velocity":285.7221976,"heading":133.03,"onGround":false,"type":"B788","desc":"","military":false}},{"type":"Feature","geometry":{"type":"Point","coordinates":[0.778313,47.264923]},"properties":{"callsign":"AFR27ZU","hex":"394c0a","origin":"","altitude":9296.4,"velocity":216.99247920000002,"heading":16.24,"onGround":false,"type":"A321","desc":"","military":false}},{"type":"Feature","geometry":{"type":"Point","coordinates":[0.850106,53.01043]},"properties":{"callsign":"DAL72","hex":"ab20e7","origin":"","altitude":11605.26,"velocity":266.07043680000004,"heading":101.38,"onGround":false,"type":"A333","desc":"","military":false}},{"type":"Feature","geometry":{"type":"Point","coordinates":[0.875566,50.004226]},"properties":{"callsign":"AFR375G","hex":"39cf05","origin":"","altitude":7345.68,"velocity":241.58290240000002,"heading":147.26,"onGround":false,"type":"A359","desc":"","military":false}},{"type":"Feature","geometry":{"type":"Point","coordinates":[0.955658,51.052303]},"properties":{"callsign":"CCA847","hex":"781b13","origin":"","altitude":2979.42,"velocity":130.8745536,"heading":221.33,"onGround":false,"type":"A359","desc":"","military":false}},{"type":"Feature","geometry":{"type":"Point","coordinates":[0.961685,51.137447]},"properties":{"callsign":"WUK712","hex":"407fda","origin":"","altitude":6629.400000000001,"velocity":208.91570840000003,"heading":91.55,"onGround":false,"type":"A21N","desc":"","military":false}},{"type":"Feature","geometry":{"type":"Point","coordinates":[0.973587,51.456935]},"properties":{"callsign":"QTR57W","hex":"06a148","origin":"","altitude":4434.84,"velocity":169.20063159999998,"heading":256.64,"onGround":false,"type":"A388","desc":"","military":false}},{"type":"Feature","geometry":{"type":"Point","coordinates":[1.180608,49.385101]},"properties":{"callsign":"AFR7527","hex":"39e689","origin":"","altitude":5661.66,"velocity":192.1962784,"heading":74.48,"onGround":false,"type":"BCS3","desc":"","military":false}},{"type":"Feature","geometry":{"type":"Point","coordinates":[1.205824,51.257675]},"properties":{"callsign":"DLH463","hex":"3c4b26","origin":"","altitude":11376.66,"velocity":275.4333176,"heading":99.57,"onGround":false,"type":"B748","desc":"","military":false}},{"type":"Feature","geometry":{"type":"Point","coordinates":[1.244997,48.207403]},"properties":{"callsign":"AFR88NC","hex":"392ae9","origin":"","altitude":7353.3,"velocity":212.6711496,"heading":24.89,"onGround":false,"type":"A320","desc":"","military":false}},{"type":"Feature","geometry":{"type":"Point","coordinates":[1.35704,51.127345]},"properties":{"callsign":"SRD500B","hex":"407db6","origin":"","altitude":236.22,"velocity":28.0886424,"heading":336.25,"onGround":false,"type":"Unknown","desc":"","military":false}},{"type":"Feature","geometry":{"type":"Point","coordinates":[1.358546,49.187141]},"properties":{"callsign":"EZY48TH","hex":"40836b","origin":"","altitude":11117.58,"velocity":272.2952092,"heading":147.42,"onGround":false,"type":"A21N","desc":"","military":false}},{"type":"Feature","geometry":{"type":"Point","coordinates":[1.412447,47.074973]},"properties":{"callsign":"VOE3DK","hex":"3455da","origin":"","altitude":8983.98,"velocity":182.67906440000002,"heading":358.87,"onGround":false,"type":"A319","desc":"","military":false}},{"type":"Feature","geometry":{"type":"Point","coordinates":[1.481998,49.38401]},"properties":{"callsign":"JAF9TC","hex":"44d1b3","origin":"","altitude":11308.08,"velocity":260.6173304,"heading":218.59,"onGround":false,"type":"B38M","desc":"","military":false}},{"type":"Feature","geometry":{"type":"Point","coordinates":[1.495328,49.527717]},"properties":{"callsign":"AAL42","hex":"aa2184","origin":"","altitude":5318.76,"velocity":215.5005916,"heading":144.03,"onGround":false,"type":"B772","desc":"","military":false}},{"type":"Feature","geometry":{"type":"Point","coordinates":[1.508859,47.177015]},"properties":{"callsign":"LGL665","hex":"4d00ee","origin":"","altitude":12397.74,"velocity":260.10288640000005,"heading":208.34,"onGround":false,"type":"B38M","desc":"","military":false}},{"type":"Feature","geometry":{"type":"Point","coordinates":[1.510057,47.087123]},"properties":{"callsign":"IBE05VA","hex":"34134d","origin":"","altitude":11140.44,"velocity":256.707556,"heading":194.98,"onGround":false,"type":"A321","desc":"","military":false}},{"type":"Feature","geometry":{"type":"Point","coordinates":[1.540304,51.046037]},"properties":{"callsign":"C-GFMX","hex":"c0532c","origin":"","altitude":1501.14,"velocity":42.184408,"heading":240,"onGround":false,"type":"DH8C","desc":"","military":false}},{"type":"Feature","geometry":{"type":"Point","coordinates":[1.548843,51.577738]},"properties":{"callsign":"TRA68Q","hex":"4866df","origin":"","altitude":10744.2,"velocity":236.5927956,"heading":244.77,"onGround":false,"type":"A21N","desc":"","military":false}},{"type":"Feature","geometry":{"type":"Point","coordinates":[1.598944,49.903748]},"properties":{"callsign":"RYR50PU","hex":"4cafb4","origin":"","altitude":11399.52,"velocity":185.5599508,"heading":320.17,"onGround":false,"type":"B738","desc":"","military":false}},{"type":"Feature","geometry":{"type":"Point","coordinates":[1.626258,47.363317]},"properties":{"callsign":"RYR1WB","hex":"4d24cb","origin":"","altitude":11795.76,"velocity":273.06687519999997,"heading":195.29,"onGround":false,"type":"B38M","desc":"","military":false}},{"type":"Feature","geometry":{"type":"Point","coordinates":[1.719939,48.700484]},"properties":{"callsign":"VLG2KV","hex":"344695","origin":"","altitude":3848.1000000000004,"velocity":188.7495036,"heading":287.45,"onGround":false,"type":"A320","desc":"","military":false}},{"type":"Feature","geometry":{"type":"Point","coordinates":[1.764245,48.841584]},"properties":{"callsign":"CFG7ME","hex":"511171","origin":"","altitude":11117.58,"velocity":247.704786,"heading":229.3,"onGround":false,"type":"A20N","desc":"","military":false}},{"type":"Feature","geometry":{"type":"Point","coordinates":[1.802404,53.898227]},"properties":{"callsign":"AUA56","hex":"44003f","origin":"","altitude":11506.2,"velocity":276.51365,"heading":123.16,"onGround":false,"type":"B763","desc":"","military":false}},{"type":"Feature","geometry":{"type":"Point","coordinates":[1.9252,48.871875]},"properties":{"callsign":"FHAZC","hex":"398322","origin":"","altitude":487.68,"velocity":0,"heading":0,"onGround":false,"type":"SIRA","desc":"","military":false}},{"type":"Feature","geometry":{"type":"Point","coordinates":[1.973648,52.869186]},"properties":{"callsign":"UAL70","hex":"a8dee0","origin":"","altitude":9387.84,"velocity":272.44954240000004,"heading":102.54,"onGround":false,"type":"B764","desc":"","military":false}},{"type":"Feature","geometry":{"type":"Point","coordinates":[1.993263,47.290833]},"properties":{"callsign":"TRA80H","hex":"48683e","origin":"","altitude":11788.140000000001,"velocity":266.68776959999997,"heading":193.04,"onGround":false,"type":"A21N","desc":"","military":false}},{"type":"Feature","geometry":{"type":"Point","coordinates":[2.015341,48.651883]},"properties":{"callsign":"VLG8633","hex":"344691","origin":"","altitude":3238.5,"velocity":141.00910040000002,"heading":278.6,"onGround":false,"type":"A320","desc":"","military":false}},{"type":"Feature","geometry":{"type":"Point","coordinates":[2.016202,48.375275]},"properties":{"callsign":"VOE7CE","hex":"3461cf","origin":"","altitude":2407.92,"velocity":148.7257604,"heading":48.65,"onGround":false,"type":"A319","desc":"","military":false}},{"type":"Feature","geometry":{"type":"Point","coordinates":[2.039091,48.597153]},"properties":{"callsign":"FGBQU","hex":"390614","origin":"","altitude":502.92,"velocity":57.7720612,"heading":154.12,"onGround":false,"type":"C172","desc":"","military":false}},{"type":"Feature","geometry":{"type":"Point","coordinates":[2.057696,48.678604]},"properties":{"callsign":"TVF743","hex":"39ceb9","origin":"","altitude":1310.64,"velocity":109.1135724,"heading":201,"onGround":false,"type":"B738","desc":"","military":false}},{"type":"Feature","geometry":{"type":"Point","coordinates":[2.145081,49.273914]},"properties":{"callsign":"DAL98","hex":"ab5975","origin":"","altitude":3535.6800000000003,"velocity":167.1428556,"heading":94.24,"onGround":false,"type":"B764","desc":"","military":false}},{"type":"Feature","geometry":{"type":"Point","coordinates":[2.207359,48.03511]},"properties":{"callsign":"TUI3DH","hex":"3c0c99","origin":"","altitude":11757.66,"velocity":269.2599896,"heading":200.58,"onGround":false,"type":"B738","desc":"","military":false}},{"type":"Feature","geometry":{"type":"Point","coordinates":[2.25424,47.829073]},"properties":{"callsign":"VLG7FA","hex":"3444d0","origin":"","altitude":8221.98,"velocity":235.0494636,"heading":186.41,"onGround":false,"type":"A320","desc":"","military":false}},{"type":"Feature","geometry":{"type":"Point","coordinates":[2.258817,48.320389]},"properties":{"callsign":"BEL6NY","hex":"44cdce","origin":"","altitude":11635.74,"velocity":259.022554,"heading":199.01,"onGround":false,"type":"A320","desc":"","military":false}},{"type":"Feature","geometry":{"type":"Point","coordinates":[2.259029,47.593053]},"properties":{"callsign":"TUI5HJ","hex":"3c7425","origin":"","altitude":11772.900000000001,"velocity":274.6102072,"heading":175.27,"onGround":false,"type":"B38M","desc":"","military":false}},{"type":"Feature","geometry":{"type":"Point","coordinates":[2.282341,47.29541]},"properties":{"callsign":"TVF6306","hex":"39de4d","origin":"","altitude":11468.1,"velocity":258.9711096,"heading":161.71,"onGround":false,"type":"A20N","desc":"","military":false}},{"type":"Feature","geometry":{"type":"Point","coordinates":[2.327881,51.59999]},"properties":{"callsign":"ETD5W2","hex":"896439","origin":"","altitude":9745.980000000001,"velocity":185.76572840000003,"heading":288.74,"onGround":false,"type":"A388","desc":"","military":false}},{"type":"Feature","geometry":{"type":"Point","coordinates":[2.346308,53.688882]},"properties":{"callsign":"DLH431","hex":"3c4b2b","origin":"","altitude":11856.720000000001,"velocity":287.3684184,"heading":123.83,"onGround":false,"type":"B748","desc":"","military":false}},{"type":"Feature","geometry":{"type":"Point","coordinates":[2.373258,48.71077]},"properties":{"callsign":"TVF19WK","hex":"3964e0","origin":"","altitude":198.12,"velocity":76.4463784,"heading":18.43,"onGround":false,"type":"B738","desc":"","military":false}},{"type":"Feature","geometry":{"type":"Point","coordinates":[2.497682,51.411987]},"properties":{"callsign":"MAU42","hex":"060040","origin":"","altitude":8412.48,"velocity":177.79184640000003,"heading":281.18,"onGround":false,"type":"A359","desc":"","military":false}},{"type":"Feature","geometry":{"type":"Point","coordinates":[2.500235,49.020218]},"properties":{"callsign":"AFR23EQ","hex":"39e681","origin":"","altitude":640.08,"velocity":78.8642652,"heading":266.26,"onGround":false,"type":"BCS3","desc":"","military":false}},{"type":"Feature","geometry":{"type":"Point","coordinates":[2.504666,48.63438]},"properties":{"callsign":"EWG3MJ","hex":"4d2407","origin":"","altitude":11734.800000000001,"velocity":254.2382248,"heading":206.57,"onGround":false,"type":"A320","desc":"","military":false}},{"type":"Feature","geometry":{"type":"Point","coordinates":[2.527108,49.024162]},"properties":{"callsign":"AFR940","hex":"39644a","origin":"","altitude":0,"velocity":4.7328848,"heading":219.38,"onGround":true,"type":"A332","desc":"","military":false}},{"type":"Feature","geometry":{"type":"Point","coordinates":[2.529168,49.548431]},"properties":{"callsign":"EZY37LE","hex":"408011","origin":"","altitude":12001.5,"velocity":185.19984,"heading":313.76,"onGround":false,"type":"A20N","desc":"","military":false}},{"type":"Feature","geometry":{"type":"Point","coordinates":[2.533828,49.253448]},"properties":{"callsign":"AFR357E","hex":"39d2a5","origin":"","altitude":3383.28,"velocity":165.44519040000003,"heading":99.67,"onGround":false,"type":"A359","desc":"","military":false}},{"type":"Feature","geometry":{"type":"Point","coordinates":[2.551683,49.015177]},"properties":{"callsign":"FPO272","hex":"3964f2","origin":"","altitude":0,"velocity":10.031658,"heading":177.19,"onGround":true,"type":"B738","desc":"","military":false}},{"type":"Feature","geometry":{"type":"Point","coordinates":[2.561076,49.502626]},"properties":{"callsign":"BEL4EW","hex":"44cc42","origin":"","altitude":10995.66,"velocity":252.90067040000002,"heading":220.46,"onGround":false,"type":"A20N","desc":"","military":false}},{"type":"Feature","geometry":{"type":"Point","coordinates":[2.566338,48.995125]},"properties":{"callsign":"F-GSPG","hex":"3949e6","origin":"","altitude":0,"velocity":10.546102,"heading":357.19,"onGround":true,"type":"B772","desc":"","military":false}},{"type":"Feature","geometry":{"type":"Point","coordinates":[2.588798,48.676789]},"properties":{"callsign":"VLG9QZ","hex":"346184","origin":"","altitude":2606.04,"velocity":138.2825472,"heading":213.93,"onGround":false,"type":"A20N","desc":"","military":false}},{"type":"Feature","geometry":{"type":"Point","coordinates":[2.592844,48.298782]},"properties":{"callsign":"ASJ01TJ","hex":"393269","origin":"","altitude":7703.820000000001,"velocity":149.5488708,"heading":150.08,"onGround":false,"type":"C510","desc":"","military":false}},{"type":"Feature","geometry":{"type":"Point","coordinates":[2.617493,49.029694]},"properties":{"callsign":"AVA054","hex":"aacaac","origin":"","altitude":403.86,"velocity":76.909378,"heading":265.4,"onGround":false,"type":"B788","desc":"","military":false}},{"type":"Feature","geometry":{"type":"Point","coordinates":[2.622563,48.995956]},"properties":{"callsign":"AFR453","hex":"394a15","origin":"","altitude":243.84,"velocity":82.053818,"heading":265.33,"onGround":false,"type":"B77W","desc":"","military":false}},{"type":"Feature","geometry":{"type":"Point","coordinates":[2.651508,48.889206]},"properties":{"callsign":"EWG5DV","hex":"3c6495","origin":"","altitude":11087.1,"velocity":251.048672,"heading":223.67,"onGround":false,"type":"A321","desc":"","military":false}},{"type":"Feature","geometry":{"type":"Point","coordinates":[2.675532,49.053024]},"properties":{"callsign":"RYR10QM","hex":"4d2211","origin":"","altitude":10469.880000000001,"velocity":270.3917664,"heading":199.33,"onGround":false,"type":"B738","desc":"","military":false}},{"type":"Feature","geometry":{"type":"Point","coordinates":[2.69462,50.038256]},"properties":{"callsign":"JAF2FH","hex":"485a85","origin":"","altitude":11986.26,"velocity":198.7811616,"heading":26.76,"onGround":false,"type":"B38M","desc":"","military":false}},{"type":"Feature","geometry":{"type":"Point","coordinates":[2.70336,48.358092]},"properties":{"callsign":"UAL956","hex":"a8c88f","origin":"","altitude":11704.32,"velocity":281.143646,"heading":139.9,"onGround":false,"type":"B763","desc":"","military":false}},{"type":"Feature","geometry":{"type":"Point","coordinates":[2.71955,48.919047]},"properties":{"callsign":"AFR7509","hex":"39bb21","origin":"","altitude":2552.7000000000003,"velocity":142.500988,"heading":89.17,"onGround":false,"type":"BCS3","desc":"","military":false}},{"type":"Feature","geometry":{"type":"Point","coordinates":[2.792711,47.674985]},"properties":{"callsign":"TUI4DN","hex":"3c7424","origin":"","altitude":11757.66,"velocity":275.33042880000005,"heading":171.29,"onGround":false,"type":"B38M","desc":"","military":false}},{"type":"Feature","geometry":{"type":"Point","coordinates":[2.813345,49.039948]},"properties":{"callsign":"AFR3T","hex":"3965b0","origin":"","altitude":1173.48,"velocity":94.9663624,"heading":265.34,"onGround":false,"type":"B77W","desc":"","military":false}},{"type":"Feature","geometry":{"type":"Point","coordinates":[2.835412,49.006984]},"properties":{"callsign":"AFR58NR","hex":"394c09","origin":"","altitude":1059.18,"velocity":95.429362,"heading":265.98,"onGround":false,"type":"A321","desc":"","military":false}},{"type":"Feature","geometry":{"type":"Point","coordinates":[2.858206,48.76767]},"properties":{"callsign":"TVF26XF","hex":"39de51","origin":"","altitude":3558.54,"velocity":182.67906440000002,"heading":83.7,"onGround":false,"type":"A20N","desc":"","military":false}},{"type":"Feature","geometry":{"type":"Point","coordinates":[2.892745,49.807356]},"properties":{"callsign":"VOE83EB","hex":"347257","origin":"","altitude":6530.34,"velocity":190.49861320000002,"heading":200.88,"onGround":false,"type":"A320","desc":"","military":false}},{"type":"Feature","geometry":{"type":"Point","coordinates":[2.920039,49.290482]},"properties":{"callsign":"BAW2064","hex":"4007ec","origin":"","altitude":12001.5,"velocity":204.80015640000002,"heading":314.49,"onGround":false,"type":"B772","desc":"","military":false}},{"type":"Feature","geometry":{"type":"Point","coordinates":[3.016663,52.793381]},"properties":{"callsign":"KLM296","hex":"4841ad","origin":"","altitude":5684.52,"velocity":207.4238208,"heading":114.47,"onGround":false,"type":"B772","desc":"","military":false}},{"type":"Feature","geometry":{"type":"Point","coordinates":[3.021663,49.019211]},"properties":{"callsign":"AFR327","hex":"3965a5","origin":"","altitude":1310.64,"velocity":117.24178760000001,"heading":240.85,"onGround":false,"type":"B77W","desc":"","military":false}},{"type":"Feature","geometry":{"type":"Point","coordinates":[3.040314,50.70898]},"properties":{"callsign":"UAL19","hex":"aacc5b","origin":"","altitude":12260.58,"velocity":279.4974252,"heading":118.59,"onGround":false,"type":"B772","desc":"","military":false}},{"type":"Feature","geometry":{"type":"Point","coordinates":[3.056657,48.993996]},"properties":{"callsign":"EWG92Q","hex":"4d253b","origin":"","altitude":11689.08,"velocity":244.7210108,"heading":219.88,"onGround":false,"type":"A320","desc":"","military":false}},{"type":"Feature","geometry":{"type":"Point","coordinates":[3.076172,49.168055]},"properties":{"callsign":"RYR8VH","hex":"4ca623","origin":"","altitude":9883.140000000001,"velocity":256.193112,"heading":211.2,"onGround":false,"type":"B738","desc":"","military":false}},{"type":"Feature","geometry":{"type":"Point","coordinates":[3.108092,50.716644]},"properties":{"callsign":"EZY12VG","hex":"406015","origin":"","altitude":10645.140000000001,"velocity":259.3312204,"heading":113,"onGround":false,"type":"A320","desc":"","military":false}},{"type":"Feature","geometry":{"type":"Point","coordinates":[3.111358,51.639908]},"properties":{"callsign":"GTI8238","hex":"a658a1","origin":"","altitude":9989.82,"velocity":225.1721388,"heading":273.14,"onGround":false,"type":"B744","desc":"","military":false}},{"type":"Feature","geometry":{"type":"Point","coordinates":[3.120681,49.019577]},"properties":{"callsign":"SVA143","hex":"710119","origin":"","altitude":2148.84,"velocity":115.64701120000001,"heading":287.87,"onGround":false,"type":"B77W","desc":"","military":false}},{"type":"Feature","geometry":{"type":"Point","coordinates":[3.18512,47.756917]},"properties":{"callsign":"ITY629","hex":"4caa6d","origin":"","altitude":12367.26,"velocity":264.8357712,"heading":134.37,"onGround":false,"type":"A332","desc":"","military":false}},{"type":"Feature","geometry":{"type":"Point","coordinates":[3.18893,50.993408]},"properties":{"callsign":"UAL989","hex":"a1c7c1","origin":"","altitude":10995.66,"velocity":283.66442159999997,"heading":105.25,"onGround":false,"type":"B77W","desc":"","military":false}},{"type":"Feature","geometry":{"type":"Point","coordinates":[3.208379,49.788549]},"properties":{"callsign":"AAB45Z","hex":"44eaae","origin":"","altitude":11338.560000000001,"velocity":216.0150356,"heading":209.07,"onGround":false,"type":"C25C","desc":"","military":false}},{"type":"Feature","geometry":{"type":"Point","coordinates":[3.27754,50.073669]},"properties":{"callsign":"CSN689","hex":"781360","origin":"","altitude":1463.04,"velocity":102.4772448,"heading":250.66,"onGround":false,"type":"B789","desc":"","military":false}},{"type":"Feature","geometry":{"type":"Point","coordinates":[3.280182,52.888184]},"properties":{"callsign":"DAL92","hex":"a173a8","origin":"","altitude":10866.12,"velocity":256.7590004,"heading":89.08,"onGround":false,"type":"B763","desc":"","military":false}},{"type":"Feature","geometry":{"type":"Point","coordinates":[3.312739,48.897865]},"properties":{"callsign":"AFR551","hex":"39c428","origin":"","altitude":1684.02,"velocity":134.269884,"heading":329.11,"onGround":false,"type":"B789","desc":"","military":false}},{"type":"Feature","geometry":{"type":"Point","coordinates":[3.347433,49.0655]},"properties":{"callsign":"ETH718","hex":"040125","origin":"","altitude":12611.1,"velocity":223.47447359999998,"heading":313.32,"onGround":false,"type":"B788","desc":"","military":false}},{"type":"Feature","geometry":{"type":"Point","coordinates":[3.351191,48.439605]},"properties":{"callsign":"EJU517R","hex":"4401dc","origin":"","altitude":9555.480000000001,"velocity":185.9200616,"heading":334.07,"onGround":false,"type":"A320","desc":"","military":false}},{"type":"Feature","geometry":{"type":"Point","coordinates":[3.392874,48.780853]},"properties":{"callsign":"QTR38P","hex":"06a147","origin":"","altitude":2895.6000000000004,"velocity":139.157102,"heading":320.25,"onGround":false,"type":"A388","desc":"","military":false}},{"type":"Feature","geometry":{"type":"Point","coordinates":[3.508128,51.213409]},"properties":{"callsign":"QTR6Q","hex":"06a2e8","origin":"","altitude":10538.460000000001,"velocity":207.3723764,"heading":286.73,"onGround":false,"type":"B789","desc":"","military":false}},{"type":"Feature","geometry":{"type":"Point","coordinates":[3.527623,48.652675]},"properties":{"callsign":"REU975","hex":"3a2e24","origin":"","altitude":3048,"velocity":142.8610988,"heading":330.2,"onGround":false,"type":"B77W","desc":"","military":false}},{"type":"Feature","geometry":{"type":"Point","coordinates":[3.54288,48.299789]},"properties":{"callsign":"UAL3","hex":"a8ac35","origin":"","altitude":11711.94,"velocity":259.7427756,"heading":102.47,"onGround":false,"type":"B763","desc":"","military":false}},{"type":"Feature","geometry":{"type":"Point","coordinates":[3.545466,50.156498]},"properties":{"callsign":"RYR34HL","hex":"4d2226","origin":"","altitude":7299.96,"velocity":206.9608212,"heading":203.12,"onGround":false,"type":"B738","desc":"","military":false}},{"type":"Feature","geometry":{"type":"Point","coordinates":[3.55321,50.323105]},"properties":{"callsign":"TRA52Q","hex":"4866ee","origin":"","altitude":11018.52,"velocity":259.9999976,"heading":207.33,"onGround":false,"type":"A21N","desc":"","military":false}},{"type":"Feature","geometry":{"type":"Point","coordinates":[3.557434,52.597687]},"properties":{"callsign":"UAL946","hex":"a87223","origin":"","altitude":3924.3,"velocity":186.28017240000003,"heading":106.03,"onGround":false,"type":"B763","desc":"","military":false}},{"type":"Feature","geometry":{"type":"Point","coordinates":[3.611145,51.128556]},"properties":{"callsign":"BEL5YH","hex":"44ccd1","origin":"","altitude":4023.36,"velocity":213.59714879999999,"heading":101.39,"onGround":false,"type":"A333","desc":"","military":false}},{"type":"Feature","geometry":{"type":"Point","coordinates":[3.644931,49.495743]},"properties":{"callsign":"CXI18TY","hex":"4d23ea","origin":"","altitude":11650.980000000001,"velocity":236.4899068,"heading":226.23,"onGround":false,"type":"B738","desc":"","military":false}},{"type":"Feature","geometry":{"type":"Point","coordinates":[3.656172,52.077383]},"properties":{"callsign":"TFL9LE","hex":"485a81","origin":"","altitude":6316.9800000000005,"velocity":183.96517440000002,"heading":232.84,"onGround":false,"type":"B38M","desc":"","military":false}},{"type":"Feature","geometry":{"type":"Point","coordinates":[3.678066,52.006019]},"properties":{"callsign":"RYR3YW","hex":"4cafc3","origin":"","altitude":11871.960000000001,"velocity":218.2785892,"heading":262.82,"onGround":false,"type":"B738","desc":"","military":false}},{"type":"Feature","geometry":{"type":"Point","coordinates":[3.797895,53.104568]},"properties":{"callsign":"AUA2R","hex":"44012f","origin":"","altitude":11856.720000000001,"velocity":284.9505316,"heading":123.29,"onGround":false,"type":"B789","desc":"","military":false}},{"type":"Feature","geometry":{"type":"Point","coordinates":[3.86451,47.817947]},"properties":{"callsign":"AFR77SB","hex":"39e68c","origin":"","altitude":7360.92,"velocity":200.83893759999998,"heading":333.37,"onGround":false,"type":"BCS3","desc":"","military":false}},{"type":"Feature","geometry":{"type":"Point","coordinates":[3.898885,50.675308]},"properties":{"callsign":"BEL3ZY","hex":"44cdc5","origin":"","altitude":5524.5,"velocity":167.2971888,"heading":234.89,"onGround":false,"type":"A320","desc":"","military":false}},{"type":"Feature","geometry":{"type":"Point","coordinates":[4.016468,50.523097]},"properties":{"callsign":"RYR1ZJ","hex":"4ca703","origin":"","altitude":2667,"velocity":131.3889976,"heading":293.05,"onGround":false,"type":"B738","desc":"","military":false}},{"type":"Feature","geometry":{"type":"Point","coordinates":[4.020538,51.074695]},"properties":{"callsign":"RYR90QD","hex":"4d2262","origin":"","altitude":10652.76,"velocity":201.91927,"heading":303.57,"onGround":false,"type":"B738","desc":"","military":false}},{"type":"Feature","geometry":{"type":"Point","coordinates":[4.056182,50.820328]},"properties":{"callsign":"UAL30","hex":"a20433","origin":"","altitude":11605.26,"velocity":270.2888776,"heading":105.23,"onGround":false,"type":"B772","desc":"","military":false}},{"type":"Feature","geometry":{"type":"Point","coordinates":[4.066946,50.583801]},"properties":{"callsign":"BEL4BE","hex":"44ccc6","origin":"","altitude":3840.48,"velocity":194.76849840000003,"heading":33.69,"onGround":false,"type":"A333","desc":"","military":false}},{"type":"Feature","geometry":{"type":"Point","coordinates":[4.069595,51.180415]},"properties":{"callsign":"EWG3Y","hex":"4d23a3","origin":"","altitude":7566.660000000001,"velocity":181.34151,"heading":282.62,"onGround":false,"type":"A320","desc":"","military":false}},{"type":"Feature","geometry":{"type":"Point","coordinates":[4.162641,53.081468]},"properties":{"callsign":"T71212","hex":"500525","origin":"","altitude":14051.28,"velocity":234.27779759999999,"heading":295.21,"onGround":false,"type":"Unknown","desc":"","military":false}},{"type":"Feature","geometry":{"type":"Point","coordinates":[4.259338,52.086548]},"properties":{"callsign":"EZY37KJ","hex":"406752","origin":"","altitude":11536.68,"velocity":254.59833559999998,"heading":118.48,"onGround":false,"type":"A320","desc":"","military":false}},{"type":"Feature","geometry":{"type":"Point","coordinates":[4.354039,52.08013]},"properties":{"callsign":"KLM1708","hex":"4855d2","origin":"","altitude":1363.98,"velocity":138.8484356,"heading":39.59,"onGround":false,"type":"E75L","desc":"","military":false}},{"type":"Feature","geometry":{"type":"Point","coordinates":[4.379208,50.411316]},"properties":{"callsign":"RYR3692","hex":"4d2243","origin":"","altitude":1104.9,"velocity":122.84922720000002,"heading":161.94,"onGround":false,"type":"B738","desc":"","military":false}},{"type":"Feature","geometry":{"type":"Point","coordinates":[4.435024,51.950203]},"properties":{"callsign":"TRA6259","hex":"48597e","origin":"","altitude":0,"velocity":0,"heading":326.25,"onGround":true,"type":"B738","desc":"","military":false}},{"type":"Feature","geometry":{"type":"Point","coordinates":[4.43714,50.863586]},"properties":{"callsign":"BEL8LT","hex":"44ce66","origin":"","altitude":1112.52,"velocity":89.92481120000001,"heading":132.45,"onGround":false,"type":"A319","desc":"","military":false}},{"type":"Feature","geometry":{"type":"Point","coordinates":[4.463567,50.903503]},"properties":{"callsign":"DHK052","hex":"407dbf","origin":"","altitude":0,"velocity":0,"heading":64.69,"onGround":true,"type":"B77L","desc":"","military":false}},{"type":"Feature","geometry":{"type":"Point","coordinates":[4.478817,50.902172]},"properties":{"callsign":"TRA71U","hex":"4853d2","origin":"","altitude":0,"velocity":0,"heading":154.69,"onGround":true,"type":"B738","desc":"","military":false}},{"type":"Feature","geometry":{"type":"Point","coordinates":[4.482079,50.902905]},"properties":{"callsign":"OOSBD","hex":"44cc44","origin":"","altitude":0,"velocity":0.9774436,"heading":154.69,"onGround":true,"type":"A20N","desc":"","military":false}},{"type":"Feature","geometry":{"type":"Point","coordinates":[4.488354,50.899856]},"properties":{"callsign":"RAM844X","hex":"020066","origin":"","altitude":0,"velocity":0,"heading":334.69,"onGround":true,"type":"B738","desc":"","military":false}},{"type":"Feature","geometry":{"type":"Point","coordinates":[4.488676,50.896465]},"properties":{"callsign":"SUPP514","hex":"4481cd","origin":"","altitude":0,"velocity":0.1028888,"heading":0,"onGround":true,"type":"Unknown","desc":"","military":false}},{"type":"Feature","geometry":{"type":"Point","coordinates":[4.490309,50.894783]},"properties":{"callsign":"THA934","hex":"8852e2","origin":"","altitude":99.06,"velocity":6.5848832,"heading":16.69,"onGround":true,"type":"B789","desc":"","military":false}},{"type":"Feature","geometry":{"type":"Point","coordinates":[4.492092,50.902021]},"properties":{"callsign":"BEL28A","hex":"44ccd8","origin":"","altitude":0,"velocity":0,"heading":0,"onGround":true,"type":"A333","desc":"","military":false}},{"type":"Feature","geometry":{"type":"Point","coordinates":[4.494614,50.910187]},"properties":{"callsign":"BEL7TC","hex":"44ce77","origin":"","altitude":0,"velocity":1.9548872,"heading":253.12,"onGround":true,"type":"A319","desc":"","military":false}},{"type":"Feature","geometry":{"type":"Point","coordinates":[4.510784,50.897377]},"properties":{"callsign":"BIRD380","hex":"4481af","origin":"","altitude":0,"velocity":6.276216799999999,"heading":90,"onGround":true,"type":"GND","desc":"","military":false}},{"type":"Feature","geometry":{"type":"Point","coordinates":[4.579102,52.192228]},"properties":{"callsign":"SIA324","hex":"76ceec","origin":"","altitude":967.74,"velocity":85.08903760000001,"heading":284.71,"onGround":false,"type":"B77W","desc":"","military":false}},{"type":"Feature","geometry":{"type":"Point","coordinates":[4.606781,52.238846]},"properties":{"callsign":"KLM616","hex":"485b44","origin":"","altitude":617.22,"velocity":91.7768096,"heading":57.82,"onGround":false,"type":"B78X","desc":"","military":false}},{"type":"Feature","geometry":{"type":"Point","coordinates":[4.71235,52.365635]},"properties":{"callsign":"TRA5721","hex":"4869bd","origin":"","altitude":335.28000000000003,"velocity":86.1179256,"heading":3.77,"onGround":false,"type":"A21N","desc":"","military":false}},{"type":"Feature","geometry":{"type":"Point","coordinates":[4.722933,50.944885]},"properties":{"callsign":"ACA832","hex":"c01759","origin":"","altitude":906.7800000000001,"velocity":91.46814320000001,"heading":249.93,"onGround":false,"type":"B77W","desc":"","military":false}},{"type":"Feature","geometry":{"type":"Point","coordinates":[4.743386,52.313112]},"properties":{"callsign":"OH14","hex":"4846bb","origin":"","altitude":0,"velocity":5.2473288,"heading":213.75,"onGround":true,"type":"Unknown","desc":"","military":false}},{"type":"Feature","geometry":{"type":"Point","coordinates":[4.743958,52.313313]},"properties":{"callsign":"V7","hex":"4846e0","origin":"","altitude":0,"velocity":0,"heading":0,"onGround":true,"type":"GND","desc":"","military":false}},{"type":"Feature","geometry":{"type":"Point","coordinates":[4.747334,52.323532]},"properties":{"callsign":"GP","hex":"485275","origin":"","altitude":0,"velocity":0,"heading":143.44,"onGround":true,"type":"Unknown","desc":"","military":false}},{"type":"Feature","geometry":{"type":"Point","coordinates":[4.748249,52.314091]},"properties":{"callsign":"DC","hex":"485269","origin":"","altitude":0,"velocity":7.973882000000001,"heading":87.19,"onGround":true,"type":"Unknown","desc":"","military":false}},{"type":"Feature","geometry":{"type":"Point","coordinates":[4.75449,52.312472]},"properties":{"callsign":"C1","hex":"484207","origin":"","altitude":0,"velocity":7.6137712,"heading":177.19,"onGround":true,"type":"Unknown","desc":"","military":false}},{"type":"Feature","geometry":{"type":"Point","coordinates":[4.757919,52.314365]},"properties":{"callsign":"P1","hex":"484202","origin":"","altitude":0,"velocity":12.603878,"heading":90,"onGround":true,"type":"GND","desc":"","military":false}},{"type":"Feature","geometry":{"type":"Point","coordinates":[4.758148,51.053746]},"properties":{"callsign":"GFA007","hex":"89408f","origin":"","altitude":11902.44,"velocity":227.5900256,"heading":290.65,"onGround":false,"type":"B789","desc":"","military":false}},{"type":"Feature","geometry":{"type":"Point","coordinates":[4.760532,52.314915]},"properties":{"callsign":"OH3","hex":"4842b1","origin":"","altitude":0,"velocity":0,"heading":0,"onGround":true,"type":"Unknown","desc":"","military":false}},{"type":"Feature","geometry":{"type":"Point","coordinates":[4.763565,52.31456]},"properties":{"callsign":"C3","hex":"484208","origin":"","altitude":0,"velocity":12.603878,"heading":84.38,"onGround":true,"type":"GND","desc":"","military":false}},{"type":"Feature","geometry":{"type":"Point","coordinates":[4.764519,52.302704]},"properties":{"callsign":"SAS550","hex":"45ac50","origin":"","altitude":0,"velocity":6.7906607999999995,"heading":239.06,"onGround":true,"type":"A319","desc":"","military":false}},{"type":"Feature","geometry":{"type":"Point","coordinates":[4.766712,52.303448]},"properties":{"callsign":"KLM28H","hex":"4852f4","origin":"","altitude":45.72,"velocity":6.5848832,"heading":252.95,"onGround":true,"type":"E75L","desc":"","military":false}},{"type":"Feature","geometry":{"type":"Point","coordinates":[4.767674,52.470843]},"properties":{"callsign":"TFL5TX","hex":"4cae85","origin":"","altitude":1280.16,"velocity":138.642658,"heading":43.65,"onGround":false,"type":"B738","desc":"","military":false}},{"type":"Feature","geometry":{"type":"Point","coordinates":[4.767772,52.313403]},"properties":{"callsign":"C5","hex":"48420a","origin":"","altitude":0,"velocity":1.9548872,"heading":250.31,"onGround":true,"type":"GND","desc":"","military":false}},{"type":"Feature","geometry":{"type":"Point","coordinates":[4.76838,52.310563]},"properties":{"callsign":"TRA79H","hex":"4841a9","origin":"","altitude":0,"velocity":0,"heading":33.75,"onGround":true,"type":"B738","desc":"","military":false}},{"type":"Feature","geometry":{"type":"Point","coordinates":[4.76838,52.306909]},"properties":{"callsign":"EJU74CD","hex":"440cbe","origin":"","altitude":0,"velocity":0,"heading":149.06,"onGround":true,"type":"A20N","desc":"","military":false}},{"type":"Feature","geometry":{"type":"Point","coordinates":[4.770145,52.314182]},"properties":{"callsign":"DAL160","hex":"a67bd3","origin":"","altitude":0,"velocity":0,"heading":303.75,"onGround":true,"type":"A359","desc":"","military":false}},{"type":"Feature","geometry":{"type":"Point","coordinates":[4.771461,52.310772]},"properties":{"callsign":"TRA2K","hex":"4868ba","origin":"","altitude":0,"velocity":0,"heading":261.56,"onGround":true,"type":"A21N","desc":"","military":false}},{"type":"Feature","geometry":{"type":"Point","coordinates":[4.774827,48.47525]},"properties":{"callsign":"NJE321W","hex":"494143","origin":"","altitude":12984.480000000001,"velocity":224.1432508,"heading":106.4,"onGround":false,"type":"E55P","desc":"","military":false}},{"type":"Feature","geometry":{"type":"Point","coordinates":[4.77541,52.319847]},"properties":{"callsign":"OH39","hex":"485299","origin":"","altitude":0,"velocity":11.57499,"heading":28.12,"onGround":true,"type":"Unknown","desc":"","military":false}},{"type":"Feature","geometry":{"type":"Point","coordinates":[4.776173,52.314777]},"properties":{"callsign":"CPA271","hex":"78922f","origin":"","altitude":0,"velocity":7.0993272,"heading":337.5,"onGround":true,"type":"A35K","desc":"","military":false}},{"type":"Feature","geometry":{"type":"Point","coordinates":[4.785252,52.301537]},"properties":{"callsign":"KV2","hex":"484204","origin":"","altitude":0,"velocity":10.546102,"heading":25.31,"onGround":true,"type":"GND","desc":"","military":false}},{"type":"Feature","geometry":{"type":"Point","coordinates":[4.792589,52.310936]},"properties":{"callsign":"4846d3","hex":"4846d3","origin":"","altitude":0,"velocity":7.6137712,"heading":303.75,"onGround":true,"type":"Unknown","desc":"","military":false}},{"type":"Feature","geometry":{"type":"Point","coordinates":[4.796162,52.311665]},"properties":{"callsign":"GND","hex":"4842c5","origin":"","altitude":0,"velocity":13.632766,"heading":210.94,"onGround":true,"type":"GND","desc":"","military":false}},{"type":"Feature","geometry":{"type":"Point","coordinates":[4.800835,52.315201]},"properties":{"callsign":"4846dd","hex":"4846dd","origin":"","altitude":0,"velocity":5.555995200000001,"heading":39.38,"onGround":true,"type":"Unknown","desc":"","military":false}},{"type":"Feature","geometry":{"type":"Point","coordinates":[4.803524,52.31694]},"properties":{"callsign":"OH53","hex":"4842c6","origin":"","altitude":0,"velocity":6.070439200000001,"heading":253.12,"onGround":true,"type":"GND","desc":"","military":false}},{"type":"Feature","geometry":{"type":"Point","coordinates":[4.830933,52.250153]},"properties":{"callsign":"KLM1497","hex":"3c6d43","origin":"","altitude":3970.02,"velocity":155.67075440000002,"heading":198.49,"onGround":false,"type":"E190","desc":"","military":false}},{"type":"Feature","geometry":{"type":"Point","coordinates":[4.831473,52.681026]},"properties":{"callsign":"ACA838","hex":"c038a7","origin":"","altitude":11529.060000000001,"velocity":275.4333176,"heading":133.71,"onGround":false,"type":"B789","desc":"","military":false}},{"type":"Feature","geometry":{"type":"Point","coordinates":[4.844896,50.983658]},"properties":{"callsign":"CHH469","hex":"781060","origin":"","altitude":906.7800000000001,"velocity":92.857142,"heading":209.55,"onGround":false,"type":"B789","desc":"","military":false}},{"type":"Feature","geometry":{"type":"Point","coordinates":[4.880231,50.357837]},"properties":{"callsign":"EWG13G","hex":"3c54a5","origin":"","altitude":10454.640000000001,"velocity":218.2785892,"heading":225.57,"onGround":false,"type":"A21N","desc":"","military":false}},{"type":"Feature","geometry":{"type":"Point","coordinates":[4.904817,49.559418]},"properties":{"callsign":"THA930","hex":"88516c","origin":"","altitude":8001,"velocity":214.008704,"heading":263.1,"onGround":false,"type":"B773","desc":"","military":false}},{"type":"Feature","geometry":{"type":"Point","coordinates":[4.976964,52.418285]},"properties":{"callsign":"KLM30K","hex":"48548d","origin":"","altitude":3154.6800000000003,"velocity":135.6588828,"heading":251.43,"onGround":false,"type":"E75L","desc":"","military":false}},{"type":"Feature","geometry":{"type":"Point","coordinates":[4.993286,50.651276]},"properties":{"callsign":"ETD49D","hex":"8964ff","origin":"","altitude":11917.68,"velocity":228.0015808,"heading":297.26,"onGround":false,"type":"B78X","desc":"","military":false}},{"type":"Feature","geometry":{"type":"Point","coordinates":[5.024438,49.682648]},"properties":{"callsign":"WMT6738","hex":"4d242a","origin":"","altitude":8496.300000000001,"velocity":204.23426800000001,"heading":264.22,"onGround":false,"type":"A320","desc":"","military":false}},{"type":"Feature","geometry":{"type":"Point","coordinates":[5.037384,50.971535]},"properties":{"callsign":"TAP56DP","hex":"495290","origin":"","altitude":11894.82,"velocity":229.2876908,"heading":214.12,"onGround":false,"type":"A319","desc":"","military":false}},{"type":"Feature","geometry":{"type":"Point","coordinates":[5.117746,52.1494]},"properties":{"callsign":"KLM22A","hex":"4852f5","origin":"","altitude":1333.5,"velocity":131.95488600000002,"heading":252.77,"onGround":false,"type":"E75L","desc":"","military":false}},{"type":"Feature","geometry":{"type":"Point","coordinates":[5.149619,50.500007]},"properties":{"callsign":"ANE1326","hex":"344195","origin":"","altitude":8618.220000000001,"velocity":209.94459640000002,"heading":226.09,"onGround":false,"type":"CRJX","desc":"","military":false}},{"type":"Feature","geometry":{"type":"Point","coordinates":[5.156274,49.212931]},"properties":{"callsign":"LHX98X","hex":"3c6549","origin":"","altitude":11041.380000000001,"velocity":220.7993648,"heading":83.04,"onGround":false,"type":"A20N","desc":"","military":false}},{"type":"Feature","geometry":{"type":"Point","coordinates":[5.231516,50.456589]},"properties":{"callsign":"FHY8347","hex":"4b9856","origin":"","altitude":5326.38,"velocity":216.42659079999999,"heading":135.48,"onGround":false,"type":"A320","desc":"","military":false}},{"type":"Feature","geometry":{"type":"Point","coordinates":[5.245819,50.872006]},"properties":{"callsign":"SIA312","hex":"76cda2","origin":"","altitude":12512.04,"velocity":230.5223564,"heading":288.07,"onGround":false,"type":"A359","desc":"","military":false}},{"type":"Feature","geometry":{"type":"Point","coordinates":[5.260925,52.175766]},"properties":{"callsign":"KLM280","hex":"485f85","origin":"","altitude":2095.5,"velocity":133.1381072,"heading":253.39,"onGround":false,"type":"B78X","desc":"","military":false}},{"type":"Feature","geometry":{"type":"Point","coordinates":[5.296494,50.032745]},"properties":{"callsign":"RYR7CW","hex":"4ca4ec","origin":"","altitude":7673.34,"velocity":226.92124840000002,"heading":138.03,"onGround":false,"type":"B738","desc":"","military":false}},{"type":"Feature","geometry":{"type":"Point","coordinates":[5.296524,51.62709]},"properties":{"callsign":"WMT1UM","hex":"4d242e","origin":"","altitude":10927.08,"velocity":204.28571240000002,"heading":285.33,"onGround":false,"type":"A21N","desc":"","military":false}},{"type":"Feature","geometry":{"type":"Point","coordinates":[5.33371,51.5796]},"properties":{"callsign":"RYR9267","hex":"4d2304","origin":"","altitude":11559.54,"velocity":234.329242,"heading":223.75,"onGround":false,"type":"B38M","desc":"","military":false}},{"type":"Feature","geometry":{"type":"Point","coordinates":[5.338316,50.325576]},"properties":{"callsign":"JAF97T","hex":"44d1a7","origin":"","altitude":6682.740000000001,"velocity":214.1115928,"heading":147.76,"onGround":false,"type":"B38M","desc":"","military":false}},{"type":"Feature","geometry":{"type":"Point","coordinates":[5.378723,52.398148]},"properties":{"callsign":"KLM42W","hex":"484132","origin":"","altitude":2156.46,"velocity":129.5369992,"heading":225.97,"onGround":false,"type":"B738","desc":"","military":false}},{"type":"Feature","geometry":{"type":"Point","coordinates":[5.389481,51.459868]},"properties":{"callsign":"TRA25E","hex":"484f6d","origin":"","altitude":0,"velocity":0,"heading":306.56,"onGround":true,"type":"B738","desc":"","military":false}},{"type":"Feature","geometry":{"type":"Point","coordinates":[5.390408,51.458038]},"properties":{"callsign":"PH-HBN","hex":"4854cf","origin":"","altitude":0,"velocity":0.1028888,"heading":126.56,"onGround":true,"type":"B738","desc":"","military":false}},{"type":"Feature","geometry":{"type":"Point","coordinates":[5.438381,51.297409]},"properties":{"callsign":"RYR13QY","hex":"4d244b","origin":"","altitude":11247.12,"velocity":231.3969112,"heading":220.31,"onGround":false,"type":"B38M","desc":"","military":false}},{"type":"Feature","geometry":{"type":"Point","coordinates":[5.461651,49.857651]},"properties":{"callsign":"RYR64CZ","hex":"4d2215","origin":"","altitude":8519.16,"velocity":243.4349008,"heading":136.46,"onGround":false,"type":"B738","desc":"","military":false}},{"type":"Feature","geometry":{"type":"Point","coordinates":[5.480194,52.181534]},"properties":{"callsign":"DLH449","hex":"3c6573","origin":"","altitude":12161.52,"velocity":259.69133120000004,"heading":130.82,"onGround":false,"type":"A333","desc":"","military":false}},{"type":"Feature","geometry":{"type":"Point","coordinates":[5.491359,52.170534]},"properties":{"callsign":"TRA5011","hex":"4866e0","origin":"","altitude":6248.400000000001,"velocity":207.1665988,"heading":127.84,"onGround":false,"type":"A21N","desc":"","military":false}},{"type":"Feature","geometry":{"type":"Point","coordinates":[5.552104,51.866043]},"properties":{"callsign":"ACA886","hex":"c0174d","origin":"","altitude":11529.060000000001,"velocity":269.5172116,"heading":112.8,"onGround":false,"type":"B77L","desc":"","military":false}},{"type":"Feature","geometry":{"type":"Point","coordinates":[5.626262,51.390701]},"properties":{"callsign":"CHH757","hex":"78158e","origin":"","altitude":11551.92,"velocity":246.11000959999998,"heading":218.38,"onGround":false,"type":"B789","desc":"","military":false}},{"type":"Feature","geometry":{"type":"Point","coordinates":[5.64341,49.626268]},"properties":{"callsign":"TUI9WT","hex":"3c7438","origin":"","altitude":9715.5,"velocity":219.7190324,"heading":263.14,"onGround":false,"type":"B38M","desc":"","military":false}},{"type":"Feature","geometry":{"type":"Point","coordinates":[5.713196,50.833321]},"properties":{"callsign":"BAW142","hex":"407f2c","origin":"","altitude":11894.82,"velocity":231.6026888,"heading":291.09,"onGround":false,"type":"A35K","desc":"","military":false}},{"type":"Feature","geometry":{"type":"Point","coordinates":[5.828175,50.492844]},"properties":{"callsign":"OCN51","hex":"3c6570","origin":"","altitude":9860.28,"velocity":249.14522920000002,"heading":107.05,"onGround":false,"type":"A333","desc":"","military":false}},{"type":"Feature","geometry":{"type":"Point","coordinates":[5.831229,52.587968]},"properties":{"callsign":"KLM1750","hex":"486800","origin":"","altitude":3970.02,"velocity":140.8033228,"heading":244.46,"onGround":false,"type":"E295","desc":"","military":false}},{"type":"Feature","geometry":{"type":"Point","coordinates":[5.981188,50.265747]},"properties":{"callsign":"AFR13AB","hex":"39bdb7","origin":"","altitude":9448.800000000001,"velocity":224.297584,"heading":216.61,"onGround":false,"type":"BCS3","desc":"","military":false}},{"type":"Feature","geometry":{"type":"Point","coordinates":[6.002121,50.674904]},"properties":{"callsign":"CSS120","hex":"78037c","origin":"","altitude":10317.480000000001,"velocity":257.993666,"heading":43.46,"onGround":false,"type":"B744","desc":"","military":false}},{"type":"Feature","geometry":{"type":"Point","coordinates":[6.194582,50.73642]},"properties":{"callsign":"FIN8AX","hex":"461e1d","origin":"","altitude":8458.2,"velocity":227.1784704,"heading":64.94,"onGround":false,"type":"E190","desc":"","military":false}},{"type":"Feature","geometry":{"type":"Point","coordinates":[6.286778,51.342911]},"properties":{"callsign":"RYR76CE","hex":"48c224","origin":"","altitude":11544.300000000001,"velocity":212.15670559999998,"heading":288.96,"onGround":false,"type":"B738","desc":"","military":false}},{"type":"Feature","geometry":{"type":"Point","coordinates":[6.290468,50.579086]},"properties":{"callsign":"TAP53EI","hex":"4951d8","origin":"","altitude":11894.82,"velocity":218.79303320000002,"heading":243.31,"onGround":false,"type":"A320","desc":"","military":false}},{"type":"Feature","geometry":{"type":"Point","coordinates":[6.313501,50.235358]},"properties":{"callsign":"UAE9W","hex":"8963e1","origin":"","altitude":11285.220000000001,"velocity":227.3328036,"heading":297.78,"onGround":false,"type":"B77W","desc":"","military":false}},{"type":"Feature","geometry":{"type":"Point","coordinates":[6.400452,52.14949]},"properties":{"callsign":"TAP757P","hex":"4951d9","origin":"","altitude":11216.640000000001,"velocity":218.6901444,"heading":219.08,"onGround":false,"type":"A320","desc":"","military":false}},{"type":"Feature","geometry":{"type":"Point","coordinates":[6.407166,51.390319]},"properties":{"callsign":"EWG47E","hex":"3c54a3","origin":"","altitude":4251.96,"velocity":144.4044308,"heading":280.47,"onGround":false,"type":"A21N","desc":"","military":false}},{"type":"Feature","geometry":{"type":"Point","coordinates":[6.476296,50.654755]},"properties":{"callsign":"UAE7","hex":"8963f1","origin":"","altitude":12527.28,"velocity":230.21369,"heading":291.64,"onGround":false,"type":"A388","desc":"","military":false}},{"type":"Feature","geometry":{"type":"Point","coordinates":[6.476368,50.650681]},"properties":{"callsign":"VIR303","hex":"406c3a","origin":"","altitude":11910.060000000001,"velocity":231.3969112,"heading":291.66,"onGround":false,"type":"B789","desc":"","military":false}},{"type":"Feature","geometry":{"type":"Point","coordinates":[4.407028,47.822937]},"properties":{"callsign":"AFR49LA","hex":"392ae8","origin":"","altitude":8290.560000000001,"velocity":178.2034016,"heading":354.87,"onGround":false,"type":"A320","desc":"","military":false}},{"type":"Feature","geometry":{"type":"Point","coordinates":[4.433547,46.872843]},"properties":{"callsign":"CCM55VN","hex":"398640","origin":"","altitude":10828.02,"velocity":208.29837559999999,"heading":328.43,"onGround":false,"type":"A320","desc":"","military":false}},{"type":"Feature","geometry":{"type":"Point","coordinates":[4.507811,46.845795]},"properties":{"callsign":"EJU94TZ","hex":"440096","origin":"","altitude":11148.060000000001,"velocity":255.73011240000002,"heading":134.27,"onGround":false,"type":"A320","desc":"","military":false}},{"type":"Feature","geometry":{"type":"Point","coordinates":[4.586517,46.683096]},"properties":{"callsign":"CCM32KY","hex":"39dd42","origin":"","altitude":10340.34,"velocity":215.294814,"heading":329.08,"onGround":false,"type":"A20N","desc":"","military":false}},{"type":"Feature","geometry":{"type":"Point","coordinates":[4.692289,46.894583]},"properties":{"callsign":"AFR149","hex":"3949ec","origin":"","altitude":12047.220000000001,"velocity":225.583694,"heading":338.88,"onGround":false,"type":"B772","desc":"","military":false}},{"type":"Feature","geometry":{"type":"Point","coordinates":[4.814423,46.511398]},"properties":{"callsign":"EJU31ZN","hex":"440cb1","origin":"","altitude":11155.68,"velocity":246.8816756,"heading":117.15,"onGround":false,"type":"A320","desc":"","military":false}},{"type":"Feature","geometry":{"type":"Point","coordinates":[4.882256,48.113937]},"properties":{"callsign":"ETD3F4","hex":"89649e","origin":"","altitude":9578.34,"velocity":210.92204,"heading":298.88,"onGround":false,"type":"A388","desc":"","military":false}},{"type":"Feature","geometry":{"type":"Point","coordinates":[5.067913,46.033813]},"properties":{"callsign":"AFR15NA","hex":"392aee","origin":"","altitude":10210.800000000001,"velocity":226.86980400000002,"heading":0.78,"onGround":false,"type":"A320","desc":"","military":false}},{"type":"Feature","geometry":{"type":"Point","coordinates":[5.087072,45.737274]},"properties":{"callsign":"EJU19ZL","hex":"44023f","origin":"","altitude":289.56,"velocity":63.533834,"heading":174.89,"onGround":false,"type":"A320","desc":"","military":false}},{"type":"Feature","geometry":{"type":"Point","coordinates":[5.089159,45.735281]},"properties":{"callsign":"LA1","hex":"~3875ff","origin":"","altitude":0,"velocity":10.546102,"heading":171.56,"onGround":true,"type":"Unknown","desc":"","military":false}},{"type":"Feature","geometry":{"type":"Point","coordinates":[5.097176,45.662206]},"properties":{"callsign":"KLM1426","hex":"485a34","origin":"","altitude":883.9200000000001,"velocity":118.9394528,"heading":169.03,"onGround":false,"type":"B738","desc":"","military":false}},{"type":"Feature","geometry":{"type":"Point","coordinates":[5.15554,45.913122]},"properties":{"callsign":"RYR88SA","hex":"4d224f","origin":"","altitude":11742.42,"velocity":219.6161436,"heading":236.76,"onGround":false,"type":"B738","desc":"","military":false}},{"type":"Feature","geometry":{"type":"Point","coordinates":[5.196945,46.081176]},"properties":{"callsign":"EJU395J","hex":"440713","origin":"","altitude":10820.4,"velocity":208.40126440000003,"heading":335.97,"onGround":false,"type":"A320","desc":"","military":false}},{"type":"Feature","geometry":{"type":"Point","coordinates":[5.334824,47.700714]},"properties":{"callsign":"EZS804A","hex":"4b0281","origin":"","altitude":10172.7,"velocity":210.407596,"heading":223.02,"onGround":false,"type":"A20N","desc":"","military":false}},{"type":"Feature","geometry":{"type":"Point","coordinates":[5.518021,47.061813]},"properties":{"callsign":"MAU14","hex":"06002f","origin":"","altitude":12131.04,"velocity":213.9572596,"heading":330.78,"onGround":false,"type":"A359","desc":"","military":false}},{"type":"Feature","geometry":{"type":"Point","coordinates":[5.67897,47.384491]},"properties":{"callsign":"EZS43XU","hex":"4b0280","origin":"","altitude":10789.92,"velocity":230.0079124,"heading":358.72,"onGround":false,"type":"A20N","desc":"","military":false}},{"type":"Feature","geometry":{"type":"Point","coordinates":[5.981319,46.498352]},"properties":{"callsign":"AFR11QX","hex":"39bb24","origin":"","altitude":11414.76,"velocity":211.8994836,"heading":280.49,"onGround":false,"type":"BCS3","desc":"","military":false}},{"type":"Feature","geometry":{"type":"Point","coordinates":[5.999496,45.936817]},"properties":{"callsign":"ITY317","hex":"4cadcb","origin":"","altitude":11765.28,"velocity":240.8112364,"heading":135.17,"onGround":false,"type":"A20N","desc":"","military":false}},{"type":"Feature","geometry":{"type":"Point","coordinates":[6.006507,45.221635]},"properties":{"callsign":"CCA845","hex":"781347","origin":"","altitude":12222.480000000001,"velocity":244.2580112,"heading":199.69,"onGround":false,"type":"A359","desc":"","military":false}},{"type":"Feature","geometry":{"type":"Point","coordinates":[6.016555,45.34039]},"properties":{"callsign":"LGL6EP","hex":"4d00f6","origin":"","altitude":11148.060000000001,"velocity":219.25603279999999,"heading":201.33,"onGround":false,"type":"B738","desc":"","military":false}},{"type":"Feature","geometry":{"type":"Point","coordinates":[6.073765,45.456212]},"properties":{"callsign":"TVF72YR","hex":"39d30c","origin":"","altitude":7665.72,"velocity":212.0538168,"heading":114.2,"onGround":false,"type":"B738","desc":"","military":false}},{"type":"Feature","geometry":{"type":"Point","coordinates":[6.107946,46.231773]},"properties":{"callsign":"AFR79JE","hex":"39e683","origin":"","altitude":0,"velocity":0,"heading":135,"onGround":true,"type":"BCS3","desc":"","military":false}},{"type":"Feature","geometry":{"type":"Point","coordinates":[6.11606,48.411674]},"properties":{"callsign":"TVF60HA","hex":"39d30f","origin":"","altitude":12298.68,"velocity":249.248118,"heading":96.88,"onGround":false,"type":"B738","desc":"","military":false}},{"type":"Feature","geometry":{"type":"Point","coordinates":[6.125376,46.249253]},"properties":{"callsign":"HB-JXA","hex":"4b1a1a","origin":"","altitude":0,"velocity":24.43609,"heading":225,"onGround":true,"type":"A320","desc":"","military":false}},{"type":"Feature","geometry":{"type":"Point","coordinates":[6.150103,49.605011]},"properties":{"callsign":"BEL5BN","hex":"502d45","origin":"","altitude":9166.86,"velocity":236.0783516,"heading":152.76,"onGround":false,"type":"BCS3","desc":"","military":false}},{"type":"Feature","geometry":{"type":"Point","coordinates":[6.178671,45.409986]},"properties":{"callsign":"EWG2WE","hex":"4d240e","origin":"","altitude":11780.52,"velocity":227.8472476,"heading":201.18,"onGround":false,"type":"A320","desc":"","military":false}},{"type":"Feature","geometry":{"type":"Point","coordinates":[6.340049,46.39682]},"properties":{"callsign":"CCA861","hex":"781343","origin":"","altitude":1600.2,"velocity":103.660466,"heading":225.2,"onGround":false,"type":"A359","desc":"","military":false}},{"type":"Feature","geometry":{"type":"Point","coordinates":[6.397903,49.960234]},"properties":{"callsign":"RYR41DZ","hex":"4cae4c","origin":"","altitude":10416.54,"velocity":242.1487908,"heading":167.74,"onGround":false,"type":"B38M","desc":"","military":false}},{"type":"Feature","geometry":{"type":"Point","coordinates":[6.445759,45.971558]},"properties":{"callsign":"EWG58L","hex":"3c56ef","origin":"","altitude":12367.26,"velocity":223.78314,"heading":200.31,"onGround":false,"type":"A320","desc":"","military":false}},{"type":"Feature","geometry":{"type":"Point","coordinates":[6.458889,45.351842]},"properties":{"callsign":"WMT13EP","hex":"4d20bc","origin":"","altitude":11475.720000000001,"velocity":213.59714879999999,"heading":275.94,"onGround":false,"type":"B734","desc":"","military":false}},{"type":"Feature","geometry":{"type":"Point","coordinates":[6.468851,49.727097]},"properties":{"callsign":"EWG7C","hex":"3c55c9","origin":"","altitude":12115.800000000001,"velocity":242.86901240000003,"heading":167.52,"onGround":false,"type":"A20N","desc":"","military":false}},{"type":"Feature","geometry":{"type":"Point","coordinates":[6.492317,45.754761]},"properties":{"callsign":"RYR221L","hex":"4ca61f","origin":"","altitude":12047.220000000001,"velocity":227.2813592,"heading":352.46,"onGround":false,"type":"B738","desc":"","military":false}},{"type":"Feature","geometry":{"type":"Point","coordinates":[6.501882,49.53772]},"properties":{"callsign":"RYR87MC","hex":"4d223a","origin":"","altitude":11003.28,"velocity":229.442024,"heading":165.59,"onGround":false,"type":"B738","desc":"","military":false}},{"type":"Feature","geometry":{"type":"Point","coordinates":[6.52169,46.225488]},"properties":{"callsign":"EWG4EH","hex":"3c54a4","origin":"","altitude":11780.52,"velocity":234.27779759999999,"heading":207.75,"onGround":false,"type":"A21N","desc":"","military":false}},{"type":"Feature","geometry":{"type":"Point","coordinates":[6.525879,48.107208]},"properties":{"callsign":"BEL9TK","hex":"44ccc5","origin":"","altitude":12603.480000000001,"velocity":238.5991272,"heading":7.31,"onGround":false,"type":"A333","desc":"","military":false}},{"type":"Feature","geometry":{"type":"Point","coordinates":[6.531578,47.013428]},"properties":{"callsign":"KLM20Q","hex":"485870","origin":"","altitude":10759.44,"velocity":212.72259400000002,"heading":353.75,"onGround":false,"type":"E75L","desc":"","military":false}},{"type":"Feature","geometry":{"type":"Point","coordinates":[6.592209,48.002563]},"properties":{"callsign":"KLM86M","hex":"484cc3","origin":"","altitude":8214.36,"velocity":181.65017640000002,"heading":352.35,"onGround":false,"type":"E190","desc":"","military":false}},{"type":"Feature","geometry":{"type":"Point","coordinates":[6.596397,48.142548]},"properties":{"callsign":"SDR20QC","hex":"501c13","origin":"","altitude":11666.220000000001,"velocity":220.5421428,"heading":192.8,"onGround":false,"type":"A319","desc":"","military":false}},{"type":"Feature","geometry":{"type":"Point","coordinates":[6.657921,46.368822]},"properties":{"callsign":"RYR83TK","hex":"4ca853","origin":"","altitude":12039.6,"velocity":214.6260368,"heading":318.4,"onGround":false,"type":"B738","desc":"","military":false}},{"type":"Feature","geometry":{"type":"Point","coordinates":[6.672487,51.486923]},"properties":{"callsign":"TRA40K","hex":"4867b0","origin":"","altitude":10309.86,"velocity":246.83023120000001,"heading":132.64,"onGround":false,"type":"A21N","desc":"","military":false}},{"type":"Feature","geometry":{"type":"Point","coordinates":[6.740558,50.551541]},"properties":{"callsign":"VJT157","hex":"4d2130","origin":"","altitude":13495.02,"velocity":228.7732468,"heading":289.17,"onGround":false,"type":"GLEX","desc":"","military":false}},{"type":"Feature","geometry":{"type":"Point","coordinates":[6.74375,51.275757]},"properties":{"callsign":"EWG5B","hex":"4d2415","origin":"","altitude":411.48,"velocity":76.13771200000001,"heading":233.52,"onGround":false,"type":"A320","desc":"","military":false}},{"type":"Feature","geometry":{"type":"Point","coordinates":[6.746473,48.509015]},"properties":{"callsign":"EJU38QP","hex":"440389","origin":"","altitude":11460.480000000001,"velocity":248.78511840000002,"heading":126.25,"onGround":false,"type":"EFOX","desc":"","military":false}},{"type":"Feature","geometry":{"type":"Point","coordinates":[6.757648,48.843018]},"properties":{"callsign":"MBU3UM","hex":"511194","origin":"","altitude":11635.74,"velocity":228.670358,"heading":182.71,"onGround":false,"type":"A20N","desc":"","military":false}},{"type":"Feature","geometry":{"type":"Point","coordinates":[6.801428,49.65392]},"properties":{"callsign":"WUK7LU","hex":"407b55","origin":"","altitude":11628.12,"velocity":244.4637888,"heading":122.45,"onGround":false,"type":"A21N","desc":"","military":false}},{"type":"Feature","geometry":{"type":"Point","coordinates":[6.827316,46.86795]},"properties":{"callsign":"WZZ4ZQ","hex":"471d70","origin":"","altitude":11117.58,"velocity":220.3878096,"heading":231.44,"onGround":false,"type":"Unknown","desc":"","military":false}},{"type":"Feature","geometry":{"type":"Point","coordinates":[6.838767,51.326614]},"properties":{"callsign":"PGT1647","hex":"4bc850","origin":"","altitude":396.24,"velocity":68.62682960000001,"heading":232.61,"onGround":false,"type":"A21N","desc":"","military":false}},{"type":"Feature","geometry":{"type":"Point","coordinates":[6.929894,46.836365]},"properties":{"callsign":"TAP557H","hex":"4952cf","origin":"","altitude":11742.42,"velocity":220.13058759999998,"heading":234.42,"onGround":false,"type":"A20N","desc":"","military":false}},{"type":"Feature","geometry":{"type":"Point","coordinates":[6.987586,48.465042]},"properties":{"callsign":"ACA836","hex":"c051e2","origin":"","altitude":12230.1,"velocity":258.0965548,"heading":93.08,"onGround":false,"type":"A333","desc":"","military":false}},{"type":"Feature","geometry":{"type":"Point","coordinates":[6.994505,50.490697]},"properties":{"callsign":"SXS1XP","hex":"4bcd84","origin":"","altitude":7002.780000000001,"velocity":185.2512844,"heading":282.18,"onGround":false,"type":"B38M","desc":"","military":false}},{"type":"Feature","geometry":{"type":"Point","coordinates":[7.048019,49.70723]},"properties":{"callsign":"AFR53SP","hex":"39856b","origin":"","altitude":7589.52,"velocity":197.803718,"heading":272.98,"onGround":false,"type":"E190","desc":"","military":false}},{"type":"Feature","geometry":{"type":"Point","coordinates":[7.061815,47.749748]},"properties":{"callsign":"SWR7C","hex":"4b1903","origin":"","altitude":7620,"velocity":227.0755816,"heading":111.39,"onGround":false,"type":"A343","desc":"","military":false}},{"type":"Feature","geometry":{"type":"Point","coordinates":[7.082825,50.735655]},"properties":{"callsign":"RYR5ME","hex":"48c227","origin":"","altitude":11887.2,"velocity":223.57736240000003,"heading":227.42,"onGround":false,"type":"B738","desc":"","military":false}},{"type":"Feature","geometry":{"type":"Point","coordinates":[7.105267,47.483469]},"properties":{"callsign":"BAW765","hex":"408227","origin":"","altitude":5074.92,"velocity":152.3783128,"heading":256.53,"onGround":false,"type":"A21N","desc":"","military":false}},{"type":"Feature","geometry":{"type":"Point","coordinates":[7.117386,51.275474]},"properties":{"callsign":"EWG6902","hex":"3c4906","origin":"","altitude":1889.76,"velocity":134.012662,"heading":345.32,"onGround":false,"type":"A320","desc":"","military":false}},{"type":"Feature","geometry":{"type":"Point","coordinates":[7.11755,48.794892]},"properties":{"callsign":"JAF61W","hex":"449682","origin":"","altitude":11041.380000000001,"velocity":239.730904,"heading":135.96,"onGround":false,"type":"E295","desc":"","military":false}},{"type":"Feature","geometry":{"type":"Point","coordinates":[7.136362,51.133438]},"properties":{"callsign":"EWG1XZ","hex":"4d2477","origin":"","altitude":4876.8,"velocity":180.20973320000002,"heading":124.42,"onGround":false,"type":"A320","desc":"","military":false}},{"type":"Feature","geometry":{"type":"Point","coordinates":[7.182746,49.638885]},"properties":{"callsign":"WMT319","hex":"471f58","origin":"","altitude":11338.560000000001,"velocity":207.0122656,"heading":277.43,"onGround":false,"type":"A320","desc":"","military":false}},{"type":"Feature","geometry":{"type":"Point","coordinates":[7.193146,50.951378]},"properties":{"callsign":"EWG30Y","hex":"3c5eea","origin":"","altitude":1668.78,"velocity":138.2825472,"heading":63.72,"onGround":false,"type":"A319","desc":"","military":false}},{"type":"Feature","geometry":{"type":"Point","coordinates":[7.22982,49.900182]},"properties":{"callsign":"CHH491","hex":"7811f9","origin":"","altitude":-632.46,"velocity":75.52037920000001,"heading":275.87,"onGround":true,"type":"B789","desc":"","military":false}},{"type":"Feature","geometry":{"type":"Point","coordinates":[7.233793,46.961665]},"properties":{"callsign":"MBU7MX","hex":"511188","origin":"","altitude":11719.560000000001,"velocity":225.06925,"heading":211.26,"onGround":false,"type":"A20N","desc":"","military":false}},{"type":"Feature","geometry":{"type":"Point","coordinates":[7.248898,50.79776]},"properties":{"callsign":"PGT774A","hex":"4b8e47","origin":"","altitude":617.22,"velocity":81.17926320000001,"heading":317.31,"onGround":false,"type":"B738","desc":"","military":false}},{"type":"Feature","geometry":{"type":"Point","coordinates":[7.264076,47.65669]},"properties":{"callsign":"AAL92","hex":"ab10cb","origin":"","altitude":6743.700000000001,"velocity":215.4491472,"heading":105.8,"onGround":false,"type":"B788","desc":"","military":false}},{"type":"Feature","geometry":{"type":"Point","coordinates":[7.272516,49.626572]},"properties":{"callsign":"CPA261","hex":"789214","origin":"","altitude":12557.76,"velocity":230.470912,"heading":277.7,"onGround":false,"type":"A35K","desc":"","military":false}},{"type":"Feature","geometry":{"type":"Point","coordinates":[7.275696,45.890824]},"properties":{"callsign":"LGL203","hex":"4d00f2","origin":"","altitude":11132.82,"velocity":218.2271448,"heading":189.77,"onGround":false,"type":"B737","desc":"","military":false}},{"type":"Feature","geometry":{"type":"Point","coordinates":[7.3043,46.317169]},"properties":{"callsign":"AFR48JA","hex":"39bb22","origin":"","altitude":10005.060000000001,"velocity":207.578154,"heading":295.23,"onGround":false,"type":"BCS3","desc":"","military":false}},{"type":"Feature","geometry":{"type":"Point","coordinates":[7.309067,46.147652]},"properties":{"callsign":"DAH2790","hex":"0a0084","origin":"","altitude":8625.84,"velocity":233.300354,"heading":27.58,"onGround":false,"type":"A332","desc":"","military":false}},{"type":"Feature","geometry":{"type":"Point","coordinates":[7.333013,49.466858]},"properties":{"callsign":"JAF3VE","hex":"44d1ba","origin":"","altitude":11109.960000000001,"velocity":252.33478200000002,"heading":125.96,"onGround":false,"type":"B38M","desc":"","military":false}},{"type":"Feature","geometry":{"type":"Point","coordinates":[7.34422,48.491089]},"properties":{"callsign":"EJU4685","hex":"4402db","origin":"","altitude":11681.460000000001,"velocity":244.5666776,"heading":102.02,"onGround":false,"type":"A320","desc":"","military":false}},{"type":"Feature","geometry":{"type":"Point","coordinates":[7.34436,50.030136]},"properties":{"callsign":"GTI8298","hex":"a55e46","origin":"","altitude":1051.56,"velocity":89.770478,"heading":212.6,"onGround":false,"type":"B744","desc":"","military":false}},{"type":"Feature","geometry":{"type":"Point","coordinates":[7.351021,47.235168]},"properties":{"callsign":"EWG93FL","hex":"3c55c1","origin":"","altitude":11719.560000000001,"velocity":214.67748120000002,"heading":223.45,"onGround":false,"type":"A20N","desc":"","military":false}},{"type":"Feature","geometry":{"type":"Point","coordinates":[7.423006,45.764648]},"properties":{"callsign":"RYR19KX","hex":"4cae62","origin":"","altitude":11460.480000000001,"velocity":223.16580720000002,"heading":318.93,"onGround":false,"type":"B38M","desc":"","military":false}},{"type":"Feature","geometry":{"type":"Point","coordinates":[7.433697,48.249253]},"properties":{"callsign":"TVF42QS","hex":"39d310","origin":"","altitude":12291.060000000001,"velocity":242.303124,"heading":133.97,"onGround":false,"type":"B738","desc":"","military":false}},{"type":"Feature","geometry":{"type":"Point","coordinates":[7.464272,46.770081]},"properties":{"callsign":"LHX1091","hex":"3c6550","origin":"","altitude":12039.6,"velocity":236.7471288,"heading":47.82,"onGround":false,"type":"A20N","desc":"","military":false}},{"type":"Feature","geometry":{"type":"Point","coordinates":[7.484364,48.174956]},"properties":{"callsign":"JAF2YX","hex":"44a826","origin":"","altitude":11673.84,"velocity":236.95290640000002,"heading":131.3,"onGround":false,"type":"B738","desc":"","military":false}},{"type":"Feature","geometry":{"type":"Point","coordinates":[7.486292,49.688322]},"properties":{"callsign":"SIA336","hex":"76ceeb","origin":"","altitude":11330.94,"velocity":228.413136,"heading":280.91,"onGround":false,"type":"B77W","desc":"","military":false}},{"type":"Feature","geometry":{"type":"Point","coordinates":[7.508636,50.182707]},"properties":{"callsign":"FIA5637","hex":"504e87","origin":"","altitude":1607.8200000000002,"velocity":100.1108024,"heading":295.91,"onGround":false,"type":"A321","desc":"","military":false}},{"type":"Feature","geometry":{"type":"Point","coordinates":[7.541496,46.943665]},"properties":{"callsign":"LAS3","hex":"4b4419","origin":"","altitude":1203.96,"velocity":62.96794560000001,"heading":223.34,"onGround":false,"type":"EC35","desc":"","military":false}},{"type":"Feature","geometry":{"type":"Point","coordinates":[7.560618,49.799423]},"properties":{"callsign":"CMB550","hex":"a8c3bd","origin":"","altitude":4450.08,"velocity":123.36367120000001,"heading":133.82,"onGround":false,"type":"B763","desc":"","military":false}},{"type":"Feature","geometry":{"type":"Point","coordinates":[7.56498,47.10347]},"properties":{"callsign":"TAP9RH","hex":"4951ce","origin":"","altitude":7444.740000000001,"velocity":201.404826,"heading":231.64,"onGround":false,"type":"A320","desc":"","military":false}},{"type":"Feature","geometry":{"type":"Point","coordinates":[7.61835,49.477999]},"properties":{"callsign":"LGL9731","hex":"4d00d8","origin":"","altitude":7307.58,"velocity":185.9200616,"heading":108.38,"onGround":false,"type":"DH8D","desc":"","military":false}},{"type":"Feature","geometry":{"type":"Point","coordinates":[7.635005,49.244522]},"properties":{"callsign":"ETD8MY","hex":"896463","origin":"","altitude":11628.12,"velocity":261.7491072,"heading":119.69,"onGround":false,"type":"A388","desc":"","military":false}},{"type":"Feature","geometry":{"type":"Point","coordinates":[7.63754,47.493198]},"properties":{"callsign":"UAL321","hex":"a86ab5","origin":"","altitude":12306.300000000001,"velocity":250.2255616,"heading":111.34,"onGround":false,"type":"B763","desc":"","military":false}},{"type":"Feature","geometry":{"type":"Point","coordinates":[7.646942,44.954269]},"properties":{"callsign":"EZS49KC","hex":"4b1a24","origin":"","altitude":10904.220000000001,"velocity":241.3256804,"heading":116.46,"onGround":false,"type":"A320","desc":"","military":false}},{"type":"Feature","geometry":{"type":"Point","coordinates":[7.648896,45.189142]},"properties":{"callsign":"RYR63CD","hex":"4ca256","origin":"","altitude":358.14000000000004,"velocity":80.8705968,"heading":2.92,"onGround":false,"type":"B738","desc":"","military":false}},{"type":"Feature","geometry":{"type":"Point","coordinates":[7.703569,49.564214]},"properties":{"callsign":"EWG9UH","hex":"3c56f4","origin":"","altitude":10073.640000000001,"velocity":215.96359120000002,"heading":307.74,"onGround":false,"type":"A320","desc":"","military":false}},{"type":"Feature","geometry":{"type":"Point","coordinates":[7.716355,44.755787]},"properties":{"callsign":"DAL214","hex":"a52ea4","origin":"","altitude":12390.12,"velocity":247.704786,"heading":135.25,"onGround":false,"type":"A339","desc":"","military":false}},{"type":"Feature","geometry":{"type":"Point","coordinates":[7.719923,44.74823]},"properties":{"callsign":"UAL970","hex":"a05646","origin":"","altitude":11772.900000000001,"velocity":265.195882,"heading":135.24,"onGround":false,"type":"B78X","desc":"","military":false}},{"type":"Feature","geometry":{"type":"Point","coordinates":[7.731972,47.810165]},"properties":{"callsign":"LGL691M","hex":"4d00d5","origin":"","altitude":7985.76,"velocity":179.33517840000002,"heading":163.33,"onGround":false,"type":"DH8D","desc":"","military":false}},{"type":"Feature","geometry":{"type":"Point","coordinates":[7.784282,45.706055]},"properties":{"callsign":"QTR8J","hex":"06a0fe","origin":"","altitude":8488.68,"velocity":202.948158,"heading":286.64,"onGround":false,"type":"A359","desc":"","military":false}},{"type":"Feature","geometry":{"type":"Point","coordinates":[7.788861,50.55182]},"properties":{"callsign":"ACA898","hex":"c0175a","origin":"","altitude":11590.02,"velocity":266.68776959999997,"heading":127,"onGround":false,"type":"B77W","desc":"","military":false}},{"type":"Feature","geometry":{"type":"Point","coordinates":[7.866814,45.341135]},"properties":{"callsign":"DFEEL","hex":"3d5453","origin":"","altitude":8336.28,"velocity":144.71309720000002,"heading":81.21,"onGround":false,"type":"PC12","desc":"","military":false}},{"type":"Feature","geometry":{"type":"Point","coordinates":[7.880648,47.872133]},"properties":{"callsign":"RYR26EN","hex":"4d22c3","origin":"","altitude":3383.28,"velocity":139.4657684,"heading":271.27,"onGround":false,"type":"A320","desc":"","military":false}},{"type":"Feature","geometry":{"type":"Point","coordinates":[7.891653,49.652985]},"properties":{"callsign":"QTR8170","hex":"06a1e8","origin":"","altitude":9700.26,"velocity":234.5350196,"heading":317.84,"onGround":false,"type":"B77L","desc":"","military":false}},{"type":"Feature","geometry":{"type":"Point","coordinates":[7.914684,51.788544]},"properties":{"callsign":"TUI3NG","hex":"3c7426","origin":"","altitude":8610.6,"velocity":216.323702,"heading":242.22,"onGround":false,"type":"B38M","desc":"","military":false}},{"type":"Feature","geometry":{"type":"Point","coordinates":[7.934453,47.337295]},"properties":{"callsign":"LHX12T","hex":"3c48e8","origin":"","altitude":11696.7,"velocity":207.835376,"heading":244.96,"onGround":false,"type":"A319","desc":"","military":false}},{"type":"Feature","geometry":{"type":"Point","coordinates":[8.015583,47.634857]},"properties":{"callsign":"RYR8177","hex":"48c126","origin":"","altitude":11696.7,"velocity":207.06371000000001,"heading":223.29,"onGround":false,"type":"B738","desc":"","military":false}},{"type":"Feature","geometry":{"type":"Point","coordinates":[8.019409,51.704453]},"properties":{"callsign":"CAL073","hex":"89901e","origin":"","altitude":11224.26,"velocity":223.9374732,"heading":308.84,"onGround":false,"type":"B77W","desc":"","military":false}},{"type":"Feature","geometry":{"type":"Point","coordinates":[8.040001,45.799628]},"properties":{"callsign":"WMT1334","hex":"4d20be","origin":"","altitude":6583.68,"velocity":173.110406,"heading":304.59,"onGround":false,"type":"A21N","desc":"","military":false}},{"type":"Feature","geometry":{"type":"Point","coordinates":[8.070701,44.879105]},"properties":{"callsign":"WMT4407","hex":"4d2420","origin":"","altitude":8496.300000000001,"velocity":211.693706,"heading":203.64,"onGround":false,"type":"A21N","desc":"","military":false}},{"type":"Feature","geometry":{"type":"Point","coordinates":[8.079257,49.491174]},"properties":{"callsign":"SVA917","hex":"710102","origin":"","altitude":10363.2,"velocity":238.18757200000002,"heading":319.29,"onGround":false,"type":"B77L","desc":"","military":false}},{"type":"Feature","geometry":{"type":"Point","coordinates":[8.123921,46.716843]},"properties":{"callsign":"NOS789","hex":"4ca8fc","origin":"","altitude":8854.44,"velocity":237.3644616,"heading":156.77,"onGround":false,"type":"B789","desc":"","military":false}},{"type":"Feature","geometry":{"type":"Point","coordinates":[8.12822,50.21759]},"properties":{"callsign":"SVA111","hex":"7100b3","origin":"","altitude":11300.460000000001,"velocity":228.61891359999998,"heading":292.35,"onGround":false,"type":"B77W","desc":"","military":false}},{"type":"Feature","geometry":{"type":"Point","coordinates":[8.13439,47.997545]},"properties":{"callsign":"CFG7LD","hex":"3c7985","origin":"","altitude":11087.1,"velocity":227.6929144,"heading":189.89,"onGround":false,"type":"Unknown","desc":"","military":false}},{"type":"Feature","geometry":{"type":"Point","coordinates":[8.150276,45.664673]},"properties":{"callsign":"AFR16TL","hex":"39bdaf","origin":"","altitude":10828.02,"velocity":211.84803920000002,"heading":305.31,"onGround":false,"type":"BCS1","desc":"","military":false}},{"type":"Feature","geometry":{"type":"Point","coordinates":[8.156799,47.724426]},"properties":{"callsign":"RYR529D","hex":"4d2259","origin":"","altitude":11384.28,"velocity":231.7055776,"heading":4.58,"onGround":false,"type":"B738","desc":"","military":false}},{"type":"Feature","geometry":{"type":"Point","coordinates":[8.17256,47.544406]},"properties":{"callsign":"N1AM","hex":"a0000e","origin":"","altitude":3253.7400000000002,"velocity":133.2924404,"heading":5.31,"onGround":false,"type":"GLF5","desc":"","military":false}},{"type":"Feature","geometry":{"type":"Point","coordinates":[8.176719,49.834396]},"properties":{"callsign":"BAW911U","hex":"407844","origin":"","altitude":4648.2,"velocity":175.2710708,"heading":281.34,"onGround":false,"type":"A21N","desc":"","military":false}},{"type":"Feature","geometry":{"type":"Point","coordinates":[8.227539,51.481003]},"properties":{"callsign":"WMT9ZR","hex":"471fae","origin":"","altitude":2606.04,"velocity":118.0134536,"heading":303.62,"onGround":false,"type":"A21N","desc":"","military":false}},{"type":"Feature","geometry":{"type":"Point","coordinates":[8.271838,48.599605]},"properties":{"callsign":"TJT010P","hex":"392da5","origin":"","altitude":2903.2200000000003,"velocity":128.3023336,"heading":80.54,"onGround":false,"type":"B190","desc":"","military":false}},{"type":"Feature","geometry":{"type":"Point","coordinates":[8.282463,48.998977]},"properties":{"callsign":"AAL334","hex":"aa4195","origin":"","altitude":12268.2,"velocity":266.9449916,"heading":122.01,"onGround":false,"type":"B772","desc":"","military":false}},{"type":"Feature","geometry":{"type":"Point","coordinates":[8.286232,47.642807]},"properties":{"callsign":"EAU58L","hex":"4d21c6","origin":"","altitude":1912.6200000000001,"velocity":116.8302324,"heading":82.16,"onGround":false,"type":"B737","desc":"","military":false}},{"type":"Feature","geometry":{"type":"Point","coordinates":[8.308277,45.363666]},"properties":{"callsign":"INICC","hex":"3007b6","origin":"","altitude":518.1600000000001,"velocity":61.0130584,"heading":340.8,"onGround":false,"type":"AS50","desc":"","military":false}},{"type":"Feature","geometry":{"type":"Point","coordinates":[8.30925,50.749481]},"properties":{"callsign":"EWG16U","hex":"4d2412","origin":"","altitude":9281.16,"velocity":242.97190120000002,"heading":116.94,"onGround":false,"type":"A319","desc":"","military":false}},{"type":"Feature","geometry":{"type":"Point","coordinates":[8.314574,44.845074]},"properties":{"callsign":"EWG1EV","hex":"3c49d4","origin":"","altitude":9624.060000000001,"velocity":217.609812,"heading":180.68,"onGround":false,"type":"A320","desc":"","military":false}},{"type":"Feature","geometry":{"type":"Point","coordinates":[8.318622,48.369049]},"properties":{"callsign":"CFG9TC","hex":"511189","origin":"","altitude":12275.820000000002,"velocity":233.043132,"heading":179.62,"onGround":false,"type":"A20N","desc":"","military":false}},{"type":"Feature","geometry":{"type":"Point","coordinates":[8.321475,50.472635]},"properties":{"callsign":"LGL91B","hex":"4d00d0","origin":"","altitude":7292.34,"velocity":186.38306120000001,"heading":62.73,"onGround":false,"type":"DH8D","desc":"","military":false}},{"type":"Feature","geometry":{"type":"Point","coordinates":[8.325468,49.551819]},"properties":{"callsign":"EVA087","hex":"899080","origin":"","altitude":11330.94,"velocity":217.9699228,"heading":277.59,"onGround":false,"type":"B77W","desc":"","military":false}},{"type":"Feature","geometry":{"type":"Point","coordinates":[8.338834,48.056387]},"properties":{"callsign":"EWG52VU","hex":"3c5ee5","origin":"","altitude":8709.66,"velocity":203.71982400000002,"heading":216.58,"onGround":false,"type":"A319","desc":"","military":false}},{"type":"Feature","geometry":{"type":"Point","coordinates":[8.357064,45.045959]},"properties":{"callsign":"EFD5D","hex":"3cc83d","origin":"","altitude":11445.24,"velocity":218.2785892,"heading":23.18,"onGround":false,"type":"C56X","desc":"","military":false}},{"type":"Feature","geometry":{"type":"Point","coordinates":[8.373895,48.242875]},"properties":{"callsign":"PBW12","hex":"3dd795","origin":"","altitude":1127.76,"velocity":56.6402844,"heading":155.3,"onGround":false,"type":"EC45","desc":"","military":false}},{"type":"Feature","geometry":{"type":"Point","coordinates":[8.383554,47.593937]},"properties":{"callsign":"VPCHY","hex":"4002b5","origin":"","altitude":1303.02,"velocity":94.0403632,"heading":138.55,"onGround":false,"type":"FA8X","desc":"","military":false}},{"type":"Feature","geometry":{"type":"Point","coordinates":[8.394447,48.037766]},"properties":{"callsign":"AAL758","hex":"ac17e6","origin":"","altitude":12923.52,"velocity":275.1760956,"heading":110.81,"onGround":false,"type":"B788","desc":"","military":false}},{"type":"Feature","geometry":{"type":"Point","coordinates":[8.406916,51.138016]},"properties":{"callsign":"AFR84XP","hex":"39bda7","origin":"","altitude":11879.58,"velocity":203.20538,"heading":244.67,"onGround":false,"type":"BCS3","desc":"","military":false}},{"type":"Feature","geometry":{"type":"Point","coordinates":[8.412506,45.990539]},"properties":{"callsign":"RYR85FA","hex":"4d225b","origin":"","altitude":8641.08,"velocity":221.9311416,"heading":299.89,"onGround":false,"type":"B738","desc":"","military":false}},{"type":"Feature","geometry":{"type":"Point","coordinates":[8.427429,44.109037]},"properties":{"callsign":"WMT2328","hex":"4d241f","origin":"","altitude":9288.78,"velocity":218.0728116,"heading":185.41,"onGround":false,"type":"A21N","desc":"","military":false}},{"type":"Feature","geometry":{"type":"Point","coordinates":[8.447402,49.385826]},"properties":{"callsign":"CFG4MV","hex":"3c786c","origin":"","altitude":6096,"velocity":191.83616759999998,"heading":192.55,"onGround":false,"type":"A20N","desc":"","military":false}},{"type":"Feature","geometry":{"type":"Point","coordinates":[8.481586,47.681036]},"properties":{"callsign":"LGL845","hex":"4d00c3","origin":"","altitude":12306.300000000001,"velocity":244.6695664,"heading":115,"onGround":false,"type":"B737","desc":"","military":false}},{"type":"Feature","geometry":{"type":"Point","coordinates":[8.488699,47.51694]},"properties":{"callsign":"SWR2647","hex":"4b1887","origin":"","altitude":769.62,"velocity":75.366046,"heading":136.94,"onGround":false,"type":"A333","desc":"","military":false}},{"type":"Feature","geometry":{"type":"Point","coordinates":[8.504606,49.820251]},"properties":{"callsign":"RZO565","hex":"49526b","origin":"","altitude":2506.98,"velocity":138.53976920000002,"heading":200.66,"onGround":false,"type":"A20N","desc":"","military":false}},{"type":"Feature","geometry":{"type":"Point","coordinates":[8.507426,50.323062]},"properties":{"callsign":"DLH7LA","hex":"3c66a5","origin":"","altitude":9959.34,"velocity":245.5441212,"heading":135.76,"onGround":false,"type":"A320","desc":"","military":false}},{"type":"Feature","geometry":{"type":"Point","coordinates":[8.527321,49.995195]},"properties":{"callsign":"DLH1CH","hex":"3c6742","origin":"","altitude":556.26,"velocity":86.4780364,"heading":177.61,"onGround":false,"type":"A320","desc":"","military":false}},{"type":"Feature","geometry":{"type":"Point","coordinates":[8.529968,49.098312]},"properties":{"callsign":"DLH8YY","hex":"3c6753","origin":"","altitude":7223.76,"velocity":204.748712,"heading":180.43,"onGround":false,"type":"A320","desc":"","military":false}},{"type":"Feature","geometry":{"type":"Point","coordinates":[8.531162,50.02408]},"properties":{"callsign":"TUI18H","hex":"3c0ca7","origin":"","altitude":0,"velocity":10.546102,"heading":250.31,"onGround":true,"type":"B738","desc":"","military":false}},{"type":"Feature","geometry":{"type":"Point","coordinates":[8.531181,50.045238]},"properties":{"callsign":"BCS204","hex":"3c1bad","origin":"","altitude":167.64000000000001,"velocity":70.6331612,"heading":249.98,"onGround":false,"type":"A306","desc":"","military":false}},{"type":"Feature","geometry":{"type":"Point","coordinates":[8.532331,50.043341]},"properties":{"callsign":"D-AISR","hex":"3c6672","origin":"","altitude":0,"velocity":14.147210000000001,"heading":70.31,"onGround":true,"type":"A321","desc":"","military":false}},{"type":"Feature","geometry":{"type":"Point","coordinates":[8.539969,47.479233]},"properties":{"callsign":"SWR2EY","hex":"4b1808","origin":"","altitude":480.06,"velocity":64.7684996,"heading":136.93,"onGround":false,"type":"BCS3","desc":"","military":false}},{"type":"Feature","geometry":{"type":"Point","coordinates":[8.542381,44.191452]},"properties":{"callsign":"OE-GLB","hex":"440d42","origin":"","altitude":1828.8000000000002,"velocity":0,"heading":0,"onGround":false,"type":"PC24","desc":"","military":false}},{"type":"Feature","geometry":{"type":"Point","coordinates":[8.543522,50.026932]},"properties":{"callsign":"CFG3XR","hex":"3c6421","origin":"","altitude":0,"velocity":10.546102,"heading":250.31,"onGround":true,"type":"A321","desc":"","military":false}},{"type":"Feature","geometry":{"type":"Point","coordinates":[8.543819,50.036731]},"properties":{"callsign":"DLH423","hex":"3c4b2d","origin":"","altitude":0,"velocity":6.5848832,"heading":59.06,"onGround":true,"type":"B748","desc":"","military":false}},{"type":"Feature","geometry":{"type":"Point","coordinates":[8.557589,50.033158]},"properties":{"callsign":"QTR65P","hex":"06a2ea","origin":"","altitude":152.4,"velocity":35.239414000000004,"heading":244.69,"onGround":true,"type":"B789","desc":"","military":false}},{"type":"Feature","geometry":{"type":"Point","coordinates":[8.558435,47.455582]},"properties":{"callsign":"CFG9MF","hex":"3c6424","origin":"","altitude":0,"velocity":0.7202216,"heading":188.44,"onGround":true,"type":"A321","desc":"","military":false}},{"type":"Feature","geometry":{"type":"Point","coordinates":[8.558966,47.458331]},"properties":{"callsign":"SWR3KT","hex":"4b17e6","origin":"","altitude":0,"velocity":0.1028888,"heading":199.69,"onGround":true,"type":"BCS1","desc":"","military":false}},{"type":"Feature","geometry":{"type":"Point","coordinates":[8.559963,47.461189]},"properties":{"callsign":"SWR1317","hex":"502d7a","origin":"","altitude":0,"velocity":8.488326,"heading":185.62,"onGround":true,"type":"BCS3","desc":"","military":false}},{"type":"Feature","geometry":{"type":"Point","coordinates":[8.563293,47.455238]},"properties":{"callsign":"EDW268G","hex":"4b161f","origin":"","altitude":0,"velocity":0.5658884000000001,"heading":42.19,"onGround":true,"type":"A320","desc":"","military":false}},{"type":"Feature","geometry":{"type":"Point","coordinates":[8.563984,47.456003]},"properties":{"callsign":"EDW130J","hex":"4b18f5","origin":"","altitude":0,"velocity":10.031658,"heading":95.62,"onGround":true,"type":"A320","desc":"","military":false}},{"type":"Feature","geometry":{"type":"Point","coordinates":[8.579005,50.032506]},"properties":{"callsign":"TF-IAT","hex":"4cc594","origin":"","altitude":0,"velocity":0,"heading":70.31,"onGround":true,"type":"A320","desc":"","military":false}},{"type":"Feature","geometry":{"type":"Point","coordinates":[8.591364,50.048136]},"properties":{"callsign":"SXS044","hex":"4bd185","origin":"","altitude":0,"velocity":4.5271072000000006,"heading":250.31,"onGround":true,"type":"B734","desc":"","military":false}},{"type":"Feature","geometry":{"type":"Point","coordinates":[8.605909,49.94014]},"properties":{"callsign":"AUA218D","hex":"440604","origin":"","altitude":1424.94,"velocity":126.553224,"heading":98.89,"onGround":false,"type":"A320","desc":"","military":false}},{"type":"Feature","geometry":{"type":"Point","coordinates":[8.60685,46.516434]},"properties":{"callsign":"EDW36BD","hex":"4b18f2","origin":"","altitude":8862.060000000001,"velocity":227.95013640000002,"heading":174.43,"onGround":false,"type":"A320","desc":"","military":false}},{"type":"Feature","geometry":{"type":"Point","coordinates":[8.64617,49.092636]},"properties":{"callsign":"JAF62J","hex":"44d2ab","origin":"","altitude":11650.980000000001,"velocity":244.41234440000002,"heading":121.75,"onGround":false,"type":"B738","desc":"","military":false}},{"type":"Feature","geometry":{"type":"Point","coordinates":[8.650288,50.059937]},"properties":{"callsign":"DLH4AC","hex":"3009b5","origin":"","altitude":434.34000000000003,"velocity":64.56272200000001,"heading":251.42,"onGround":false,"type":"E190","desc":"","military":false}},{"type":"Feature","geometry":{"type":"Point","coordinates":[8.670156,46.04631]},"properties":{"callsign":"RYR75ZG","hex":"4d207d","origin":"","altitude":11734.800000000001,"velocity":230.5738008,"heading":175.78,"onGround":false,"type":"B738","desc":"","military":false}},{"type":"Feature","geometry":{"type":"Point","coordinates":[8.705075,49.558136]},"properties":{"callsign":"EWG69N","hex":"3c56eb","origin":"","altitude":10416.54,"velocity":202.5366028,"heading":185.39,"onGround":false,"type":"A320","desc":"","military":false}},{"type":"Feature","geometry":{"type":"Point","coordinates":[8.72541,45.707547]},"properties":{"callsign":"EJU34HZ","hex":"440352","origin":"","altitude":1150.6200000000001,"velocity":121.92322800000001,"heading":359.76,"onGround":false,"type":"A320","desc":"","military":false}},{"type":"Feature","geometry":{"type":"Point","coordinates":[8.729939,48.816539]},"properties":{"callsign":"FHY8013","hex":"4b984f","origin":"","altitude":11064.24,"velocity":246.8816756,"heading":128.23,"onGround":false,"type":"A320","desc":"","military":false}},{"type":"Feature","geometry":{"type":"Point","coordinates":[8.734637,50.116791]},"properties":{"callsign":"ANA217","hex":"87304a","origin":"","altitude":12024.36,"velocity":266.68776959999997,"heading":135.86,"onGround":false,"type":"B789","desc":"","military":false}},{"type":"Feature","geometry":{"type":"Point","coordinates":[8.736223,44.896088]},"properties":{"callsign":"WZZ7WM","hex":"471d5c","origin":"","altitude":11155.68,"velocity":222.0340304,"heading":226.88,"onGround":false,"type":"A21N","desc":"","military":false}},{"type":"Feature","geometry":{"type":"Point","coordinates":[8.753877,50.079873]},"properties":{"callsign":"GFA17J","hex":"8940c9","origin":"","altitude":868.6800000000001,"velocity":88.227146,"heading":249.87,"onGround":false,"type":"A21N","desc":"","military":false}},{"type":"Feature","geometry":{"type":"Point","coordinates":[8.758272,49.087286]},"properties":{"callsign":"RYR95KV","hex":"4d22bb","origin":"","altitude":10683.24,"velocity":182.01028720000002,"heading":312.94,"onGround":false,"type":"A320","desc":"","military":false}},{"type":"Feature","geometry":{"type":"Point","coordinates":[8.789285,50.105849]},"properties":{"callsign":"DLH5JV","hex":"3c6635","origin":"","altitude":1242.0600000000002,"velocity":114.87534520000001,"heading":250.1,"onGround":false,"type":"A320","desc":"","military":false}},{"type":"Feature","geometry":{"type":"Point","coordinates":[8.80376,51.55069]},"properties":{"callsign":"EWG66Y","hex":"3c56f3","origin":"","altitude":9486.9,"velocity":240.9141252,"heading":54.04,"onGround":false,"type":"A320","desc":"","military":false}},{"type":"Feature","geometry":{"type":"Point","coordinates":[8.82989,49.482934]},"properties":{"callsign":"EWG6DJ","hex":"3c48f1","origin":"","altitude":9791.7,"velocity":194.76849840000003,"heading":187.89,"onGround":false,"type":"A319","desc":"","military":false}},{"type":"Feature","geometry":{"type":"Point","coordinates":[8.865373,50.106222]},"properties":{"callsign":"MFX151","hex":"507ca9","origin":"","altitude":1295.4,"velocity":89.3589228,"heading":249.79,"onGround":false,"type":"A20N","desc":"","military":false}},{"type":"Feature","geometry":{"type":"Point","coordinates":[8.867615,46.138575]},"properties":{"callsign":"HBZEA","hex":"4b426c","origin":"","altitude":998.22,"velocity":48.357736,"heading":271.22,"onGround":false,"type":"Unknown","desc":"","military":false}},{"type":"Feature","geometry":{"type":"Point","coordinates":[8.894695,50.13136]},"properties":{"callsign":"GEC8291","hex":"3c70cb","origin":"","altitude":1607.8200000000002,"velocity":100.41946879999999,"heading":249.62,"onGround":false,"type":"B77L","desc":"","military":false}},{"type":"Feature","geometry":{"type":"Point","coordinates":[8.918586,48.209591]},"properties":{"callsign":"RYR8TT","hex":"4caf28","origin":"","altitude":11376.66,"velocity":226.612582,"heading":332.85,"onGround":false,"type":"B38M","desc":"","military":false}},{"type":"Feature","geometry":{"type":"Point","coordinates":[8.969542,49.115264]},"properties":{"callsign":"EZS73TU","hex":"4b1a27","origin":"","altitude":10447.02,"velocity":231.80846640000001,"heading":29.81,"onGround":false,"type":"A320","desc":"","military":false}},{"type":"Feature","geometry":{"type":"Point","coordinates":[8.993366,48.620682]},"properties":{"callsign":"DLA2LY","hex":"3007f2","origin":"","altitude":8778.24,"velocity":206.1377108,"heading":10.5,"onGround":false,"type":"E190","desc":"","military":false}},{"type":"Feature","geometry":{"type":"Point","coordinates":[8.99653,44.855548]},"properties":{"callsign":"EZS91DA","hex":"4b1a5f","origin":"","altitude":12390.12,"velocity":240.245348,"heading":106.42,"onGround":false,"type":"A320","desc":"","military":false}},{"type":"Feature","geometry":{"type":"Point","coordinates":[9.013487,50.149841]},"properties":{"callsign":"DLH4XV","hex":"3c6758","origin":"","altitude":1310.64,"velocity":121.151562,"heading":220.52,"onGround":false,"type":"A320","desc":"","military":false}},{"type":"Feature","geometry":{"type":"Point","coordinates":[9.036778,44.807877]},"properties":{"callsign":"RYR9898","hex":"4ca570","origin":"","altitude":8061.96,"velocity":250.7400056,"heading":43.25,"onGround":false,"type":"B738","desc":"","military":false}},{"type":"Feature","geometry":{"type":"Point","coordinates":[9.048058,49.470411]},"properties":{"callsign":"WMT1CR","hex":"4d250b","origin":"","altitude":10744.2,"velocity":201.404826,"heading":278.67,"onGround":false,"type":"A320","desc":"","military":false}},{"type":"Feature","geometry":{"type":"Point","coordinates":[9.0802,50.151331]},"properties":{"callsign":"WMT588","hex":"4d2146","origin":"","altitude":10942.32,"velocity":202.8967136,"heading":291.88,"onGround":false,"type":"CL60","desc":"","military":false}},{"type":"Feature","geometry":{"type":"Point","coordinates":[9.087067,45.498825]},"properties":{"callsign":"RYR7GF","hex":"4d2265","origin":"","altitude":2537.46,"velocity":149.18876,"heading":223.32,"onGround":false,"type":"B738","desc":"","military":false}},{"type":"Feature","geometry":{"type":"Point","coordinates":[9.094522,45.053238]},"properties":{"callsign":"EWG5LC","hex":"4d2413","origin":"","altitude":11163.300000000001,"velocity":214.9347032,"heading":230.63,"onGround":false,"type":"A320","desc":"","military":false}},{"type":"Feature","geometry":{"type":"Point","coordinates":[9.123329,50.185454]},"properties":{"callsign":"DTR191","hex":"45cab6","origin":"","altitude":2057.4,"velocity":104.6379096,"heading":250.76,"onGround":false,"type":"AT76","desc":"","military":false}},{"type":"Feature","geometry":{"type":"Point","coordinates":[9.124868,50.16687]},"properties":{"callsign":"DLH07Y","hex":"3c6589","origin":"","altitude":1318.26,"velocity":115.13256720000001,"heading":265.13,"onGround":false,"type":"A319","desc":"","military":false}},{"type":"Feature","geometry":{"type":"Point","coordinates":[9.138095,48.202654]},"properties":{"callsign":"EJU18TF","hex":"440cfe","origin":"","altitude":11689.08,"velocity":209.7388188,"heading":199.63,"onGround":false,"type":"A319","desc":"","military":false}},{"type":"Feature","geometry":{"type":"Point","coordinates":[9.148724,49.241547]},"properties":{"callsign":"SWR104C","hex":"4b17ff","origin":"","altitude":5311.14,"velocity":185.5599508,"heading":11.84,"onGround":false,"type":"BCS3","desc":"","military":false}},{"type":"Feature","geometry":{"type":"Point","coordinates":[9.166894,48.679642]},"properties":{"callsign":"TUI2DJ","hex":"3c0ca3","origin":"","altitude":853.44,"velocity":104.7922428,"heading":255.21,"onGround":false,"type":"B738","desc":"","military":false}},{"type":"Feature","geometry":{"type":"Point","coordinates":[9.192846,48.688788]},"properties":{"callsign":"EWG4JP","hex":"3c5ef8","origin":"","altitude":0,"velocity":0,"heading":343.12,"onGround":true,"type":"A319","desc":"","military":false}},{"type":"Feature","geometry":{"type":"Point","coordinates":[9.199821,48.690429]},"properties":{"callsign":"TUI4CY","hex":"3c4969","origin":"","altitude":0,"velocity":1.1317768000000001,"heading":343.12,"onGround":true,"type":"B738","desc":"","military":false}},{"type":"Feature","geometry":{"type":"Point","coordinates":[9.22035,49.542474]},"properties":{"callsign":"DLH297","hex":"3009b4","origin":"","altitude":3893.82,"velocity":168.17174359999999,"heading":348.17,"onGround":false,"type":"E190","desc":"","military":false}},{"type":"Feature","geometry":{"type":"Point","coordinates":[9.220782,48.852896]},"properties":{"callsign":"JAF4AB","hex":"44d1b4","origin":"","altitude":11666.220000000001,"velocity":246.161454,"heading":121.5,"onGround":false,"type":"B38M","desc":"","military":false}},{"type":"Feature","geometry":{"type":"Point","coordinates":[9.236611,49.312134]},"properties":{"callsign":"RYR4311","hex":"4d2350","origin":"","altitude":11346.18,"velocity":243.07479,"heading":12.09,"onGround":false,"type":"B38M","desc":"","military":false}},{"type":"Feature","geometry":{"type":"Point","coordinates":[9.2412,48.69612]},"properties":{"callsign":"EWG56R","hex":"3c55c3","origin":"","altitude":0,"velocity":4.2184408,"heading":81.56,"onGround":true,"type":"A20N","desc":"","military":false}},{"type":"Feature","geometry":{"type":"Point","coordinates":[9.285591,45.286576]},"properties":{"callsign":"NOS35RC","hex":"3004c2","origin":"","altitude":5448.3,"velocity":202.84526920000002,"heading":149.01,"onGround":false,"type":"B738","desc":"","military":false}},{"type":"Feature","geometry":{"type":"Point","coordinates":[9.287929,48.536434]},"properties":{"callsign":"RYR31BA","hex":"48c2ac","origin":"","altitude":11673.84,"velocity":208.4527088,"heading":223.9,"onGround":false,"type":"B38M","desc":"","military":false}},{"type":"Feature","geometry":{"type":"Point","coordinates":[9.292223,45.30231]},"properties":{"callsign":"AEZ2628","hex":"4d21ce","origin":"","altitude":952.5,"velocity":100.5223576,"heading":356.19,"onGround":false,"type":"B738","desc":"","military":false}},{"type":"Feature","geometry":{"type":"Point","coordinates":[9.297814,47.133443]},"properties":{"callsign":"DLH88P","hex":"3c6747","origin":"","altitude":12039.6,"velocity":239.730904,"heading":22.99,"onGround":false,"type":"A320","desc":"","military":false}},{"type":"Feature","geometry":{"type":"Point","coordinates":[9.304306,50.935867]},"properties":{"callsign":"RYR28CC","hex":"4cae6a","origin":"","altitude":11567.16,"velocity":224.45191720000003,"heading":200.39,"onGround":false,"type":"B38M","desc":"","military":false}},{"type":"Feature","geometry":{"type":"Point","coordinates":[9.356665,48.812861]},"properties":{"callsign":"EDW38N","hex":"4b1620","origin":"","altitude":11224.26,"velocity":224.04036200000002,"heading":2.76,"onGround":false,"type":"A320","desc":"","military":false}},{"type":"Feature","geometry":{"type":"Point","coordinates":[9.372646,45.251953]},"properties":{"callsign":"VLG1265","hex":"348206","origin":"","altitude":11468.1,"velocity":238.959238,"heading":39.58,"onGround":false,"type":"A320","desc":"","military":false}},{"type":"Feature","geometry":{"type":"Point","coordinates":[9.38736,44.255219]},"properties":{"callsign":"AFR78DU","hex":"394c0c","origin":"","altitude":10210.800000000001,"velocity":221.4166976,"heading":317.64,"onGround":false,"type":"A321","desc":"","military":false}},{"type":"Feature","geometry":{"type":"Point","coordinates":[9.411883,44.605499]},"properties":{"callsign":"IBE0684","hex":"346185","origin":"","altitude":11772.900000000001,"velocity":216.6838128,"heading":254.58,"onGround":false,"type":"A20N","desc":"","military":false}},{"type":"Feature","geometry":{"type":"Point","coordinates":[9.413274,44.438627]},"properties":{"callsign":"SWR2AH","hex":"4b180b","origin":"","altitude":12359.640000000001,"velocity":235.2552412,"heading":106.26,"onGround":false,"type":"BCS3","desc":"","military":false}},{"type":"Feature","geometry":{"type":"Point","coordinates":[9.433101,47.51694]},"properties":{"callsign":"EDW38TD","hex":"4b18bb","origin":"","altitude":6065.52,"velocity":189.9841692,"heading":94.82,"onGround":false,"type":"A320","desc":"","military":false}},{"type":"Feature","geometry":{"type":"Point","coordinates":[9.434654,49.849274]},"properties":{"callsign":"EWG55A","hex":"4d2405","origin":"","altitude":10980.42,"velocity":223.3715848,"heading":134.44,"onGround":false,"type":"A320","desc":"","military":false}},{"type":"Feature","geometry":{"type":"Point","coordinates":[9.44119,50.054223]},"properties":{"callsign":"AUA42","hex":"44001e","origin":"","altitude":11567.16,"velocity":258.6109988,"heading":106.88,"onGround":false,"type":"B763","desc":"","military":false}},{"type":"Feature","geometry":{"type":"Point","coordinates":[9.446218,50.290421]},"properties":{"callsign":"EWG6Z","hex":"4d2088","origin":"","altitude":10012.68,"velocity":253.6723364,"heading":112.66,"onGround":false,"type":"A320","desc":"","military":false}},{"type":"Feature","geometry":{"type":"Point","coordinates":[9.446457,46.643015]},"properties":{"callsign":"DLA8UT","hex":"3006b5","origin":"","altitude":10066.02,"velocity":201.6106036,"heading":347.77,"onGround":false,"type":"E195","desc":"","military":false}},{"type":"Feature","geometry":{"type":"Point","coordinates":[9.480743,43.883119]},"properties":{"callsign":"RYR47QP","hex":"4ca8d4","origin":"","altitude":6629.400000000001,"velocity":220.7993648,"heading":322.38,"onGround":false,"type":"B738","desc":"","military":false}},{"type":"Feature","geometry":{"type":"Point","coordinates":[9.522523,47.673053]},"properties":{"callsign":"ATV100","hex":"3c4667","origin":"","altitude":0,"velocity":0,"heading":196.88,"onGround":true,"type":"DH8D","desc":"","military":false}},{"type":"Feature","geometry":{"type":"Point","coordinates":[9.553058,50.442934]},"properties":{"callsign":"EZS64HZ","hex":"4b1a1d","origin":"","altitude":11308.08,"velocity":228.3616916,"heading":6.6,"onGround":false,"type":"A320","desc":"","military":false}},{"type":"Feature","geometry":{"type":"Point","coordinates":[9.555887,47.485552]},"properties":{"callsign":"PEV100","hex":"440570","origin":"","altitude":0,"velocity":4.2184408,"heading":98.44,"onGround":true,"type":"E170","desc":"","military":false}},{"type":"Feature","geometry":{"type":"Point","coordinates":[9.601331,45.481201]},"properties":{"callsign":"NJE6QY","hex":"494117","origin":"","altitude":5029.2,"velocity":162.8729704,"heading":215.1,"onGround":false,"type":"E55P","desc":"","military":false}},{"type":"Feature","geometry":{"type":"Point","coordinates":[9.621911,46.899145]},"properties":{"callsign":"HBZVE","hex":"4b442a","origin":"","altitude":2087.88,"velocity":53.039176399999995,"heading":98.37,"onGround":false,"type":"AS50","desc":"","military":false}},{"type":"Feature","geometry":{"type":"Point","coordinates":[9.629517,50.694316]},"properties":{"callsign":"WMT7866","hex":"471dab","origin":"","altitude":11285.220000000001,"velocity":201.662048,"heading":290.15,"onGround":false,"type":"A21N","desc":"","military":false}},{"type":"Feature","geometry":{"type":"Point","coordinates":[9.65869,50.990295]},"properties":{"callsign":"DLH6EJ","hex":"3c6634","origin":"","altitude":6903.72,"velocity":191.7332788,"heading":185.54,"onGround":false,"type":"A320","desc":"","military":false}},{"type":"Feature","geometry":{"type":"Point","coordinates":[9.666093,45.055118]},"properties":{"callsign":"WMT7FB","hex":"4d20f4","origin":"","altitude":7315.200000000001,"velocity":215.7063692,"heading":138.29,"onGround":false,"type":"A21N","desc":"","military":false}},{"type":"Feature","geometry":{"type":"Point","coordinates":[9.698793,45.903307]},"properties":{"callsign":"CCA967","hex":"781b5b","origin":"","altitude":6408.42,"velocity":117.293232,"heading":246,"onGround":false,"type":"A359","desc":"","military":false}},{"type":"Feature","geometry":{"type":"Point","coordinates":[9.72599,45.700611]},"properties":{"callsign":"VOE1784","hex":"4a0442","origin":"","altitude":8115.3,"velocity":210.664818,"heading":288.21,"onGround":false,"type":"A319","desc":"","military":false}},{"type":"Feature","geometry":{"type":"Point","coordinates":[9.746877,49.706431]},"properties":{"callsign":"DLA54M","hex":"3007f1","origin":"","altitude":4465.320000000001,"velocity":169.6636312,"heading":301.23,"onGround":false,"type":"E190","desc":"","military":false}},{"type":"Feature","geometry":{"type":"Point","coordinates":[9.760578,48.262848]},"properties":{"callsign":"JAF75L","hex":"449683","origin":"","altitude":12268.2,"velocity":241.01701400000002,"heading":129.02,"onGround":false,"type":"E295","desc":"","military":false}},{"type":"Feature","geometry":{"type":"Point","coordinates":[9.768725,48.820449]},"properties":{"callsign":"WZZ449","hex":"471db6","origin":"","altitude":10744.2,"velocity":204.0799348,"heading":225.1,"onGround":false,"type":"A21N","desc":"","military":false}},{"type":"Feature","geometry":{"type":"Point","coordinates":[9.78506,50.602661]},"properties":{"callsign":"EWG8M","hex":"503eb3","origin":"","altitude":8961.12,"velocity":228.92758,"heading":180.13,"onGround":false,"type":"A320","desc":"","military":false}},{"type":"Feature","geometry":{"type":"Point","coordinates":[9.809455,51.687057]},"properties":{"callsign":"DLH7EK","hex":"3c6483","origin":"","altitude":10515.6,"velocity":219.1016996,"heading":186.74,"onGround":false,"type":"A321","desc":"","military":false}},{"type":"Feature","geometry":{"type":"Point","coordinates":[9.823485,51.835144]},"properties":{"callsign":"AWH79B","hex":"3cc187","origin":"","altitude":11536.68,"velocity":211.74515040000003,"heading":200.33,"onGround":false,"type":"C560","desc":"","military":false}},{"type":"Feature","geometry":{"type":"Point","coordinates":[9.83139,49.844925]},"properties":{"callsign":"DHXCF","hex":"3e0f95","origin":"","altitude":518.1600000000001,"velocity":60.13850360000001,"heading":318.81,"onGround":false,"type":"EC35","desc":"","military":false}},{"type":"Feature","geometry":{"type":"Point","coordinates":[9.845123,50.051422]},"properties":{"callsign":"WZZ9ZZ","hex":"4d206c","origin":"","altitude":11308.08,"velocity":202.2279364,"heading":289.31,"onGround":false,"type":"A21N","desc":"","military":false}},{"type":"Feature","geometry":{"type":"Point","coordinates":[9.854602,46.521835]},"properties":{"callsign":"EZS23QB","hex":"4b1a34","origin":"","altitude":11140.44,"velocity":244.0007892,"heading":108.43,"onGround":false,"type":"A320","desc":"","military":false}},{"type":"Feature","geometry":{"type":"Point","coordinates":[9.8723,49.728928]},"properties":{"callsign":"BAW138","hex":"406891","origin":"","altitude":12550.140000000001,"velocity":227.79580320000002,"heading":295.7,"onGround":false,"type":"B788","desc":"","military":false}},{"type":"Feature","geometry":{"type":"Point","coordinates":[9.873112,43.965423]},"properties":{"callsign":"RYR769V","hex":"4cadb7","origin":"","altitude":9768.84,"velocity":237.3644616,"heading":327.93,"onGround":false,"type":"B38M","desc":"","military":false}},{"type":"Feature","geometry":{"type":"Point","coordinates":[9.881465,45.533023]},"properties":{"callsign":"THA940","hex":"885106","origin":"","altitude":5996.9400000000005,"velocity":183.03917520000002,"heading":258,"onGround":false,"type":"A359","desc":"","military":false}},{"type":"Feature","geometry":{"type":"Point","coordinates":[9.940861,44.052569]},"properties":{"callsign":"AEZ48LG","hex":"4a2184","origin":"","altitude":8564.880000000001,"velocity":221.62247520000003,"heading":338.91,"onGround":false,"type":"B738","desc":"","military":false}},{"type":"Feature","geometry":{"type":"Point","coordinates":[9.941359,48.708389]},"properties":{"callsign":"AIC161","hex":"801659","origin":"","altitude":12557.76,"velocity":229.442024,"heading":303.94,"onGround":false,"type":"A359","desc":"","military":false}},{"type":"Feature","geometry":{"type":"Point","coordinates":[9.948626,50.652237]},"properties":{"callsign":"WMT6KX","hex":"4d24ad","origin":"","altitude":11910.060000000001,"velocity":210.0989296,"heading":289.9,"onGround":false,"type":"A21N","desc":"","military":false}},{"type":"Feature","geometry":{"type":"Point","coordinates":[9.955348,50.565399]},"properties":{"callsign":"DMS2PV","hex":"503c92","origin":"","altitude":6606.54,"velocity":163.3874144,"heading":55.91,"onGround":false,"type":"AT45","desc":"","military":false}},{"type":"Feature","geometry":{"type":"Point","coordinates":[9.963543,49.207672]},"properties":{"callsign":"DEPMJ","hex":"3d2d85","origin":"","altitude":3032.76,"velocity":84.5231492,"heading":48.45,"onGround":false,"type":"SR20","desc":"","military":false}},{"type":"Feature","geometry":{"type":"Point","coordinates":[9.964801,45.501507]},"properties":{"callsign":"RYR81PR","hex":"4ca764","origin":"","altitude":2004.0600000000002,"velocity":121.5116728,"heading":340.72,"onGround":false,"type":"B738","desc":"","military":false}},{"type":"Feature","geometry":{"type":"Point","coordinates":[9.972558,48.014211]},"properties":{"callsign":"CFG5TX","hex":"501c15","origin":"","altitude":8359.140000000001,"velocity":198.318162,"heading":250.77,"onGround":false,"type":"A320","desc":"","military":false}},{"type":"Feature","geometry":{"type":"Point","coordinates":[9.985938,48.02678]},"properties":{"callsign":"RYR5YD","hex":"4d2518","origin":"","altitude":11369.04,"velocity":214.265926,"heading":314.12,"onGround":false,"type":"B738","desc":"","military":false}},{"type":"Feature","geometry":{"type":"Point","coordinates":[10.002382,45.397416]},"properties":{"callsign":"IDPCY","hex":"300247","origin":"","altitude":2590.8,"velocity":93.37158600000001,"heading":40.98,"onGround":false,"type":"CL2T","desc":"","military":false}},{"type":"Feature","geometry":{"type":"Point","coordinates":[10.011626,45.965195]},"properties":{"callsign":"LHX94M","hex":"3c6548","origin":"","altitude":11750.04,"velocity":210.664818,"heading":223.91,"onGround":false,"type":"A20N","desc":"","military":false}},{"type":"Feature","geometry":{"type":"Point","coordinates":[10.030792,47.438553]},"properties":{"callsign":"EDW56Z","hex":"4b15ed","origin":"","altitude":7711.4400000000005,"velocity":222.3941412,"heading":97.04,"onGround":false,"type":"A320","desc":"","military":false}},{"type":"Feature","geometry":{"type":"Point","coordinates":[10.035073,46.028915]},"properties":{"callsign":"EWG4284","hex":"4d2414","origin":"","altitude":12374.880000000001,"velocity":211.48792840000002,"heading":222.93,"onGround":false,"type":"A320","desc":"","military":false}},{"type":"Feature","geometry":{"type":"Point","coordinates":[10.040853,49.694092]},"properties":{"callsign":"AUA199","hex":"440d70","origin":"","altitude":5448.3,"velocity":176.0941812,"heading":318.91,"onGround":false,"type":"A20N","desc":"","military":false}},{"type":"Feature","geometry":{"type":"Point","coordinates":[10.052924,48.394031]},"properties":{"callsign":"DLA8885","hex":"3009b2","origin":"","altitude":7863.84,"velocity":197.546496,"heading":316.16,"onGround":false,"type":"E190","desc":"","military":false}},{"type":"Feature","geometry":{"type":"Point","coordinates":[10.068769,44.992226]},"properties":{"callsign":"CAN10","hex":"30023f","origin":"","altitude":2141.2200000000003,"velocity":93.88603,"heading":55.27,"onGround":false,"type":"CL2T","desc":"","military":false}},{"type":"Feature","geometry":{"type":"Point","coordinates":[10.070343,49.540604]},"properties":{"callsign":"CPA289","hex":"780a35","origin":"","altitude":5692.14,"velocity":173.83062759999999,"heading":304.63,"onGround":false,"type":"B77W","desc":"","military":false}},{"type":"Feature","geometry":{"type":"Point","coordinates":[10.09701,44.11853]},"properties":{"callsign":"RYR72RX","hex":"48c1a1","origin":"","altitude":11780.52,"velocity":219.3589216,"heading":248.97,"onGround":false,"type":"B738","desc":"","military":false}},{"type":"Feature","geometry":{"type":"Point","coordinates":[10.143424,51.650345]},"properties":{"callsign":"EJU65CQ","hex":"440610","origin":"","altitude":11216.640000000001,"velocity":194.974276,"heading":248.65,"onGround":false,"type":"A21N","desc":"","military":false}},{"type":"Feature","geometry":{"type":"Point","coordinates":[10.146056,49.744704]},"properties":{"callsign":"RCH404","hex":"ae2fac","origin":"","altitude":6332.22,"velocity":200.63316,"heading":258.22,"onGround":false,"type":"C17","desc":"","military":false}},{"type":"Feature","geometry":{"type":"Point","coordinates":[10.169151,46.054967]},"properties":{"callsign":"CES243","hex":"781602","origin":"","altitude":7193.280000000001,"velocity":227.5385812,"heading":242.97,"onGround":false,"type":"A359","desc":"","military":false}},{"type":"Feature","geometry":{"type":"Point","coordinates":[10.169581,49.275264]},"properties":{"callsign":"EWG2754","hex":"3c49ce","origin":"","altitude":8191.5,"velocity":203.6169352,"heading":53.94,"onGround":false,"type":"A320","desc":"","military":false}},{"type":"Feature","geometry":{"type":"Point","coordinates":[10.17868,51.306432]},"properties":{"callsign":"KLM70B","hex":"484cb7","origin":"","altitude":12801.6,"velocity":220.64503159999998,"heading":297.34,"onGround":false,"type":"B737","desc":"","military":false}},{"type":"Feature","geometry":{"type":"Point","coordinates":[10.181146,49.378703]},"properties":{"callsign":"CAI46NY","hex":"4d2352","origin":"","altitude":11628.12,"velocity":244.2580112,"heading":137.13,"onGround":false,"type":"B738","desc":"","military":false}},{"type":"Feature","geometry":{"type":"Point","coordinates":[10.232319,48.581357]},"properties":{"callsign":"RXI401","hex":"71144e","origin":"","altitude":11971.02,"velocity":229.0304688,"heading":304.48,"onGround":false,"type":"B789","desc":"","military":false}},{"type":"Feature","geometry":{"type":"Point","coordinates":[10.244555,44.809067]},"properties":{"callsign":"RYR1HH","hex":"4d234a","origin":"","altitude":7391.400000000001,"velocity":209.89315200000001,"heading":134.5,"onGround":false,"type":"B38M","desc":"","military":false}},{"type":"Feature","geometry":{"type":"Point","coordinates":[10.257856,52.119839]},"properties":{"callsign":"DLH821","hex":"3c64a6","origin":"","altitude":11201.400000000001,"velocity":218.124256,"heading":194.76,"onGround":false,"type":"A21N","desc":"","military":false}},{"type":"Feature","geometry":{"type":"Point","coordinates":[10.261008,49.558954]},"properties":{"callsign":"EJU59TY","hex":"4b1a25","origin":"","altitude":12260.58,"velocity":210.407596,"heading":215.24,"onGround":false,"type":"A320","desc":"","military":false}},{"type":"Feature","geometry":{"type":"Point","coordinates":[10.282364,51.976135]},"properties":{"callsign":"BOX399","hex":"3c458b","origin":"","altitude":6035.04,"velocity":219.25603279999999,"heading":121.08,"onGround":false,"type":"B77L","desc":"","military":false}},{"type":"Feature","geometry":{"type":"Point","coordinates":[10.311247,49.134677]},"properties":{"callsign":"CFG7AH","hex":"3c7982","origin":"","altitude":11056.62,"velocity":245.64701,"heading":136.78,"onGround":false,"type":"A21N","desc":"","military":false}},{"type":"Feature","geometry":{"type":"Point","coordinates":[10.341225,47.69157]},"properties":{"callsign":"CHX17","hex":"3e1689","origin":"","altitude":716.2800000000001,"velocity":0.3601108,"heading":0,"onGround":true,"type":"EC35","desc":"","military":false}},{"type":"Feature","geometry":{"type":"Point","coordinates":[10.393645,49.24305]},"properties":{"callsign":"WZZ99WA","hex":"4d2402","origin":"","altitude":10728.960000000001,"velocity":204.80015640000002,"heading":224.69,"onGround":false,"type":"A21N","desc":"","military":false}},{"type":"Feature","geometry":{"type":"Point","coordinates":[10.395126,51.234183]},"properties":{"callsign":"KLM878","hex":"485e2f","origin":"","altitude":11871.960000000001,"velocity":233.814798,"heading":300.4,"onGround":false,"type":"B78X","desc":"","military":false}},{"type":"Feature","geometry":{"type":"Point","coordinates":[10.435928,49.395416]},"properties":{"callsign":"GEC8473","hex":"3c70c5","origin":"","altitude":6964.68,"velocity":192.7107224,"heading":310.24,"onGround":false,"type":"B77L","desc":"","military":false}},{"type":"Feature","geometry":{"type":"Point","coordinates":[10.463069,49.181534]},"properties":{"callsign":"SXS9PG","hex":"4bcd86","origin":"","altitude":12260.58,"velocity":245.904232,"heading":135.34,"onGround":false,"type":"B38M","desc":"","military":false}},{"type":"Feature","geometry":{"type":"Point","coordinates":[10.466333,49.57669]},"properties":{"callsign":"WZZ645","hex":"4d24b3","origin":"","altitude":11338.560000000001,"velocity":209.89315200000001,"heading":306.73,"onGround":false,"type":"A21N","desc":"","military":false}},{"type":"Feature","geometry":{"type":"Point","coordinates":[10.475534,47.330312]},"properties":{"callsign":"EDW370L","hex":"4b18f3","origin":"","altitude":8641.08,"velocity":234.586464,"heading":104.22,"onGround":false,"type":"A320","desc":"","military":false}},{"type":"Feature","geometry":{"type":"Point","coordinates":[10.479222,49.540558]},"properties":{"callsign":"KLM1628","hex":"48418a","origin":"","altitude":11948.16,"velocity":225.2750276,"heading":334.72,"onGround":false,"type":"B739","desc":"","military":false}},{"type":"Feature","geometry":{"type":"Point","coordinates":[10.492859,48.910858]},"properties":{"callsign":"OEEKA","hex":"44013f","origin":"","altitude":7292.34,"velocity":164.9307464,"heading":37.01,"onGround":false,"type":"TBM9","desc":"","military":false}},{"type":"Feature","geometry":{"type":"Point","coordinates":[10.508352,48.056108]},"properties":{"callsign":"WZZ232","hex":"4d2424","origin":"","altitude":1691.64,"velocity":113.7435684,"heading":308.94,"onGround":false,"type":"A21N","desc":"","military":false}},{"type":"Feature","geometry":{"type":"Point","coordinates":[10.561157,48.1138]},"properties":{"callsign":"AFR73XZ","hex":"39bdab","origin":"","altitude":7696.200000000001,"velocity":167.50296640000002,"heading":266.48,"onGround":false,"type":"BCS3","desc":"","military":false}},{"type":"Feature","geometry":{"type":"Point","coordinates":[10.597109,49.551636]},"properties":{"callsign":"DLH2000","hex":"3c6497","origin":"","altitude":10416.54,"velocity":207.3723764,"heading":315.8,"onGround":false,"type":"A321","desc":"","military":false}},{"type":"Feature","geometry":{"type":"Point","coordinates":[10.601532,47.518799]},"properties":{"callsign":"TRA6739","hex":"4867ec","origin":"","altitude":11711.94,"velocity":231.3454668,"heading":155.43,"onGround":false,"type":"A21N","desc":"","military":false}},{"type":"Feature","geometry":{"type":"Point","coordinates":[10.708996,49.218983]},"properties":{"callsign":"KLM1660","hex":"484c50","origin":"","altitude":11971.02,"velocity":227.1784704,"heading":337.5,"onGround":false,"type":"E190","desc":"","military":false}},{"type":"Feature","geometry":{"type":"Point","coordinates":[10.730209,47.395111]},"properties":{"callsign":"RYR80KA","hex":"4ca647","origin":"","altitude":11399.52,"velocity":217.1982568,"heading":323.86,"onGround":false,"type":"B738","desc":"","military":false}},{"type":"Feature","geometry":{"type":"Point","coordinates":[10.732703,48.67758]},"properties":{"callsign":"BEL1TE","hex":"44cdca","origin":"","altitude":11650.980000000001,"velocity":236.64424,"heading":131.03,"onGround":false,"type":"A320","desc":"","military":false}},{"type":"Feature","geometry":{"type":"Point","coordinates":[10.768433,44.770111]},"properties":{"callsign":"EZS12XR","hex":"4b1a2a","origin":"","altitude":12382.5,"velocity":237.21012840000003,"heading":103.67,"onGround":false,"type":"A320","desc":"","military":false}},{"type":"Feature","geometry":{"type":"Point","coordinates":[10.802659,46.952587]},"properties":{"callsign":"DLH93U","hex":"3c6667","origin":"","altitude":8427.720000000001,"velocity":214.67748120000002,"heading":23.74,"onGround":false,"type":"A321","desc":"","military":false}},{"type":"Feature","geometry":{"type":"Point","coordinates":[10.834069,49.316345]},"properties":{"callsign":"DLH733","hex":"3c6704","origin":"","altitude":8100.06,"velocity":209.01859720000002,"heading":299.97,"onGround":false,"type":"A359","desc":"","military":false}},{"type":"Feature","geometry":{"type":"Point","coordinates":[10.836204,46.654266]},"properties":{"callsign":"DLA3TN","hex":"300394","origin":"","altitude":8938.26,"velocity":209.01859720000002,"heading":15.27,"onGround":false,"type":"E195","desc":"","military":false}},{"type":"Feature","geometry":{"type":"Point","coordinates":[10.855689,49.193115]},"properties":{"callsign":"DLH761","hex":"3c4a22","origin":"","altitude":6987.54,"velocity":188.18361520000002,"heading":303.52,"onGround":false,"type":"DH8D","desc":"","military":false}},{"type":"Feature","geometry":{"type":"Point","coordinates":[10.887451,51.875977]},"properties":{"callsign":"DLH885","hex":"3c65c7","origin":"","altitude":11498.58,"velocity":220.0276988,"heading":210.64,"onGround":false,"type":"A20N","desc":"","military":false}},{"type":"Feature","geometry":{"type":"Point","coordinates":[10.908267,48.879943]},"properties":{"callsign":"TRA5U","hex":"48683f","origin":"","altitude":11041.380000000001,"velocity":241.58290240000002,"heading":136.04,"onGround":false,"type":"A21N","desc":"","military":false}},{"type":"Feature","geometry":{"type":"Point","coordinates":[10.908806,46.060925]},"properties":{"callsign":"TRA9B","hex":"4866de","origin":"","altitude":12382.5,"velocity":235.7182408,"heading":163.78,"onGround":false,"type":"A21N","desc":"","military":false}},{"type":"Feature","geometry":{"type":"Point","coordinates":[10.933493,50.513123]},"properties":{"callsign":"WMT4305","hex":"4d2428","origin":"","altitude":10302.24,"velocity":203.4111576,"heading":295.79,"onGround":false,"type":"A21N","desc":"","military":false}},{"type":"Feature","geometry":{"type":"Point","coordinates":[10.994062,50.200607]},"properties":{"callsign":"DCS607","hex":"3cd5c4","origin":"","altitude":12832.08,"velocity":238.5991272,"heading":117.06,"onGround":false,"type":"C56X","desc":"","military":false}},{"type":"Feature","geometry":{"type":"Point","coordinates":[11.03208,48.795544]},"properties":{"callsign":"TUI55L","hex":"3c496d","origin":"","altitude":11658.6,"velocity":240.8626808,"heading":136.21,"onGround":false,"type":"B738","desc":"","military":false}},{"type":"Feature","geometry":{"type":"Point","coordinates":[11.051683,49.104538]},"properties":{"callsign":"DLH1561","hex":"3c64a2","origin":"","altitude":8778.24,"velocity":200.0672716,"heading":304.1,"onGround":false,"type":"A21N","desc":"","military":false}},{"type":"Feature","geometry":{"type":"Point","coordinates":[11.057465,47.620789]},"properties":{"callsign":"DLH6RJ","hex":"300a7c","origin":"","altitude":5615.9400000000005,"velocity":196.67194120000002,"heading":47.76,"onGround":false,"type":"E195","desc":"","military":false}},{"type":"Feature","geometry":{"type":"Point","coordinates":[11.058014,46.620204]},"properties":{"callsign":"RYR115D","hex":"48c129","origin":"","altitude":8907.78,"velocity":199.861494,"heading":229.17,"onGround":false,"type":"B738","desc":"","military":false}},{"type":"Feature","geometry":{"type":"Point","coordinates":[11.067185,45.994904]},"properties":{"callsign":"DAL296","hex":"a4fc00","origin":"","altitude":12976.86,"velocity":257.0162224,"heading":124.64,"onGround":false,"type":"A339","desc":"","military":false}},{"type":"Feature","geometry":{"type":"Point","coordinates":[11.069015,49.499588]},"properties":{"callsign":"RYR7TA","hex":"4ca802","origin":"","altitude":365.76,"velocity":55.662840800000005,"heading":98.5,"onGround":false,"type":"B738","desc":"","military":false}},{"type":"Feature","geometry":{"type":"Point","coordinates":[11.071546,49.496562]},"properties":{"callsign":"SQB02ERA","hex":"3c4214","origin":"","altitude":0,"velocity":0,"heading":0,"onGround":true,"type":"Unknown","desc":"","military":false}},{"type":"Feature","geometry":{"type":"Point","coordinates":[11.111731,49.59549]},"properties":{"callsign":"SWR12K","hex":"4b180c","origin":"","altitude":10713.720000000001,"velocity":187.0518384,"heading":246.33,"onGround":false,"type":"BCS3","desc":"","military":false}},{"type":"Feature","geometry":{"type":"Point","coordinates":[11.127342,46.321747]},"properties":{"callsign":"DLA5UP","hex":"3007ee","origin":"","altitude":8930.640000000001,"velocity":190.13850240000002,"heading":5.28,"onGround":false,"type":"E195","desc":"","military":false}},{"type":"Feature","geometry":{"type":"Point","coordinates":[11.13205,50.821218]},"properties":{"callsign":"RYR56NF","hex":"48c221","origin":"","altitude":10957.560000000001,"velocity":205.9319332,"heading":311.46,"onGround":false,"type":"B738","desc":"","military":false}},{"type":"Feature","geometry":{"type":"Point","coordinates":[11.202571,44.293989]},"properties":{"callsign":"KLC50M","hex":"486495","origin":"","altitude":7223.76,"velocity":183.1935084,"heading":4.51,"onGround":false,"type":"E295","desc":"","military":false}},{"type":"Feature","geometry":{"type":"Point","coordinates":[11.219224,47.517964]},"properties":{"callsign":"WMT4L","hex":"471f67","origin":"","altitude":11399.52,"velocity":200.6846044,"heading":290.25,"onGround":false,"type":"A321","desc":"","military":false}},{"type":"Feature","geometry":{"type":"Point","coordinates":[11.281485,46.456009]},"properties":{"callsign":"SWU701","hex":"4d202d","origin":"","altitude":1996.44,"velocity":92.342698,"heading":184.47,"onGround":false,"type":"DH8D","desc":"","military":false}},{"type":"Feature","geometry":{"type":"Point","coordinates":[11.293327,48.037445]},"properties":{"callsign":"RYR108N","hex":"48c2b7","origin":"","altitude":11376.66,"velocity":209.43015240000003,"heading":262.94,"onGround":false,"type":"B38M","desc":"","military":false}},{"type":"Feature","geometry":{"type":"Point","coordinates":[11.305495,48.459137]},"properties":{"callsign":"RYR6435","hex":"4cae59","origin":"","altitude":11673.84,"velocity":242.2002352,"heading":137.84,"onGround":false,"type":"B38M","desc":"","military":false}},{"type":"Feature","geometry":{"type":"Point","coordinates":[11.324027,44.920029]},"properties":{"callsign":"EDW752X","hex":"4b15ef","origin":"","altitude":12390.12,"velocity":228.8761356,"heading":150.96,"onGround":false,"type":"A320","desc":"","military":false}},{"type":"Feature","geometry":{"type":"Point","coordinates":[11.325748,48.194927]},"properties":{"callsign":"BEL1WH","hex":"44cc48","origin":"","altitude":12298.68,"velocity":248.11634120000002,"heading":131.89,"onGround":false,"type":"A20N","desc":"","military":false}},{"type":"Feature","geometry":{"type":"Point","coordinates":[11.34392,45.237789]},"properties":{"callsign":"DLA6AF","hex":"3009b7","origin":"","altitude":10203.18,"velocity":216.06648,"heading":0.68,"onGround":false,"type":"E190","desc":"","military":false}},{"type":"Feature","geometry":{"type":"Point","coordinates":[11.360713,45.519424]},"properties":{"callsign":"EVA095","hex":"89907b","origin":"","altitude":10789.92,"velocity":237.8789056,"heading":276.96,"onGround":false,"type":"B789","desc":"","military":false}},{"type":"Feature","geometry":{"type":"Point","coordinates":[11.365145,47.436777]},"properties":{"callsign":"DLA7TP","hex":"3003ad","origin":"","altitude":7002.780000000001,"velocity":177.17451359999998,"heading":13.43,"onGround":false,"type":"E195","desc":"","military":false}},{"type":"Feature","geometry":{"type":"Point","coordinates":[11.369115,49.637787]},"properties":{"callsign":"WZZ97","hex":"471dbf","origin":"","altitude":11330.94,"velocity":199.2956056,"heading":250.86,"onGround":false,"type":"A21N","desc":"","military":false}},{"type":"Feature","geometry":{"type":"Point","coordinates":[11.387106,51.092377]},"properties":{"callsign":"N65MV","hex":"a88b88","origin":"","altitude":7574.280000000001,"velocity":121.92322800000001,"heading":336.9,"onGround":false,"type":"BE9L","desc":"","military":false}},{"type":"Feature","geometry":{"type":"Point","coordinates":[11.413457,48.601456]},"properties":{"callsign":"LHX8VV","hex":"3c09f2","origin":"","altitude":4724.400000000001,"velocity":180.827066,"heading":314.19,"onGround":false,"type":"A319","desc":"","military":false}},{"type":"Feature","geometry":{"type":"Point","coordinates":[11.446381,49.242073]},"properties":{"callsign":"QFA1","hex":"7c4922","origin":"","altitude":12390.12,"velocity":230.77957840000002,"heading":290.21,"onGround":false,"type":"A388","desc":"","military":false}},{"type":"Feature","geometry":{"type":"Point","coordinates":[11.460853,47.599058]},"properties":{"callsign":"CPA383","hex":"780ab6","origin":"","altitude":10911.84,"velocity":214.9347032,"heading":280.34,"onGround":false,"type":"A359","desc":"","military":false}},{"type":"Feature","geometry":{"type":"Point","coordinates":[11.470149,47.726378]},"properties":{"callsign":"DLA5RK","hex":"300393","origin":"","altitude":4754.88,"velocity":192.5563892,"heading":13.44,"onGround":false,"type":"E195","desc":"","military":false}},{"type":"Feature","geometry":{"type":"Point","coordinates":[11.482522,45.033006]},"properties":{"callsign":"WMT5QD","hex":"4d245f","origin":"","altitude":11155.68,"velocity":218.79303320000002,"heading":274.45,"onGround":false,"type":"A21N","desc":"","military":false}},{"type":"Feature","geometry":{"type":"Point","coordinates":[11.490976,50.330658]},"properties":{"callsign":"RYR4QK","hex":"48c2a2","origin":"","altitude":11300.460000000001,"velocity":209.37870800000002,"heading":300.41,"onGround":false,"type":"B38M","desc":"","military":false}},{"type":"Feature","geometry":{"type":"Point","coordinates":[11.521767,49.47084]},"properties":{"callsign":"KLM1988","hex":"486484","origin":"","altitude":11932.92,"velocity":212.1052612,"heading":320.91,"onGround":false,"type":"E295","desc":"","military":false}},{"type":"Feature","geometry":{"type":"Point","coordinates":[11.526266,45.949677]},"properties":{"callsign":"N117EG","hex":"a0469f","origin":"","altitude":2903.2200000000003,"velocity":80.20181960000001,"heading":161.68,"onGround":false,"type":"K100","desc":"","military":false}},{"type":"Feature","geometry":{"type":"Point","coordinates":[11.575294,48.120164]},"properties":{"callsign":"DLH4JT","hex":"3003ae","origin":"","altitude":4114.8,"velocity":177.4317356,"heading":23.22,"onGround":false,"type":"E195","desc":"","military":false}},{"type":"Feature","geometry":{"type":"Point","coordinates":[11.608605,48.809189]},"properties":{"callsign":"DLH2TN","hex":"3c6446","origin":"","altitude":10805.16,"velocity":213.0827048,"heading":306.95,"onGround":false,"type":"A319","desc":"","military":false}},{"type":"Feature","geometry":{"type":"Point","coordinates":[11.628552,50.68928]},"properties":{"callsign":"EWG72D","hex":"4d2081","origin":"","altitude":10355.58,"velocity":200.63316,"heading":342.95,"onGround":false,"type":"A319","desc":"","military":false}},{"type":"Feature","geometry":{"type":"Point","coordinates":[11.633928,51.490814]},"properties":{"callsign":"CHH7973","hex":"78129e","origin":"","altitude":11231.880000000001,"velocity":230.3165788,"heading":201.35,"onGround":false,"type":"B789","desc":"","military":false}},{"type":"Feature","geometry":{"type":"Point","coordinates":[11.64424,48.404526]},"properties":{"callsign":"DLH9TT","hex":"3c65c8","origin":"","altitude":2552.7000000000003,"velocity":138.2311028,"heading":343.79,"onGround":false,"type":"A20N","desc":"","military":false}},{"type":"Feature","geometry":{"type":"Point","coordinates":[11.653748,50.952988]},"properties":{"callsign":"EWG84A","hex":"3c5ef6","origin":"","altitude":10210.800000000001,"velocity":211.693706,"heading":154.06,"onGround":false,"type":"A319","desc":"","military":false}},{"type":"Feature","geometry":{"type":"Point","coordinates":[11.681061,51.528951]},"properties":{"callsign":"DLH6VT","hex":"3c66af","origin":"","altitude":11849.1,"velocity":235.5639076,"heading":8.41,"onGround":false,"type":"A320","desc":"","military":false}},{"type":"Feature","geometry":{"type":"Point","coordinates":[11.686056,50.340408]},"properties":{"callsign":"WMT2EK","hex":"471f37","origin":"","altitude":11003.28,"velocity":199.81004959999999,"heading":289.55,"onGround":false,"type":"A21N","desc":"","military":false}},{"type":"Feature","geometry":{"type":"Point","coordinates":[11.711707,46.996253]},"properties":{"callsign":"RYR6RJ","hex":"48c1a7","origin":"","altitude":7338.06,"velocity":203.8227128,"heading":196.42,"onGround":false,"type":"B738","desc":"","military":false}},{"type":"Feature","geometry":{"type":"Point","coordinates":[11.737413,47.029259]},"properties":{"callsign":"DLH306","hex":"3c65e2","origin":"","altitude":11711.94,"velocity":223.06291840000003,"heading":157.63,"onGround":false,"type":"A21N","desc":"","military":false}},{"type":"Feature","geometry":{"type":"Point","coordinates":[11.764297,48.358177]},"properties":{"callsign":"3c414b","hex":"3c414b","origin":"","altitude":0,"velocity":19.29165,"heading":81.56,"onGround":true,"type":"Unknown","desc":"","military":false}},{"type":"Feature","geometry":{"type":"Point","coordinates":[11.778787,48.355968]},"properties":{"callsign":"AAL784","hex":"aac6ee","origin":"","altitude":0,"velocity":0,"heading":174.38,"onGround":true,"type":"B772","desc":"","military":false}},{"type":"Feature","geometry":{"type":"Point","coordinates":[11.780953,48.355717]},"properties":{"callsign":"THY2ZN","hex":"4baa8d","origin":"","altitude":0,"velocity":0,"heading":174.38,"onGround":true,"type":"A321","desc":"","military":false}},{"type":"Feature","geometry":{"type":"Point","coordinates":[11.793401,48.132966]},"properties":{"callsign":"DLH05M","hex":"502d24","origin":"","altitude":3764.28,"velocity":156.2880872,"heading":172.24,"onGround":false,"type":"BCS3","desc":"","military":false}},{"type":"Feature","geometry":{"type":"Point","coordinates":[11.793733,48.36099]},"properties":{"callsign":"DLH6KX","hex":"3c6581","origin":"","altitude":510.54,"velocity":7.973882000000001,"heading":101.25,"onGround":true,"type":"A319","desc":"","military":false}},{"type":"Feature","geometry":{"type":"Point","coordinates":[11.795522,48.348933]},"properties":{"callsign":"DLH763","hex":"3c65ad","origin":"","altitude":0,"velocity":0.1028888,"heading":354.38,"onGround":true,"type":"A388","desc":"","military":false}},{"type":"Feature","geometry":{"type":"Point","coordinates":[11.796799,48.349308]},"properties":{"callsign":"LHX62H","hex":"3c48eb","origin":"","altitude":0,"velocity":3.7039968,"heading":245.04,"onGround":true,"type":"A319","desc":"","military":false}},{"type":"Feature","geometry":{"type":"Point","coordinates":[11.799774,48.350922]},"properties":{"callsign":"DLH3VR","hex":"3c658b","origin":"","altitude":0,"velocity":4.2184408,"heading":264.38,"onGround":true,"type":"A319","desc":"","military":false}},{"type":"Feature","geometry":{"type":"Point","coordinates":[11.801147,48.353909]},"properties":{"callsign":"BEL2654","hex":"44ce6a","origin":"","altitude":0,"velocity":2.1606648,"heading":345.94,"onGround":true,"type":"A319","desc":"","military":false}},{"type":"Feature","geometry":{"type":"Point","coordinates":[11.804739,48.352512]},"properties":{"callsign":"DLH8KY","hex":"3c658c","origin":"","altitude":0,"velocity":0,"heading":354.38,"onGround":true,"type":"A319","desc":"","military":false}},{"type":"Feature","geometry":{"type":"Point","coordinates":[11.819845,48.365627]},"properties":{"callsign":"DLH8PL","hex":"3c64a8","origin":"","altitude":0,"velocity":0,"heading":292.68,"onGround":true,"type":"A21N","desc":"","military":false}},{"type":"Feature","geometry":{"type":"Point","coordinates":[11.84642,47.316879]},"properties":{"callsign":"EZS74KY","hex":"4b027e","origin":"","altitude":12329.16,"velocity":253.878114,"heading":94.42,"onGround":false,"type":"A20N","desc":"","military":false}},{"type":"Feature","geometry":{"type":"Point","coordinates":[11.848104,48.37125]},"properties":{"callsign":"EVA071","hex":"8990d4","origin":"","altitude":426.72,"velocity":37.554412,"heading":263,"onGround":false,"type":"B77W","desc":"","military":false}},{"type":"Feature","geometry":{"type":"Point","coordinates":[11.859875,44.2027]},"properties":{"callsign":"ITY1629","hex":"4ca9bd","origin":"","altitude":11140.44,"velocity":230.3165788,"heading":117.25,"onGround":false,"type":"A319","desc":"","military":false}},{"type":"Feature","geometry":{"type":"Point","coordinates":[11.872658,49.979693]},"properties":{"callsign":"DLH3EM","hex":"3c65d4","origin":"","altitude":8458.2,"velocity":244.0007892,"heading":155.33,"onGround":false,"type":"A20N","desc":"","military":false}},{"type":"Feature","geometry":{"type":"Point","coordinates":[11.879116,51.711411]},"properties":{"callsign":"KLM26U","hex":"4855d0","origin":"","altitude":11209.02,"velocity":202.1250476,"heading":284.14,"onGround":false,"type":"E75L","desc":"","military":false}},{"type":"Feature","geometry":{"type":"Point","coordinates":[11.882136,47.140612]},"properties":{"callsign":"TUI5PJ","hex":"3c0caa","origin":"","altitude":9128.76,"velocity":233.1974652,"heading":187.86,"onGround":false,"type":"B738","desc":"","military":false}},{"type":"Feature","geometry":{"type":"Point","coordinates":[11.921799,50.684418]},"properties":{"callsign":"KLM808","hex":"485343","origin":"","altitude":12519.66,"velocity":233.814798,"heading":300.4,"onGround":false,"type":"B789","desc":"","military":false}},{"type":"Feature","geometry":{"type":"Point","coordinates":[11.947415,49.96994]},"properties":{"callsign":"AFR33SQ","hex":"39bdb2","origin":"","altitude":10119.36,"velocity":194.5112764,"heading":274.4,"onGround":false,"type":"BCS3","desc":"","military":false}},{"type":"Feature","geometry":{"type":"Point","coordinates":[11.952843,48.356094]},"properties":{"callsign":"DLH1KV","hex":"3c64a7","origin":"","altitude":1135.38,"velocity":97.33280479999999,"heading":263.63,"onGround":false,"type":"A21N","desc":"","military":false}},{"type":"Feature","geometry":{"type":"Point","coordinates":[11.980732,48.379028]},"properties":{"callsign":"LHX5YY","hex":"3c48f0","origin":"","altitude":1150.6200000000001,"velocity":87.5069244,"heading":263.59,"onGround":false,"type":"A319","desc":"","military":false}},{"type":"Feature","geometry":{"type":"Point","coordinates":[11.994251,48.470609]},"properties":{"callsign":"DLH4CH","hex":"3c6444","origin":"","altitude":2133.6,"velocity":174.6022936,"heading":95.24,"onGround":false,"type":"A319","desc":"","military":false}},{"type":"Feature","geometry":{"type":"Point","coordinates":[12.003403,51.312297]},"properties":{"callsign":"THY184","hex":"4bb1a4","origin":"","altitude":12176.76,"velocity":273.1183196,"heading":122.85,"onGround":false,"type":"B789","desc":"","military":false}},{"type":"Feature","geometry":{"type":"Point","coordinates":[12.027951,50.170045]},"properties":{"callsign":"DLH7FM","hex":"3c66a4","origin":"","altitude":8534.4,"velocity":221.1594756,"heading":156.42,"onGround":false,"type":"A320","desc":"","military":false}},{"type":"Feature","geometry":{"type":"Point","coordinates":[12.034112,49.672588]},"properties":{"callsign":"EJU53YB","hex":"4402ae","origin":"","altitude":11643.36,"velocity":227.1784704,"heading":173.76,"onGround":false,"type":"A320","desc":"","military":false}},{"type":"Feature","geometry":{"type":"Point","coordinates":[12.035188,45.936951]},"properties":{"callsign":"DLH333","hex":"3c6749","origin":"","altitude":4823.46,"velocity":191.7332788,"heading":324.39,"onGround":false,"type":"A320","desc":"","military":false}},{"type":"Feature","geometry":{"type":"Point","coordinates":[12.034438,49.085238]},"properties":{"callsign":"KLM174","hex":"486072","origin":"","altitude":11940.54,"velocity":238.3419052,"heading":319.64,"onGround":false,"type":"B78X","desc":"","military":false}},{"type":"Feature","geometry":{"type":"Point","coordinates":[12.036297,48.737595]},"properties":{"callsign":"DLA2MA","hex":"3009b8","origin":"","altitude":7627.620000000001,"velocity":165.4966348,"heading":303.59,"onGround":false,"type":"E190","desc":"","military":false}},{"type":"Feature","geometry":{"type":"Point","coordinates":[12.040176,51.271424]},"properties":{"callsign":"DLH899","hex":"3c6744","origin":"","altitude":10043.16,"velocity":212.1052612,"heading":243.81,"onGround":false,"type":"A320","desc":"","military":false}},{"type":"Feature","geometry":{"type":"Point","coordinates":[12.099398,47.980833]},"properties":{"callsign":"WZZ983","hex":"471db3","origin":"","altitude":11391.900000000001,"velocity":209.89315200000001,"heading":199.77,"onGround":false,"type":"A21N","desc":"","military":false}},{"type":"Feature","geometry":{"type":"Point","coordinates":[12.127172,48.389934]},"properties":{"callsign":"CCA961","hex":"780ae5","origin":"","altitude":1630.68,"velocity":95.686584,"heading":264.14,"onGround":false,"type":"B77W","desc":"","military":false}},{"type":"Feature","geometry":{"type":"Point","coordinates":[12.1284,49.753922]},"properties":{"callsign":"AAL96","hex":"ac0cab","origin":"","altitude":12847.320000000002,"velocity":276.5650944,"heading":102.9,"onGround":false,"type":"B788","desc":"","military":false}},{"type":"Feature","geometry":{"type":"Point","coordinates":[12.135635,46.702555]},"properties":{"callsign":"SWR2279","hex":"502ce7","origin":"","altitude":9570.720000000001,"velocity":208.7613752,"heading":278.79,"onGround":false,"type":"BCS3","desc":"","military":false}},{"type":"Feature","geometry":{"type":"Point","coordinates":[12.137146,47.520813]},"properties":{"callsign":"WMT102","hex":"4d24b0","origin":"","altitude":8290.560000000001,"velocity":179.18084520000002,"heading":280.92,"onGround":false,"type":"A21N","desc":"","military":false}},{"type":"Feature","geometry":{"type":"Point","coordinates":[12.14488,50.122009]},"properties":{"callsign":"WMT6UW","hex":"471f5d","origin":"","altitude":11315.7,"velocity":202.0736032,"heading":288.71,"onGround":false,"type":"A320","desc":"","military":false}},{"type":"Feature","geometry":{"type":"Point","coordinates":[12.182766,46.824875]},"properties":{"callsign":"DLH9JV","hex":"3c66a2","origin":"","altitude":10485.12,"velocity":222.754252,"heading":189.57,"onGround":false,"type":"A320","desc":"","military":false}},{"type":"Feature","geometry":{"type":"Point","coordinates":[12.21246,48.685773]},"properties":{"callsign":"CPA037","hex":"780232","origin":"","altitude":10447.02,"velocity":228.2073584,"heading":290.31,"onGround":false,"type":"B748","desc":"","military":false}},{"type":"Feature","geometry":{"type":"Point","coordinates":[12.241516,45.413663]},"properties":{"callsign":"RYR4UW","hex":"48ea4d","origin":"","altitude":11140.44,"velocity":216.7867016,"heading":285.55,"onGround":false,"type":"B738","desc":"","military":false}},{"type":"Feature","geometry":{"type":"Point","coordinates":[12.265097,45.447646]},"properties":{"callsign":"RYR750K","hex":"4caf2a","origin":"","altitude":11452.86,"velocity":241.8915688,"heading":18.47,"onGround":false,"type":"B38M","desc":"","military":false}},{"type":"Feature","geometry":{"type":"Point","coordinates":[12.271517,49.070297]},"properties":{"callsign":"DLH6M","hex":"3c666e","origin":"","altitude":4533.900000000001,"velocity":177.225958,"heading":195.49,"onGround":false,"type":"A321","desc":"","military":false}},{"type":"Feature","geometry":{"type":"Point","coordinates":[12.27784,47.996109]},"properties":{"callsign":"RYR9CL","hex":"4cae99","origin":"","altitude":11696.7,"velocity":227.127026,"heading":171.8,"onGround":false,"type":"B38M","desc":"","military":false}},{"type":"Feature","geometry":{"type":"Point","coordinates":[12.339187,46.033722]},"properties":{"callsign":"RYR7KJ","hex":"4d22c8","origin":"","altitude":11757.66,"velocity":213.5457044,"heading":228.32,"onGround":false,"type":"A320","desc":"","military":false}},{"type":"Feature","geometry":{"type":"Point","coordinates":[12.361755,51.833589]},"properties":{"callsign":"DLH9CJ","hex":"3c664e","origin":"","altitude":7505.700000000001,"velocity":192.6078336,"heading":233.25,"onGround":false,"type":"A321","desc":"","military":false}},{"type":"Feature","geometry":{"type":"Point","coordinates":[12.36645,48.386078]},"properties":{"callsign":"THA924","hex":"885115","origin":"","altitude":1668.78,"velocity":101.49980120000001,"heading":295.53,"onGround":false,"type":"A359","desc":"","military":false}},{"type":"Feature","geometry":{"type":"Point","coordinates":[12.396512,50.289312]},"properties":{"callsign":"WMT2B","hex":"471f69","origin":"","altitude":10683.24,"velocity":210.30470720000002,"heading":307.35,"onGround":false,"type":"A321","desc":"","military":false}},{"type":"Feature","geometry":{"type":"Point","coordinates":[12.403936,51.021194]},"properties":{"callsign":"WMT718","hex":"4d242f","origin":"","altitude":11887.2,"velocity":201.45627040000002,"heading":282.69,"onGround":false,"type":"A20N","desc":"","military":false}},{"type":"Feature","geometry":{"type":"Point","coordinates":[12.408861,45.056946]},"properties":{"callsign":"CFG7ZP","hex":"3c7877","origin":"","altitude":12374.880000000001,"velocity":230.8824672,"heading":162.49,"onGround":false,"type":"A20N","desc":"","military":false}},{"type":"Feature","geometry":{"type":"Point","coordinates":[12.432298,48.291687]},"properties":{"callsign":"AUA18Z","hex":"440820","origin":"","altitude":2583.1800000000003,"velocity":134.21843959999998,"heading":301.68,"onGround":false,"type":"E195","desc":"","military":false}},{"type":"Feature","geometry":{"type":"Point","coordinates":[12.448772,51.309631]},"properties":{"callsign":"WZZ40","hex":"4d2067","origin":"","altitude":11262.36,"velocity":200.118716,"heading":279.17,"onGround":false,"type":"A21N","desc":"","military":false}},{"type":"Feature","geometry":{"type":"Point","coordinates":[12.491589,44.67446]},"properties":{"callsign":"ITY1460","hex":"4cad52","origin":"","altitude":7848.6,"velocity":196.4147192,"heading":188.13,"onGround":false,"type":"BCS3","desc":"","military":false}},{"type":"Feature","geometry":{"type":"Point","coordinates":[12.497086,47.488907]},"properties":{"callsign":"THA970","hex":"885171","origin":"","altitude":9616.44,"velocity":230.470912,"heading":278.6,"onGround":false,"type":"B77W","desc":"","military":false}},{"type":"Feature","geometry":{"type":"Point","coordinates":[12.49873,51.441147]},"properties":{"callsign":"WZZ57X","hex":"4d245a","origin":"","altitude":10637.52,"velocity":198.832606,"heading":278.78,"onGround":false,"type":"A320","desc":"","military":false}},{"type":"Feature","geometry":{"type":"Point","coordinates":[12.514732,47.644958]},"properties":{"callsign":"CFG6AF","hex":"452113","origin":"","altitude":7132.320000000001,"velocity":222.0340304,"heading":138.85,"onGround":false,"type":"A320","desc":"","military":false}},{"type":"Feature","geometry":{"type":"Point","coordinates":[12.517475,49.286158]},"properties":{"callsign":"DLH8MC","hex":"3c6653","origin":"","altitude":6766.56,"velocity":197.032052,"heading":193.13,"onGround":false,"type":"A321","desc":"","military":false}},{"type":"Feature","geometry":{"type":"Point","coordinates":[12.536316,48.791656]},"properties":{"callsign":"DLH8FN","hex":"3c674e","origin":"","altitude":4175.76,"velocity":162.61574840000003,"heading":225.9,"onGround":false,"type":"A320","desc":"","military":false}},{"type":"Feature","geometry":{"type":"Point","coordinates":[12.569096,46.742523]},"properties":{"callsign":"RYR9Z","hex":"48c2ad","origin":"","altitude":10492.74,"velocity":217.14681240000002,"heading":264.29,"onGround":false,"type":"B38M","desc":"","military":false}},{"type":"Feature","geometry":{"type":"Point","coordinates":[12.58614,49.853989]},"properties":{"callsign":"DLH3WT","hex":"3c6757","origin":"","altitude":10728.960000000001,"velocity":201.91927,"heading":293.1,"onGround":false,"type":"A320","desc":"","military":false}},{"type":"Feature","geometry":{"type":"Point","coordinates":[12.654441,44.466884]},"properties":{"callsign":"WZZ5KX","hex":"471f9a","origin":"","altitude":11452.86,"velocity":220.3878096,"heading":274.55,"onGround":false,"type":"A21N","desc":"","military":false}},{"type":"Feature","geometry":{"type":"Point","coordinates":[12.67942,47.327658]},"properties":{"callsign":"TFL46D","hex":"4520ce","origin":"","altitude":11719.560000000001,"velocity":241.2227916,"heading":140.54,"onGround":false,"type":"A320","desc":"","military":false}},{"type":"Feature","geometry":{"type":"Point","coordinates":[12.685089,51.637558]},"properties":{"callsign":"RYR4BM","hex":"48c2a8","origin":"","altitude":11231.880000000001,"velocity":206.9093768,"heading":286.32,"onGround":false,"type":"B38M","desc":"","military":false}},{"type":"Feature","geometry":{"type":"Point","coordinates":[12.756869,45.299471]},"properties":{"callsign":"WMT542","hex":"471f71","origin":"","altitude":3421.38,"velocity":159.52908440000002,"heading":282.29,"onGround":false,"type":"A321","desc":"","military":false}},{"type":"Feature","geometry":{"type":"Point","coordinates":[12.795158,45.71993]},"properties":{"callsign":"AFR52AK","hex":"39bda4","origin":"","altitude":12062.460000000001,"velocity":208.2469312,"heading":277.81,"onGround":false,"type":"BCS3","desc":"","military":false}},{"type":"Feature","geometry":{"type":"Point","coordinates":[12.796185,48.158197]},"properties":{"callsign":"DLH1MA","hex":"3c6442","origin":"","altitude":4221.4800000000005,"velocity":149.5488708,"heading":299.92,"onGround":false,"type":"A319","desc":"","military":false}},{"type":"Feature","geometry":{"type":"Point","coordinates":[12.834561,48.443609]},"properties":{"callsign":"EWG4FX","hex":"3c48ee","origin":"","altitude":9799.32,"velocity":239.21646,"heading":95.31,"onGround":false,"type":"A319","desc":"","military":false}},{"type":"Feature","geometry":{"type":"Point","coordinates":[12.848159,47.487519]},"properties":{"callsign":"CFG4YZ","hex":"3c7983","origin":"","altitude":11094.720000000001,"velocity":238.13612759999998,"heading":128.95,"onGround":false,"type":"A21N","desc":"","military":false}},{"type":"Feature","geometry":{"type":"Point","coordinates":[12.942834,48.956335]},"properties":{"callsign":"EJU92MK","hex":"440425","origin":"","altitude":11353.800000000001,"velocity":209.7388188,"heading":208.89,"onGround":false,"type":"A21N","desc":"","military":false}},{"type":"Feature","geometry":{"type":"Point","coordinates":[12.952881,49.137085]},"properties":{"callsign":"UAE1KM","hex":"896199","origin":"","altitude":12565.380000000001,"velocity":223.57736240000003,"heading":306.58,"onGround":false,"type":"A388","desc":"","military":false}},{"type":"Feature","geometry":{"type":"Point","coordinates":[12.995699,47.912075]},"properties":{"callsign":"TUI7KT","hex":"3c743a","origin":"","altitude":11704.32,"velocity":252.5405596,"heading":123.37,"onGround":false,"type":"B38M","desc":"","military":false}},{"type":"Feature","geometry":{"type":"Point","coordinates":[13.02645,45.471313]},"properties":{"callsign":"RYR88JA","hex":"4ca4f4","origin":"","altitude":11917.68,"velocity":219.82192120000002,"heading":319.94,"onGround":false,"type":"B738","desc":"","military":false}},{"type":"Feature","geometry":{"type":"Point","coordinates":[13.073064,47.695273]},"properties":{"callsign":"FFMUNT","hex":"447aca","origin":"","altitude":17038.32,"velocity":15.947764000000001,"heading":345,"onGround":false,"type":"TWR","desc":"","military":false}},{"type":"Feature","geometry":{"type":"Point","coordinates":[13.078331,48.143097]},"properties":{"callsign":"DLH2VR","hex":"3c6588","origin":"","altitude":10751.82,"velocity":215.3462584,"heading":334.23,"onGround":false,"type":"A319","desc":"","military":false}},{"type":"Feature","geometry":{"type":"Point","coordinates":[13.085044,45.35733]},"properties":{"callsign":"ITY1356","hex":"4cad55","origin":"","altitude":5676.900000000001,"velocity":180.2611776,"heading":198.12,"onGround":false,"type":"BCS3","desc":"","military":false}},{"type":"Feature","geometry":{"type":"Point","coordinates":[13.109632,45.032959]},"properties":{"callsign":"CSW610","hex":"4b1942","origin":"","altitude":11772.900000000001,"velocity":244.9782328,"heading":119.85,"onGround":false,"type":"A320","desc":"","military":false}},{"type":"Feature","geometry":{"type":"Point","coordinates":[13.216553,45.317871]},"properties":{"callsign":"CSW6KP","hex":"4b193e","origin":"","altitude":11140.44,"velocity":239.0106824,"heading":122.7,"onGround":false,"type":"Unknown","desc":"","military":false}},{"type":"Feature","geometry":{"type":"Point","coordinates":[13.218143,49.971085]},"properties":{"callsign":"WZZ3351","hex":"471d6b","origin":"","altitude":10713.720000000001,"velocity":204.1313792,"heading":291.59,"onGround":false,"type":"A21N","desc":"","military":false}},{"type":"Feature","geometry":{"type":"Point","coordinates":[13.223947,48.964554]},"properties":{"callsign":"CFG1DJ","hex":"3c0ac6","origin":"","altitude":12252.960000000001,"velocity":245.0811216,"heading":142.5,"onGround":false,"type":"A321","desc":"","military":false}},{"type":"Feature","geometry":{"type":"Point","coordinates":[13.243483,46.693542]},"properties":{"callsign":"WMT743","hex":"4d200e","origin":"","altitude":11132.82,"velocity":248.63078520000002,"heading":80.71,"onGround":false,"type":"A21N","desc":"","military":false}},{"type":"Feature","geometry":{"type":"Point","coordinates":[13.256766,47.376166]},"properties":{"callsign":"RYR2UC","hex":"4caf27","origin":"","altitude":11711.94,"velocity":247.0360088,"heading":134.07,"onGround":false,"type":"B38M","desc":"","military":false}},{"type":"Feature","geometry":{"type":"Point","coordinates":[13.305852,47.27431]},"properties":{"callsign":"WZZ39GE","hex":"471f32","origin":"","altitude":11109.960000000001,"velocity":206.60071040000003,"heading":236.27,"onGround":false,"type":"A21N","desc":"","military":false}},{"type":"Feature","geometry":{"type":"Point","coordinates":[13.326777,48.944325]},"properties":{"callsign":"DLH4LY","hex":"3c6652","origin":"","altitude":5996.9400000000005,"velocity":192.7107224,"heading":233.47,"onGround":false,"type":"A321","desc":"","military":false}},{"type":"Feature","geometry":{"type":"Point","coordinates":[13.33529,46.916463]},"properties":{"callsign":"CFG5AD","hex":"3c7861","origin":"","altitude":11742.42,"velocity":238.9077936,"heading":140.24,"onGround":false,"type":"A20N","desc":"","military":false}},{"type":"Feature","geometry":{"type":"Point","coordinates":[13.352332,48.273605]},"properties":{"callsign":"MBU3NX","hex":"511172","origin":"","altitude":11689.08,"velocity":227.127026,"heading":160.83,"onGround":false,"type":"A20N","desc":"","military":false}},{"type":"Feature","geometry":{"type":"Point","coordinates":[13.387596,45.82593]},"properties":{"callsign":"WMT917","hex":"471f86","origin":"","altitude":10835.640000000001,"velocity":211.0763732,"heading":261.73,"onGround":false,"type":"A320","desc":"","military":false}},{"type":"Feature","geometry":{"type":"Point","coordinates":[13.389447,49.299591]},"properties":{"callsign":"RYR6LZ","hex":"48e9f5","origin":"","altitude":11026.140000000001,"velocity":202.63949159999999,"heading":234.09,"onGround":false,"type":"B738","desc":"","military":false}},{"type":"Feature","geometry":{"type":"Point","coordinates":[13.395218,47.081589]},"properties":{"callsign":"RYR63VQ","hex":"4d234e","origin":"","altitude":11727.18,"velocity":222.3426968,"heading":170.28,"onGround":false,"type":"B38M","desc":"","military":false}},{"type":"Feature","geometry":{"type":"Point","coordinates":[13.395297,50.063141]},"properties":{"callsign":"RYR28GH","hex":"48c135","origin":"","altitude":10988.04,"velocity":198.832606,"heading":252.69,"onGround":false,"type":"B738","desc":"","military":false}},{"type":"Feature","geometry":{"type":"Point","coordinates":[13.398602,48.121886]},"properties":{"callsign":"WMT521","hex":"4d2535","origin":"","altitude":11407.140000000001,"velocity":219.7704768,"heading":325.49,"onGround":false,"type":"A21N","desc":"","military":false}},{"type":"Feature","geometry":{"type":"Point","coordinates":[13.463402,46.822706]},"properties":{"callsign":"LGL3RU","hex":"4d00ed","origin":"","altitude":12344.400000000001,"velocity":259.79422,"heading":115.7,"onGround":false,"type":"B38M","desc":"","military":false}},{"type":"Feature","geometry":{"type":"Point","coordinates":[13.521775,49.396362]},"properties":{"callsign":"WZZ45","hex":"471dbc","origin":"","altitude":10728.960000000001,"velocity":200.63316,"heading":297.16,"onGround":false,"type":"A21N","desc":"","military":false}},{"type":"Feature","geometry":{"type":"Point","coordinates":[13.531271,46.207947]},"properties":{"callsign":"GFA019","hex":"8940c3","origin":"","altitude":11445.24,"velocity":211.84803920000002,"heading":284.34,"onGround":false,"type":"A21N","desc":"","military":false}},{"type":"Feature","geometry":{"type":"Point","coordinates":[13.552185,46.787327]},"properties":{"callsign":"CFG4FD","hex":"3c088d","origin":"","altitude":10500.36,"velocity":233.9176868,"heading":134.38,"onGround":false,"type":"A320","desc":"","military":false}},{"type":"Feature","geometry":{"type":"Point","coordinates":[13.5756,47.807236]},"properties":{"callsign":"ETD43","hex":"8966a8","origin":"","altitude":10789.92,"velocity":221.5710308,"heading":318.39,"onGround":false,"type":"A21N","desc":"","military":false}},{"type":"Feature","geometry":{"type":"Point","coordinates":[13.619496,45.160745]},"properties":{"callsign":"CPA233","hex":"780205","origin":"","altitude":11452.86,"velocity":237.158684,"heading":282.53,"onGround":false,"type":"B77W","desc":"","military":false}},{"type":"Feature","geometry":{"type":"Point","coordinates":[13.646133,50.855072]},"properties":{"callsign":"DLH2467","hex":"502d0c","origin":"","altitude":10660.380000000001,"velocity":189.62405840000002,"heading":231.39,"onGround":false,"type":"BCS3","desc":"","military":false}},{"type":"Feature","geometry":{"type":"Point","coordinates":[13.666769,49.755451]},"properties":{"callsign":"WZZ4BK","hex":"4d2021","origin":"","altitude":11330.94,"velocity":207.0122656,"heading":306.61,"onGround":false,"type":"A21N","desc":"","military":false}},{"type":"Feature","geometry":{"type":"Point","coordinates":[13.667908,47.195729]},"properties":{"callsign":"RYR3343","hex":"4ca811","origin":"","altitude":9235.44,"velocity":226.35536000000002,"heading":6.66,"onGround":false,"type":"B738","desc":"","military":false}},{"type":"Feature","geometry":{"type":"Point","coordinates":[13.727618,44.965225]},"properties":{"callsign":"EZS37UH","hex":"4b1a2f","origin":"","altitude":11780.52,"velocity":231.4998,"heading":127.51,"onGround":false,"type":"A320","desc":"","military":false}},{"type":"Feature","geometry":{"type":"Point","coordinates":[13.735501,48.721499]},"properties":{"callsign":"THA910","hex":"885283","origin":"","altitude":10972.800000000001,"velocity":227.384248,"heading":290.74,"onGround":false,"type":"B77W","desc":"","military":false}},{"type":"Feature","geometry":{"type":"Point","coordinates":[13.784039,47.594403]},"properties":{"callsign":"RYR5868","hex":"4d22b1","origin":"","altitude":11376.66,"velocity":217.91847840000003,"heading":315.67,"onGround":false,"type":"A320","desc":"","military":false}},{"type":"Feature","geometry":{"type":"Point","coordinates":[13.817702,47.952622]},"properties":{"callsign":"TUI7CX","hex":"3c7421","origin":"","altitude":11696.7,"velocity":240.0910148,"heading":144.51,"onGround":false,"type":"B38M","desc":"","military":false}},{"type":"Feature","geometry":{"type":"Point","coordinates":[13.850464,47.831589]},"properties":{"callsign":"KLM48X","hex":"4863db","origin":"","altitude":11986.26,"velocity":208.7099308,"heading":317.9,"onGround":false,"type":"E295","desc":"","military":false}},{"type":"Feature","geometry":{"type":"Point","coordinates":[13.870172,45.988312]},"properties":{"callsign":"RYR3UV","hex":"48c222","origin":"","altitude":11757.66,"velocity":213.237038,"heading":235.12,"onGround":false,"type":"B738","desc":"","military":false}},{"type":"Feature","geometry":{"type":"Point","coordinates":[13.877959,51.226227]},"properties":{"callsign":"OKBRO","hex":"49d3b2","origin":"","altitude":3154.6800000000003,"velocity":73.1539368,"heading":296.75,"onGround":false,"type":"S22T","desc":"","military":false}},{"type":"Feature","geometry":{"type":"Point","coordinates":[13.907384,44.876907]},"properties":{"callsign":"RYR27PP","hex":"4d22bf","origin":"","altitude":9486.9,"velocity":225.63513840000002,"heading":313.15,"onGround":false,"type":"A320","desc":"","military":false}},{"type":"Feature","geometry":{"type":"Point","coordinates":[13.931406,50.030854]},"properties":{"callsign":"WZZ84AY","hex":"4d2529","origin":"","altitude":10721.34,"velocity":196.31183040000002,"heading":258.51,"onGround":false,"type":"A21N","desc":"","military":false}},{"type":"Feature","geometry":{"type":"Point","coordinates":[13.990077,48.61953]},"properties":{"callsign":"AIC187","hex":"801859","origin":"","altitude":11978.640000000001,"velocity":221.5195864,"heading":307.64,"onGround":false,"type":"B789","desc":"","military":false}},{"type":"Feature","geometry":{"type":"Point","coordinates":[14.05687,47.259979]},"properties":{"callsign":"DLH6EL","hex":"3c66b0","origin":"","altitude":8999.220000000001,"velocity":207.3723764,"heading":310.17,"onGround":false,"type":"A320","desc":"","military":false}},{"type":"Feature","geometry":{"type":"Point","coordinates":[14.057487,46.207006]},"properties":{"callsign":"ETD46X","hex":"89653e","origin":"","altitude":12070.08,"velocity":234.48357520000002,"heading":307.42,"onGround":false,"type":"B78X","desc":"","military":false}},{"type":"Feature","geometry":{"type":"Point","coordinates":[14.059849,50.198815]},"properties":{"callsign":"OKCSN","hex":"49d383","origin":"","altitude":609.6,"velocity":22.635536000000002,"heading":174,"onGround":false,"type":"C152","desc":"","military":false}},{"type":"Feature","geometry":{"type":"Point","coordinates":[14.10722,46.868607]},"properties":{"callsign":"RYR28MT","hex":"4cafc2","origin":"","altitude":11719.560000000001,"velocity":237.82746120000002,"heading":132.11,"onGround":false,"type":"B738","desc":"","military":false}},{"type":"Feature","geometry":{"type":"Point","coordinates":[14.11951,51.112381]},"properties":{"callsign":"RYR58ZM","hex":"4caa5a","origin":"","altitude":9723.12,"velocity":238.18757200000002,"heading":159.26,"onGround":false,"type":"B738","desc":"","military":false}},{"type":"Feature","geometry":{"type":"Point","coordinates":[14.149453,46.352417]},"properties":{"callsign":"DLH2KW","hex":"300780","origin":"","altitude":10507.980000000001,"velocity":202.3822696,"heading":335.52,"onGround":false,"type":"E195","desc":"","military":false}},{"type":"Feature","geometry":{"type":"Point","coordinates":[14.182546,46.79361]},"properties":{"callsign":"DLH2FL","hex":"3c6498","origin":"","altitude":9677.4,"velocity":212.77403840000002,"heading":322.47,"onGround":false,"type":"A321","desc":"","military":false}},{"type":"Feature","geometry":{"type":"Point","coordinates":[14.209579,47.576935]},"properties":{"callsign":"WZZ43ZN","hex":"471d63","origin":"","altitude":10797.54,"velocity":204.9030452,"heading":291.35,"onGround":false,"type":"A21N","desc":"","military":false}},{"type":"Feature","geometry":{"type":"Point","coordinates":[14.210956,47.008031]},"properties":{"callsign":"TOM33V","hex":"400ff4","origin":"","altitude":12618.720000000001,"velocity":218.5872556,"heading":326.91,"onGround":false,"type":"B738","desc":"","military":false}},{"type":"Feature","geometry":{"type":"Point","coordinates":[14.236712,45.077042]},"properties":{"callsign":"AFR217","hex":"3949ee","origin":"","altitude":12077.7,"velocity":233.7119092,"heading":282.2,"onGround":false,"type":"B772","desc":"","military":false}},{"type":"Feature","geometry":{"type":"Point","coordinates":[14.255911,50.099926]},"properties":{"callsign":"TWR","hex":"49f085","origin":"","altitude":0,"velocity":0,"heading":0,"onGround":true,"type":"TWR","desc":"","military":false}},{"type":"Feature","geometry":{"type":"Point","coordinates":[14.258547,50.113379]},"properties":{"callsign":"TXLU00","hex":"49f0de","origin":"","altitude":0,"velocity":0,"heading":0,"onGround":true,"type":"TWR","desc":"","military":false}},{"type":"Feature","geometry":{"type":"Point","coordinates":[14.260774,50.104465]},"properties":{"callsign":"PTACNIK2","hex":"49f00e","origin":"","altitude":0,"velocity":24.43609,"heading":126.56,"onGround":true,"type":"GND","desc":"","military":false}},{"type":"Feature","geometry":{"type":"Point","coordinates":[14.264615,50.105407]},"properties":{"callsign":"TXLU02","hex":"49f0df","origin":"","altitude":0,"velocity":0,"heading":0,"onGround":true,"type":"TWR","desc":"","military":false}},{"type":"Feature","geometry":{"type":"Point","coordinates":[14.265821,50.107118]},"properties":{"callsign":"TXLU03","hex":"49f0e2","origin":"","altitude":0,"velocity":0,"heading":0,"onGround":true,"type":"TWR","desc":"","military":false}},{"type":"Feature","geometry":{"type":"Point","coordinates":[14.266527,50.106071]},"properties":{"callsign":"MEDIK 1","hex":"49f0c2","origin":"","altitude":0,"velocity":2.4693312,"heading":165.94,"onGround":true,"type":"Unknown","desc":"","military":false}},{"type":"Feature","geometry":{"type":"Point","coordinates":[14.26699,50.103254]},"properties":{"callsign":"TVS2208","hex":"49d034","origin":"","altitude":0,"velocity":0,"heading":306.56,"onGround":true,"type":"B738","desc":"","military":false}},{"type":"Feature","geometry":{"type":"Point","coordinates":[14.268791,50.115753]},"properties":{"callsign":"TXLU01","hex":"49f0e0","origin":"","altitude":0,"velocity":0,"heading":0,"onGround":true,"type":"TWR","desc":"","military":false}},{"type":"Feature","geometry":{"type":"Point","coordinates":[14.270405,50.086705]},"properties":{"callsign":"TXLU04","hex":"49f0e1","origin":"","altitude":0,"velocity":0,"heading":0,"onGround":true,"type":"TWR","desc":"","military":false}},{"type":"Feature","geometry":{"type":"Point","coordinates":[14.271901,50.108128]},"properties":{"callsign":"2237FFFF","hex":"49f088","origin":"","altitude":0,"velocity":1.028888,"heading":338,"onGround":true,"type":"TWR","desc":"","military":false}},{"type":"Feature","geometry":{"type":"Point","coordinates":[14.274247,50.105791]},"properties":{"callsign":"POZAR 5","hex":"49f0c1","origin":"","altitude":0,"velocity":0,"heading":0,"onGround":true,"type":"Unknown","desc":"","military":false}},{"type":"Feature","geometry":{"type":"Point","coordinates":[14.275416,50.105593]},"properties":{"callsign":"POZAR 4","hex":"49f015","origin":"","altitude":0,"velocity":0.3086664,"heading":0,"onGround":true,"type":"GND","desc":"","military":false}},{"type":"Feature","geometry":{"type":"Point","coordinates":[14.275564,50.105244]},"properties":{"callsign":"POZARN15","hex":"49f15d","origin":"","altitude":0,"velocity":0,"heading":0,"onGround":true,"type":"Unknown","desc":"","military":false}},{"type":"Feature","geometry":{"type":"Point","coordinates":[14.27695,48.630888]},"properties":{"callsign":"CPA275","hex":"789244","origin":"","altitude":12595.86,"velocity":223.6288068,"heading":291.31,"onGround":false,"type":"A359","desc":"","military":false}},{"type":"Feature","geometry":{"type":"Point","coordinates":[14.380584,50.060368]},"properties":{"callsign":"DLH5LX","hex":"3c6659","origin":"","altitude":10980.42,"velocity":198.5239396,"heading":265.99,"onGround":false,"type":"A321","desc":"","military":false}},{"type":"Feature","geometry":{"type":"Point","coordinates":[14.3978,48.933524]},"properties":{"callsign":"AUA38","hex":"440184","origin":"","altitude":9174.48,"velocity":263.2924392,"heading":120.27,"onGround":false,"type":"B789","desc":"","military":false}},{"type":"Feature","geometry":{"type":"Point","coordinates":[14.409581,48.565343]},"properties":{"callsign":"SIA306","hex":"76cdb1","origin":"","altitude":12009.12,"velocity":217.5583676,"heading":290.92,"onGround":false,"type":"A359","desc":"","military":false}},{"type":"Feature","geometry":{"type":"Point","coordinates":[14.499134,50.594513]},"properties":{"callsign":"SAS7945","hex":"4caddb","origin":"","altitude":11986.26,"velocity":231.65413320000002,"heading":159.59,"onGround":false,"type":"A20N","desc":"","military":false}},{"type":"Feature","geometry":{"type":"Point","coordinates":[14.532671,50.670227]},"properties":{"callsign":"NSZ3752","hex":"4aca96","origin":"","altitude":11582.400000000001,"velocity":245.132566,"heading":158.06,"onGround":false,"type":"B38M","desc":"","military":false}},{"type":"Feature","geometry":{"type":"Point","coordinates":[14.544937,45.583858]},"properties":{"callsign":"QTR119","hex":"06a122","origin":"","altitude":12070.08,"velocity":230.5223564,"heading":292.16,"onGround":false,"type":"A35K","desc":"","military":false}},{"type":"Feature","geometry":{"type":"Point","coordinates":[14.561815,47.41513]},"properties":{"callsign":"DLH1JT","hex":"3c65d8","origin":"","altitude":12039.6,"velocity":208.65848640000002,"heading":308.59,"onGround":false,"type":"A20N","desc":"","military":false}},{"type":"Feature","geometry":{"type":"Point","coordinates":[14.580158,49.776443]},"properties":{"callsign":"DLH1557","hex":"3c658d","origin":"","altitude":11902.44,"velocity":202.63949159999999,"heading":286.82,"onGround":false,"type":"A319","desc":"","military":false}},{"type":"Feature","geometry":{"type":"Point","coordinates":[14.581243,49.506866]},"properties":{"callsign":"RYR55GG","hex":"4ca73b","origin":"","altitude":11612.880000000001,"velocity":261.4918852,"heading":102.61,"onGround":false,"type":"B738","desc":"","military":false}},{"type":"Feature","geometry":{"type":"Point","coordinates":[14.584202,49.93058]},"properties":{"callsign":"ENT1JY","hex":"48e899","origin":"","altitude":11308.08,"velocity":217.35259,"heading":189.26,"onGround":false,"type":"B738","desc":"","military":false}},{"type":"Feature","geometry":{"type":"Point","coordinates":[14.630562,47.416397]},"properties":{"callsign":"AFR1239","hex":"39e699","origin":"","altitude":10012.68,"velocity":187.4633936,"heading":248.93,"onGround":false,"type":"BCS3","desc":"","military":false}},{"type":"Feature","geometry":{"type":"Point","coordinates":[14.655212,46.313006]},"properties":{"callsign":"EWG6T","hex":"4d24e7","origin":"","altitude":11140.44,"velocity":235.1523524,"heading":132.87,"onGround":false,"type":"A320","desc":"","military":false}},{"type":"Feature","geometry":{"type":"Point","coordinates":[14.714676,48.10556]},"properties":{"callsign":"DLH3FL","hex":"3c65c1","origin":"","altitude":11361.42,"velocity":201.3533816,"heading":290.33,"onGround":false,"type":"A20N","desc":"","military":false}},{"type":"Feature","geometry":{"type":"Point","coordinates":[14.73864,47.641068]},"properties":{"callsign":"WZZ194","hex":"4d241c","origin":"","altitude":10797.54,"velocity":203.15393559999998,"heading":244.34,"onGround":false,"type":"A21N","desc":"","military":false}},{"type":"Feature","geometry":{"type":"Point","coordinates":[14.749949,46.835083]},"properties":{"callsign":"WZZ66","hex":"471eff","origin":"","altitude":11719.560000000001,"velocity":220.33636520000002,"heading":200.93,"onGround":false,"type":"A321","desc":"","military":false}},{"type":"Feature","geometry":{"type":"Point","coordinates":[14.792126,50.713074]},"properties":{"callsign":"RYR5979","hex":"48c1a5","origin":"","altitude":10492.74,"velocity":229.69924600000002,"heading":345.34,"onGround":false,"type":"B738","desc":"","military":false}},{"type":"Feature","geometry":{"type":"Point","coordinates":[14.814583,47.036591]},"properties":{"callsign":"DLH585","hex":"3c64b0","origin":"","altitude":10820.4,"velocity":214.265926,"heading":315.1,"onGround":false,"type":"A21N","desc":"","military":false}},{"type":"Feature","geometry":{"type":"Point","coordinates":[14.844924,47.974176]},"properties":{"callsign":"AMQ1124","hex":"452186","origin":"","altitude":11071.86,"velocity":200.2730492,"heading":227.71,"onGround":false,"type":"A320","desc":"","military":false}},{"type":"Feature","geometry":{"type":"Point","coordinates":[14.88499,49.945291]},"properties":{"callsign":"SXS8SR","hex":"4bcdb3","origin":"","altitude":3276.6000000000004,"velocity":151.9667576,"heading":325.34,"onGround":false,"type":"B38M","desc":"","military":false}},{"type":"Feature","geometry":{"type":"Point","coordinates":[14.916275,48.017944]},"properties":{"callsign":"DLH1686","hex":"3c6648","origin":"","altitude":10104.12,"velocity":241.8401244,"heading":93.9,"onGround":false,"type":"A321","desc":"","military":false}},{"type":"Feature","geometry":{"type":"Point","coordinates":[14.942917,47.350891]},"properties":{"callsign":"TFL8VL","hex":"44b438","origin":"","altitude":12329.16,"velocity":250.7400056,"heading":145.36,"onGround":false,"type":"B38M","desc":"","military":false}},{"type":"Feature","geometry":{"type":"Point","coordinates":[14.966661,46.04805]},"properties":{"callsign":"TUI68K","hex":"3c7427","origin":"","altitude":12359.640000000001,"velocity":243.0233456,"heading":135.34,"onGround":false,"type":"Unknown","desc":"","military":false}},{"type":"Feature","geometry":{"type":"Point","coordinates":[14.993169,48.5728]},"properties":{"callsign":"RYR72AV","hex":"48c225","origin":"","altitude":11361.42,"velocity":204.9030452,"heading":226.93,"onGround":false,"type":"B738","desc":"","military":false}},{"type":"Feature","geometry":{"type":"Point","coordinates":[14.995967,50.236428]},"properties":{"callsign":"DLH3AC","hex":"3c6585","origin":"","altitude":10668,"velocity":196.260386,"heading":237.85,"onGround":false,"type":"A319","desc":"","military":false}},{"type":"Feature","geometry":{"type":"Point","coordinates":[15.052255,48.75769]},"properties":{"callsign":"C2","hex":"440c13","origin":"","altitude":762,"velocity":53.9137312,"heading":277.13,"onGround":false,"type":"EC35","desc":"","military":false}},{"type":"Feature","geometry":{"type":"Point","coordinates":[15.072487,46.844679]},"properties":{"callsign":"MBU6146","hex":"511195","origin":"","altitude":11109.960000000001,"velocity":241.94301320000002,"heading":135.6,"onGround":false,"type":"A20N","desc":"","military":false}},{"type":"Feature","geometry":{"type":"Point","coordinates":[15.073997,47.510513]},"properties":{"callsign":"DLH2559","hex":"3c64a1","origin":"","altitude":10233.66,"velocity":208.9671528,"heading":292.59,"onGround":false,"type":"A21N","desc":"","military":false}},{"type":"Feature","geometry":{"type":"Point","coordinates":[15.075439,47.121277]},"properties":{"callsign":"SWR49L","hex":"4b1619","origin":"","altitude":10187.94,"velocity":206.292044,"heading":282.82,"onGround":false,"type":"A320","desc":"","military":false}},{"type":"Feature","geometry":{"type":"Point","coordinates":[15.185852,49.494278]},"properties":{"callsign":"KLM836","hex":"484560","origin":"","altitude":11338.560000000001,"velocity":218.5358112,"heading":299.16,"onGround":false,"type":"B77W","desc":"","military":false}},{"type":"Feature","geometry":{"type":"Point","coordinates":[15.259024,48.830246]},"properties":{"callsign":"ETD4AJ","hex":"8964f9","origin":"","altitude":11971.02,"velocity":221.468142,"heading":305.83,"onGround":false,"type":"B789","desc":"","military":false}},{"type":"Feature","geometry":{"type":"Point","coordinates":[15.275391,46.990219]},"properties":{"callsign":"WMT9UT","hex":"4d20fb","origin":"","altitude":11422.380000000001,"velocity":202.8967136,"heading":284.99,"onGround":false,"type":"A21N","desc":"","military":false}},{"type":"Feature","geometry":{"type":"Point","coordinates":[15.392143,49.492803]},"properties":{"callsign":"RCH348","hex":"ae07d5","origin":"","altitude":11338.560000000001,"velocity":193.1222776,"heading":290.75,"onGround":false,"type":"C17","desc":"","military":false}},{"type":"Feature","geometry":{"type":"Point","coordinates":[15.50528,47.393097]},"properties":{"callsign":"DLH1LX","hex":"3c64aa","origin":"","altitude":10782.300000000001,"velocity":201.97071440000002,"heading":292.78,"onGround":false,"type":"A21N","desc":"","military":false}},{"type":"Feature","geometry":{"type":"Point","coordinates":[15.558375,49.332151]},"properties":{"callsign":"ETD9RT","hex":"89656d","origin":"","altitude":8001,"velocity":205.7776,"heading":319.46,"onGround":false,"type":"B78X","desc":"","military":false}},{"type":"Feature","geometry":{"type":"Point","coordinates":[15.572903,48.538948]},"properties":{"callsign":"SRN9034","hex":"48a5e4","origin":"","altitude":6682.740000000001,"velocity":120.122674,"heading":154.09,"onGround":false,"type":"SF34","desc":"","military":false}},{"type":"Feature","geometry":{"type":"Point","coordinates":[15.593582,47.238647]},"properties":{"callsign":"AUA551Y","hex":"44008f","origin":"","altitude":9342.12,"velocity":230.470912,"heading":208.68,"onGround":false,"type":"A20N","desc":"","military":false}},{"type":"Feature","geometry":{"type":"Point","coordinates":[15.612053,47.195755]},"properties":{"callsign":"TVP7532","hex":"49d420","origin":"","altitude":11711.94,"velocity":216.7352572,"heading":206.81,"onGround":false,"type":"B38M","desc":"","military":false}},{"type":"Feature","geometry":{"type":"Point","coordinates":[15.740169,47.008869]},"properties":{"callsign":"WZZ3LA","hex":"471d66","origin":"","altitude":11452.86,"velocity":213.751482,"heading":319.29,"onGround":false,"type":"A21N","desc":"","military":false}},{"type":"Feature","geometry":{"type":"Point","coordinates":[15.777705,48.745193]},"properties":{"callsign":"MBU6238","hex":"51116f","origin":"","altitude":11049,"velocity":236.8500176,"heading":162.04,"onGround":false,"type":"A20N","desc":"","military":false}},{"type":"Feature","geometry":{"type":"Point","coordinates":[15.796171,49.485809]},"properties":{"callsign":"WZZ629","hex":"4d246f","origin":"","altitude":11971.02,"velocity":213.0827048,"heading":334.55,"onGround":false,"type":"A320","desc":"","military":false}},{"type":"Feature","geometry":{"type":"Point","coordinates":[15.806686,47.767786]},"properties":{"callsign":"FFMSNE","hex":"447ac7","origin":"","altitude":2072.6400000000003,"velocity":1.028888,"heading":131,"onGround":false,"type":"TWR","desc":"","military":false}},{"type":"Feature","geometry":{"type":"Point","coordinates":[15.909189,48.848694]},"properties":{"callsign":"WZZ8PV","hex":"4d2434","origin":"","altitude":10744.2,"velocity":206.7035992,"heading":231.16,"onGround":false,"type":"A21N","desc":"","military":false}},{"type":"Feature","geometry":{"type":"Point","coordinates":[15.949613,48.019332]},"properties":{"callsign":"WZZ4848","hex":"471fad","origin":"","altitude":10454.640000000001,"velocity":203.71982400000002,"heading":264.2,"onGround":false,"type":"A21N","desc":"","military":false}},{"type":"Feature","geometry":{"type":"Point","coordinates":[16.045605,48.396265]},"properties":{"callsign":"WMT133","hex":"4d2430","origin":"","altitude":11391.900000000001,"velocity":203.8741572,"heading":307.82,"onGround":false,"type":"A20N","desc":"","military":false}},{"type":"Feature","geometry":{"type":"Point","coordinates":[16.077118,47.879288]},"properties":{"callsign":"AUA101","hex":"440826","origin":"","altitude":5753.1,"velocity":169.4064092,"heading":260.74,"onGround":false,"type":"E195","desc":"","military":false}},{"type":"Feature","geometry":{"type":"Point","coordinates":[16.130113,48.1271]},"properties":{"callsign":"WZZ422","hex":"4d245c","origin":"","altitude":11993.880000000001,"velocity":203.20538,"heading":332.07,"onGround":false,"type":"A320","desc":"","military":false}},{"type":"Feature","geometry":{"type":"Point","coordinates":[31.921746,54.708252]},"properties":{"callsign":"BRU975","hex":"5100fb","origin":"","altitude":6736.08,"velocity":27.831420400000003,"heading":117.51,"onGround":false,"type":"E195","desc":"","military":false}},{"type":"Feature","geometry":{"type":"Point","coordinates":[37.391882,55.970593]},"properties":{"callsign":"AFL1152","hex":"152022","origin":"","altitude":320.04,"velocity":77.7324884,"heading":255.04,"onGround":false,"type":"A320","desc":"","military":false}},{"type":"Feature","geometry":{"type":"Point","coordinates":[37.394465,55.97477]},"properties":{"callsign":"AFL1052","hex":"151da7","origin":"","altitude":0,"velocity":0.8231104,"heading":151.88,"onGround":true,"type":"B738","desc":"","military":false}},{"type":"Feature","geometry":{"type":"Point","coordinates":[37.413447,55.971676]},"properties":{"callsign":"AFL1891","hex":"151fff","origin":"","altitude":0,"velocity":4.0126632,"heading":255.94,"onGround":true,"type":"A321","desc":"","military":false}},{"type":"Feature","geometry":{"type":"Point","coordinates":[37.415142,55.97881]},"properties":{"callsign":"AFL1678","hex":"152010","origin":"","altitude":0,"velocity":2.4693312,"heading":165.94,"onGround":true,"type":"A320","desc":"","military":false}},{"type":"Feature","geometry":{"type":"Point","coordinates":[37.416021,55.980366]},"properties":{"callsign":"RA-73170","hex":"151dd2","origin":"","altitude":0,"velocity":0.4629996,"heading":75.94,"onGround":true,"type":"A320","desc":"","military":false}},{"type":"Feature","geometry":{"type":"Point","coordinates":[37.440162,55.977763]},"properties":{"callsign":"AFL2120","hex":"151d9b","origin":"","altitude":0,"velocity":0,"heading":253.12,"onGround":true,"type":"B738","desc":"","military":false}},{"type":"Feature","geometry":{"type":"Point","coordinates":[39.063396,58.163498]},"properties":{"callsign":"UTA352","hex":"151d58","origin":"","altitude":10355.58,"velocity":184.99406240000002,"heading":243.22,"onGround":false,"type":"B735","desc":"","military":false}},{"type":"Feature","geometry":{"type":"Point","coordinates":[39.700761,55.608765]},"properties":{"callsign":"AFL2172","hex":"15201f","origin":"","altitude":5151.12,"velocity":27.9857536,"heading":287.1,"onGround":false,"type":"A320","desc":"","military":false}},{"type":"Feature","geometry":{"type":"Point","coordinates":[50.780363,26.186142]},"properties":{"callsign":"GFA102","hex":"8940cb","origin":"","altitude":670.5600000000001,"velocity":91.2109212,"heading":301.63,"onGround":false,"type":"A21N","desc":"","military":false}},{"type":"Feature","geometry":{"type":"Point","coordinates":[50.795394,26.300245]},"properties":{"callsign":"GFA162","hex":"8940d3","origin":"","altitude":1501.14,"velocity":123.7752264,"heading":116.14,"onGround":false,"type":"A21N","desc":"","military":false}},{"type":"Feature","geometry":{"type":"Point","coordinates":[50.934255,26.566245]},"properties":{"callsign":"FDB59G","hex":"896517","origin":"","altitude":10462.26,"velocity":250.7400056,"heading":289.29,"onGround":false,"type":"B38M","desc":"","military":false}},{"type":"Feature","geometry":{"type":"Point","coordinates":[50.952759,25.107605]},"properties":{"callsign":"NBS22","hex":"06a276","origin":"","altitude":3268.98,"velocity":150.4234256,"heading":185.69,"onGround":false,"type":"PC21","desc":"","military":false}},{"type":"Feature","geometry":{"type":"Point","coordinates":[50.957492,25.104132]},"properties":{"callsign":"NBS21","hex":"06a264","origin":"","altitude":3215.6400000000003,"velocity":143.1697652,"heading":101.19,"onGround":false,"type":"PC21","desc":"","military":false}},{"type":"Feature","geometry":{"type":"Point","coordinates":[50.983351,26.550568]},"properties":{"callsign":"UAE17K","hex":"896317","origin":"","altitude":11125.2,"velocity":258.8682208,"heading":289.26,"onGround":false,"type":"B77W","desc":"","military":false}},{"type":"Feature","geometry":{"type":"Point","coordinates":[51.036106,26.101547]},"properties":{"callsign":"QTR35E","hex":"06a098","origin":"","altitude":5996.9400000000005,"velocity":207.320932,"heading":297.33,"onGround":false,"type":"A320","desc":"","military":false}},{"type":"Feature","geometry":{"type":"Point","coordinates":[51.417208,26.800003]},"properties":{"callsign":"JZR121","hex":"706134","origin":"","altitude":10812.78,"velocity":232.16857720000002,"heading":108.48,"onGround":false,"type":"A320","desc":"","military":false}},{"type":"Feature","geometry":{"type":"Point","coordinates":[51.453145,25.400391]},"properties":{"callsign":"THB15","hex":"06a401","origin":"","altitude":487.68,"velocity":64.4598332,"heading":28.61,"onGround":false,"type":"Unknown","desc":"","military":false}},{"type":"Feature","geometry":{"type":"Point","coordinates":[51.533062,26.634165]},"properties":{"callsign":"ABY259","hex":"896587","origin":"","altitude":10805.16,"velocity":228.92758,"heading":109.7,"onGround":false,"type":"A21N","desc":"","military":false}},{"type":"Feature","geometry":{"type":"Point","coordinates":[51.541063,25.719786]},"properties":{"callsign":"QTR6B","hex":"06a38c","origin":"","altitude":3246.1200000000003,"velocity":178.25484600000001,"heading":320.15,"onGround":false,"type":"B77W","desc":"","military":false}},{"type":"Feature","geometry":{"type":"Point","coordinates":[51.556956,25.555023]},"properties":{"callsign":"QTR727","hex":"06a0e5","origin":"","altitude":1889.76,"velocity":137.4594368,"heading":1.93,"onGround":false,"type":"A359","desc":"","military":false}},{"type":"Feature","geometry":{"type":"Point","coordinates":[51.666588,26.313746]},"properties":{"callsign":"UAE827","hex":"8966f9","origin":"","altitude":5897.88,"velocity":208.29837559999999,"heading":303.93,"onGround":false,"type":"A359","desc":"","military":false}},{"type":"Feature","geometry":{"type":"Point","coordinates":[51.685286,26.585192]},"properties":{"callsign":"MSC501","hex":"010249","origin":"","altitude":11475.720000000001,"velocity":232.3743548,"heading":109.8,"onGround":false,"type":"A320","desc":"","military":false}},{"type":"Feature","geometry":{"type":"Point","coordinates":[51.721301,26.291199]},"properties":{"callsign":"ABY351","hex":"896371","origin":"","altitude":11803.380000000001,"velocity":249.6082288,"heading":296.3,"onGround":false,"type":"A320","desc":"","military":false}},{"type":"Feature","geometry":{"type":"Point","coordinates":[51.826034,26.197815]},"properties":{"callsign":"GFA069","hex":"8940dc","origin":"","altitude":6263.64,"velocity":185.76572840000003,"heading":309.16,"onGround":false,"type":"A21N","desc":"","military":false}},{"type":"Feature","geometry":{"type":"Point","coordinates":[51.830853,25.598005]},"properties":{"callsign":"A7GQG","hex":"06a3c1","origin":"","altitude":175.26000000000002,"velocity":70.6846056,"heading":175.41,"onGround":false,"type":"Unknown","desc":"","military":false}},{"type":"Feature","geometry":{"type":"Point","coordinates":[51.9563,26.70809]},"properties":{"callsign":"A7GQC","hex":"06a3b0","origin":"","altitude":106.68,"velocity":24.4875344,"heading":140.96,"onGround":false,"type":"A189","desc":"","military":false}},{"type":"Feature","geometry":{"type":"Point","coordinates":[51.993154,23.013145]},"properties":{"callsign":"HZ-NS95","hex":"711469","origin":"","altitude":11109.960000000001,"velocity":260.7716636,"heading":250.89,"onGround":false,"type":"A20N","desc":"","military":false}},{"type":"Feature","geometry":{"type":"Point","coordinates":[52.010651,26.346192]},"properties":{"callsign":"KAC384","hex":"706078","origin":"","altitude":10477.5,"velocity":255.21566840000003,"heading":295.43,"onGround":false,"type":"A21N","desc":"","military":false}},{"type":"Feature","geometry":{"type":"Point","coordinates":[52.058405,26.140915]},"properties":{"callsign":"FDB1635","hex":"8965c2","origin":"","altitude":11094.720000000001,"velocity":242.045902,"heading":296.24,"onGround":false,"type":"B38M","desc":"","military":false}},{"type":"Feature","geometry":{"type":"Point","coordinates":[52.156272,26.284837]},"properties":{"callsign":"BSC4002","hex":"601103","origin":"","altitude":11087.1,"velocity":268.0767684,"heading":295.58,"onGround":false,"type":"B742","desc":"","military":false}},{"type":"Feature","geometry":{"type":"Point","coordinates":[52.209567,26.413135]},"properties":{"callsign":"GFA502","hex":"89405b","origin":"","altitude":8145.780000000001,"velocity":211.950928,"heading":110.46,"onGround":false,"type":"A320","desc":"","military":false}},{"type":"Feature","geometry":{"type":"Point","coordinates":[52.388153,25.816132]},"properties":{"callsign":"A9C-AC","hex":"89405a","origin":"","altitude":8130.54,"velocity":223.4230292,"heading":296.98,"onGround":false,"type":"A320","desc":"","military":false}},{"type":"Feature","geometry":{"type":"Point","coordinates":[52.413275,23.147598]},"properties":{"callsign":"UAE26K","hex":"89617f","origin":"","altitude":11765.28,"velocity":269.41432280000004,"heading":250.94,"onGround":false,"type":"B77W","desc":"","military":false}},{"type":"Feature","geometry":{"type":"Point","coordinates":[52.720694,25.844238]},"properties":{"callsign":"ABY363","hex":"896690","origin":"","altitude":10104.12,"velocity":237.67312800000002,"heading":297.45,"onGround":false,"type":"A320","desc":"","military":false}},{"type":"Feature","geometry":{"type":"Point","coordinates":[53.054948,25.696603]},"properties":{"callsign":"IAW474","hex":"728683","origin":"","altitude":13060.68,"velocity":271.5235432,"heading":288.33,"onGround":false,"type":"B788","desc":"","military":false}},{"type":"Feature","geometry":{"type":"Point","coordinates":[53.154195,23.511627]},"properties":{"callsign":"UAE7AM","hex":"8960f1","origin":"","altitude":11430,"velocity":269.2085452,"heading":239.96,"onGround":false,"type":"A388","desc":"","military":false}},{"type":"Feature","geometry":{"type":"Point","coordinates":[53.182322,25.825928]},"properties":{"callsign":"KAC332","hex":"70606f","origin":"","altitude":11803.380000000001,"velocity":248.990896,"heading":307.11,"onGround":false,"type":"A20N","desc":"","military":false}},{"type":"Feature","geometry":{"type":"Point","coordinates":[53.329684,22.801392]},"properties":{"callsign":"UAE9749","hex":"8965b9","origin":"","altitude":13350.24,"velocity":218.2271448,"heading":91.89,"onGround":false,"type":"B77L","desc":"","military":false}},{"type":"Feature","geometry":{"type":"Point","coordinates":[53.439728,25.605267]},"properties":{"callsign":"ABY337","hex":"896668","origin":"","altitude":8732.52,"velocity":219.6161436,"heading":284.65,"onGround":false,"type":"A320","desc":"","military":false}},{"type":"Feature","geometry":{"type":"Point","coordinates":[53.469371,23.698115]},"properties":{"callsign":"UAE39","hex":"896482","origin":"","altitude":10698.480000000001,"velocity":254.64978,"heading":240.07,"onGround":false,"type":"A388","desc":"","military":false}},{"type":"Feature","geometry":{"type":"Point","coordinates":[53.495126,24.260606]},"properties":{"callsign":"A6-CTH","hex":"8964ee","origin":"","altitude":1463.04,"velocity":72.7423816,"heading":259.41,"onGround":false,"type":"SR22","desc":"","military":false}},{"type":"Feature","geometry":{"type":"Point","coordinates":[53.642445,22.681732]},"properties":{"callsign":"SIF703","hex":"7609f2","origin":"","altitude":10789.92,"velocity":222.1883636,"heading":97.72,"onGround":false,"type":"A320","desc":"","military":false}},{"type":"Feature","geometry":{"type":"Point","coordinates":[53.783061,25.523666]},"properties":{"callsign":"UAE1","hex":"896471","origin":"","altitude":6629.400000000001,"velocity":226.098138,"heading":284.76,"onGround":false,"type":"A388","desc":"","military":false}},{"type":"Feature","geometry":{"type":"Point","coordinates":[53.847984,25.156736]},"properties":{"callsign":"ETD2AP","hex":"8964fb","origin":"","altitude":7421.88,"velocity":220.85080920000001,"heading":311.41,"onGround":false,"type":"B789","desc":"","military":false}},{"type":"Feature","geometry":{"type":"Point","coordinates":[53.917135,24.929169]},"properties":{"callsign":"ADY404","hex":"896633","origin":"","altitude":7299.96,"velocity":219.153144,"heading":301.56,"onGround":false,"type":"A320","desc":"","military":false}},{"type":"Feature","geometry":{"type":"Point","coordinates":[53.985647,25.474777]},"properties":{"callsign":"ABY583","hex":"896366","origin":"","altitude":6614.160000000001,"velocity":217.50692320000002,"heading":284.66,"onGround":false,"type":"A320","desc":"","military":false}},{"type":"Feature","geometry":{"type":"Point","coordinates":[54.065794,23.995165]},"properties":{"callsign":"FDB3UM","hex":"8965b4","origin":"","altitude":8801.1,"velocity":229.9050236,"heading":240.51,"onGround":false,"type":"B38M","desc":"","military":false}},{"type":"Feature","geometry":{"type":"Point","coordinates":[54.076854,22.033264]},"properties":{"callsign":"IGO066","hex":"80187c","origin":"","altitude":12717.78,"velocity":211.7965948,"heading":102.48,"onGround":false,"type":"A20N","desc":"","military":false}},{"type":"Feature","geometry":{"type":"Point","coordinates":[54.308322,24.12053]},"properties":{"callsign":"UAE185","hex":"8960ef","origin":"","altitude":7787.64,"velocity":240.96556959999998,"heading":240.59,"onGround":false,"type":"A388","desc":"","military":false}},{"type":"Feature","geometry":{"type":"Point","coordinates":[54.458296,25.354769]},"properties":{"callsign":"UAE63Q","hex":"89661f","origin":"","altitude":5013.96,"velocity":194.5112764,"heading":286.76,"onGround":false,"type":"A359","desc":"","military":false}},{"type":"Feature","geometry":{"type":"Point","coordinates":[54.477997,24.387726]},"properties":{"callsign":"POLICE24","hex":"0a0003","origin":"","altitude":480.06,"velocity":53.7079536,"heading":309.95,"onGround":false,"type":"B763","desc":"","military":false}},{"type":"Feature","geometry":{"type":"Point","coordinates":[54.478149,24.401093]},"properties":{"callsign":"A6FHB","hex":"896422","origin":"","altitude":160.02,"velocity":38.068856000000004,"heading":311.48,"onGround":false,"type":"A189","desc":"","military":false}},{"type":"Feature","geometry":{"type":"Point","coordinates":[54.522918,25.740967]},"properties":{"callsign":"QTR1038","hex":"06a087","origin":"","altitude":4655.820000000001,"velocity":197.08349640000003,"heading":94.34,"onGround":false,"type":"A320","desc":"","military":false}},{"type":"Feature","geometry":{"type":"Point","coordinates":[54.634764,24.439995]},"properties":{"callsign":"GND","hex":"896e75","origin":"","altitude":0,"velocity":0,"heading":0,"onGround":true,"type":"GND","desc":"","military":false}},{"type":"Feature","geometry":{"type":"Point","coordinates":[54.635981,24.445104]},"properties":{"callsign":"ETD7LE","hex":"8964bc","origin":"","altitude":0,"velocity":3.7039968,"heading":218.72,"onGround":true,"type":"B789","desc":"","military":false}},{"type":"Feature","geometry":{"type":"Point","coordinates":[54.63829,24.447441]},"properties":{"callsign":"A6-AUM","hex":"89670b","origin":"","altitude":0,"velocity":1.1317768000000001,"heading":47.81,"onGround":true,"type":"A320","desc":"","military":false}},{"type":"Feature","geometry":{"type":"Point","coordinates":[54.641436,24.456625]},"properties":{"callsign":"TWR","hex":"896e6d","origin":"","altitude":0,"velocity":0,"heading":0,"onGround":true,"type":"TWR","desc":"","military":false}},{"type":"Feature","geometry":{"type":"Point","coordinates":[54.646187,24.45575]},"properties":{"callsign":"A6-AEI","hex":"89643f","origin":"","altitude":0,"velocity":6.5848832,"heading":253.12,"onGround":true,"type":"A321","desc":"","military":false}},{"type":"Feature","geometry":{"type":"Point","coordinates":[54.647564,24.461246]},"properties":{"callsign":"TWR","hex":"896e1f","origin":"","altitude":0,"velocity":0,"heading":0,"onGround":true,"type":"TWR","desc":"","military":false}},{"type":"Feature","geometry":{"type":"Point","coordinates":[54.649753,24.44408]},"properties":{"callsign":"TWR","hex":"896e5d","origin":"","altitude":0,"velocity":0,"heading":0,"onGround":true,"type":"TWR","desc":"","military":false}},{"type":"Feature","geometry":{"type":"Point","coordinates":[54.685796,24.458592]},"properties":{"callsign":"UAE72V","hex":"896184","origin":"","altitude":6370.320000000001,"velocity":221.1080312,"heading":210.32,"onGround":false,"type":"A388","desc":"","military":false}},{"type":"Feature","geometry":{"type":"Point","coordinates":[54.691111,24.405396]},"properties":{"callsign":"YASAT10","hex":"89602b","origin":"","altitude":701.0400000000001,"velocity":83.9572608,"heading":130.03,"onGround":false,"type":"C130","desc":"","military":false}},{"type":"Feature","geometry":{"type":"Point","coordinates":[54.708287,24.303434]},"properties":{"callsign":"ETD541","hex":"896388","origin":"","altitude":2209.8,"velocity":135.4531052,"heading":308.52,"onGround":false,"type":"A320","desc":"","military":false}},{"type":"Feature","geometry":{"type":"Point","coordinates":[54.720052,25.324585]},"properties":{"callsign":"UAE69R","hex":"89639e","origin":"","altitude":2583.1800000000003,"velocity":194.20261,"heading":273.04,"onGround":false,"type":"A388","desc":"","military":false}},{"type":"Feature","geometry":{"type":"Point","coordinates":[54.726054,24.506699]},"properties":{"callsign":"ETD7YQ","hex":"8966bc","origin":"","altitude":1584.96,"velocity":128.611,"heading":333.64,"onGround":false,"type":"A21N","desc":"","military":false}},{"type":"Feature","geometry":{"type":"Point","coordinates":[54.871012,25.284164]},"properties":{"callsign":"UAE65U","hex":"8963e0","origin":"","altitude":3063.2400000000002,"velocity":153.9730892,"heading":267.51,"onGround":false,"type":"B77W","desc":"","military":false}},{"type":"Feature","geometry":{"type":"Point","coordinates":[54.961104,22.508469]},"properties":{"callsign":"IGO74F","hex":"47b0e7","origin":"","altitude":12077.7,"velocity":236.5413512,"heading":98.25,"onGround":false,"type":"B789","desc":"","military":false}},{"type":"Feature","geometry":{"type":"Point","coordinates":[55.088549,25.07954]},"properties":{"callsign":"LIWA22","hex":"896c68","origin":"","altitude":579.12,"velocity":80.253264,"heading":229.57,"onGround":false,"type":"A139","desc":"","military":false}},{"type":"Feature","geometry":{"type":"Point","coordinates":[55.125682,24.916306]},"properties":{"callsign":"T7ELL","hex":"50018a","origin":"","altitude":114.30000000000001,"velocity":59.9841704,"heading":120.96,"onGround":false,"type":"GLEX","desc":"","military":false}},{"type":"Feature","geometry":{"type":"Point","coordinates":[55.168572,24.794094]},"properties":{"callsign":"UAE9863","hex":"896615","origin":"","altitude":1356.3600000000001,"velocity":130.2057764,"heading":301.43,"onGround":false,"type":"B77L","desc":"","military":false}},{"type":"Feature","geometry":{"type":"Point","coordinates":[55.178885,25.436143]},"properties":{"callsign":"ABY101","hex":"8964da","origin":"","altitude":2141.2200000000003,"velocity":144.9703192,"heading":250.73,"onGround":false,"type":"A320","desc":"","military":false}},{"type":"Feature","geometry":{"type":"Point","coordinates":[55.217959,24.217452]},"properties":{"callsign":"ETD202","hex":"8966a7","origin":"","altitude":5067.3,"velocity":191.32172359999998,"heading":108.82,"onGround":false,"type":"A21N","desc":"","military":false}},{"type":"Feature","geometry":{"type":"Point","coordinates":[55.277608,24.795685]},"properties":{"callsign":"EFC65K","hex":"8964e0","origin":"","altitude":464.82000000000005,"velocity":64.6656108,"heading":124.95,"onGround":false,"type":"SR22","desc":"","military":false}},{"type":"Feature","geometry":{"type":"Point","coordinates":[55.301361,23.233058]},"properties":{"callsign":"SVA562","hex":"7100ad","origin":"","altitude":8206.74,"velocity":206.4463772,"heading":15.32,"onGround":false,"type":"A320","desc":"","military":false}},{"type":"Feature","geometry":{"type":"Point","coordinates":[55.300598,25.29245]},"properties":{"callsign":"UAE83M","hex":"89647f","origin":"","altitude":365.76,"velocity":107.004352,"heading":300.63,"onGround":false,"type":"A388","desc":"","military":false}},{"type":"Feature","geometry":{"type":"Point","coordinates":[55.326589,25.35022]},"properties":{"callsign":"SEJ5156","hex":"70e084","origin":"","altitude":1127.76,"velocity":111.634348,"heading":89.74,"onGround":false,"type":"A320","desc":"","military":false}},{"type":"Feature","geometry":{"type":"Point","coordinates":[55.33394,23.345215]},"properties":{"callsign":"UAE6","hex":"89645b","origin":"","altitude":10248.9,"velocity":251.6660048,"heading":14.8,"onGround":false,"type":"A388","desc":"","military":false}},{"type":"Feature","geometry":{"type":"Point","coordinates":[55.377079,25.241694]},"properties":{"callsign":"UAE51N","hex":"896523","origin":"","altitude":0,"velocity":0,"heading":30.94,"onGround":true,"type":"A388","desc":"","military":false}},{"type":"Feature","geometry":{"type":"Point","coordinates":[55.378583,25.241936]},"properties":{"callsign":"UAE247","hex":"89611e","origin":"","altitude":0,"velocity":1.4404432,"heading":120.94,"onGround":true,"type":"B77W","desc":"","military":false}},{"type":"Feature","geometry":{"type":"Point","coordinates":[55.37913,25.240322]},"properties":{"callsign":"UAE21K","hex":"896112","origin":"","altitude":0,"velocity":0,"heading":210.94,"onGround":true,"type":"B77W","desc":"","military":false}},{"type":"Feature","geometry":{"type":"Point","coordinates":[55.381114,25.247601]},"properties":{"callsign":"FDB2HR","hex":"89660d","origin":"","altitude":0,"velocity":3.1895528,"heading":264.38,"onGround":true,"type":"B38M","desc":"","military":false}},{"type":"Feature","geometry":{"type":"Point","coordinates":[55.382365,25.244569]},"properties":{"callsign":"896eba","hex":"896eba","origin":"","altitude":0,"velocity":7.6137712,"heading":270,"onGround":true,"type":"Unknown","desc":"","military":false}},{"type":"Feature","geometry":{"type":"Point","coordinates":[55.386009,25.240196]},"properties":{"callsign":"GO1","hex":"896e89","origin":"","altitude":0,"velocity":7.0993272,"heading":210.94,"onGround":true,"type":"GND","desc":"","military":false}},{"type":"Feature","geometry":{"type":"Point","coordinates":[55.386467,25.240871]},"properties":{"callsign":"MAINT","hex":"8960ee","origin":"","altitude":0,"velocity":5.555995200000001,"heading":210.94,"onGround":true,"type":"A388","desc":"","military":false}},{"type":"Feature","geometry":{"type":"Point","coordinates":[55.391512,25.403556]},"properties":{"callsign":"ABY668","hex":"896741","origin":"","altitude":632.46,"velocity":142.4495436,"heading":302.31,"onGround":false,"type":"Unknown","desc":"","military":false}},{"type":"Feature","geometry":{"type":"Point","coordinates":[55.468648,25.376221]},"properties":{"callsign":"FDB1KF","hex":"8965cd","origin":"","altitude":2087.88,"velocity":165.70241240000001,"heading":94.81,"onGround":false,"type":"B38M","desc":"","military":false}},{"type":"Feature","geometry":{"type":"Point","coordinates":[55.470814,24.544897]},"properties":{"callsign":"ZABEEL04","hex":"896c3c","origin":"","altitude":7010.400000000001,"velocity":105.46102,"heading":113,"onGround":false,"type":"A332","desc":"","military":false}},{"type":"Feature","geometry":{"type":"Point","coordinates":[55.726501,22.399796]},"properties":{"callsign":"ABY390","hex":"896769","origin":"","altitude":12390.12,"velocity":228.413136,"heading":164.18,"onGround":false,"type":"Unknown","desc":"","military":false}},{"type":"Feature","geometry":{"type":"Point","coordinates":[55.938975,24.99733]},"properties":{"callsign":"UAE2637","hex":"8963f5","origin":"","altitude":2339.34,"velocity":143.5813204,"heading":290.77,"onGround":false,"type":"A388","desc":"","military":false}},{"type":"Feature","geometry":{"type":"Point","coordinates":[56.020531,25.33545]},"properties":{"callsign":"UAE510","hex":"896312","origin":"","altitude":6568.4400000000005,"velocity":213.28848240000002,"heading":93.04,"onGround":false,"type":"B77W","desc":"","military":false}},{"type":"Feature","geometry":{"type":"Point","coordinates":[56.05662,23.446966]},"properties":{"callsign":"ADY201","hex":"8965fa","origin":"","altitude":8892.54,"velocity":247.8076748,"heading":296.78,"onGround":false,"type":"A320","desc":"","military":false}},{"type":"Feature","geometry":{"type":"Point","coordinates":[56.133728,22.912825]},"properties":{"callsign":"OMA672","hex":"70c106","origin":"","altitude":12092.94,"velocity":222.239808,"heading":56.95,"onGround":false,"type":"B38M","desc":"","military":false}},{"type":"Feature","geometry":{"type":"Point","coordinates":[56.26236,25.318909]},"properties":{"callsign":"FDB23L","hex":"896334","origin":"","altitude":7101.84,"velocity":211.33359520000002,"heading":95.31,"onGround":false,"type":"B738","desc":"","military":false}},{"type":"Feature","geometry":{"type":"Point","coordinates":[56.375478,25.079773]},"properties":{"callsign":"QTR650","hex":"06a0c2","origin":"","altitude":12755.880000000001,"velocity":238.2904608,"heading":88.52,"onGround":false,"type":"B788","desc":"","military":false}},{"type":"Feature","geometry":{"type":"Point","coordinates":[56.420937,23.275726]},"properties":{"callsign":"ADY142","hex":"89668b","origin":"","altitude":10401.300000000001,"velocity":249.1966736,"heading":297.15,"onGround":false,"type":"A320","desc":"","military":false}},{"type":"Feature","geometry":{"type":"Point","coordinates":[56.448212,25.230835]},"properties":{"callsign":"ABY714","hex":"896743","origin":"","altitude":6355.08,"velocity":221.3652532,"heading":110.12,"onGround":false,"type":"A20N","desc":"","military":false}},{"type":"Feature","geometry":{"type":"Point","coordinates":[56.664584,23.159729]},"properties":{"callsign":"KMI262","hex":"882e61","origin":"","altitude":9761.220000000001,"velocity":252.1804488,"heading":297.45,"onGround":false,"type":"B763","desc":"","military":false}},{"type":"Feature","geometry":{"type":"Point","coordinates":[56.866862,24.055252]},"properties":{"callsign":"ABY112","hex":"89642d","origin":"","altitude":6812.280000000001,"velocity":201.45627040000002,"heading":125.96,"onGround":false,"type":"A320","desc":"","military":false}},{"type":"Feature","geometry":{"type":"Point","coordinates":[56.936024,25.110929]},"properties":{"callsign":"MJN238","hex":"70c08e","origin":"","altitude":5829.3,"velocity":148.88009359999998,"heading":333.08,"onGround":false,"type":"C30J","desc":"","military":false}},{"type":"Feature","geometry":{"type":"Point","coordinates":[57.213014,25.068659]},"properties":{"callsign":"UAE324","hex":"8964a2","origin":"","altitude":9646.92,"velocity":261.2346632,"heading":112.83,"onGround":false,"type":"B77W","desc":"","military":false}},{"type":"Feature","geometry":{"type":"Point","coordinates":[57.321421,23.422991]},"properties":{"callsign":"NCR8870","hex":"aacacb","origin":"","altitude":12733.02,"velocity":234.07202,"heading":78.59,"onGround":false,"type":"Unknown","desc":"","military":false}},{"type":"Feature","geometry":{"type":"Point","coordinates":[57.404836,24.066696]},"properties":{"callsign":"AXB841","hex":"8017a1","origin":"","altitude":12435.84,"velocity":252.2318932,"heading":307.88,"onGround":false,"type":"B38M","desc":"","military":false}},{"type":"Feature","geometry":{"type":"Point","coordinates":[57.535502,24.944412]},"properties":{"callsign":"UAE90K","hex":"896305","origin":"","altitude":10820.4,"velocity":250.9972276,"heading":113.04,"onGround":false,"type":"B77W","desc":"","military":false}},{"type":"Feature","geometry":{"type":"Point","coordinates":[57.644365,22.661179]},"properties":{"callsign":"FAD830","hex":"717c8b","origin":"","altitude":11117.58,"velocity":252.84922600000002,"heading":205.68,"onGround":false,"type":"A20N","desc":"","military":false}},{"type":"Feature","geometry":{"type":"Point","coordinates":[57.874978,22.729523]},"properties":{"callsign":"IGO1441","hex":"80142b","origin":"","altitude":10454.640000000001,"velocity":259.79422,"heading":297.48,"onGround":false,"type":"A21N","desc":"","military":false}},{"type":"Feature","geometry":{"type":"Point","coordinates":[57.915328,22.709518]},"properties":{"callsign":"ADY128","hex":"896585","origin":"","altitude":11102.34,"velocity":256.34744520000004,"heading":297.49,"onGround":false,"type":"A320","desc":"","military":false}},{"type":"Feature","geometry":{"type":"Point","coordinates":[57.923686,23.115327]},"properties":{"callsign":"OMS133","hex":"70c150","origin":"","altitude":6903.72,"velocity":216.42659079999999,"heading":213.46,"onGround":false,"type":"Unknown","desc":"","military":false}},{"type":"Feature","geometry":{"type":"Point","coordinates":[57.939148,24.30753]},"properties":{"callsign":"BOX633","hex":"3c4596","origin":"","altitude":9852.66,"velocity":255.2671128,"heading":288.69,"onGround":false,"type":"B77L","desc":"","military":false}},{"type":"Feature","geometry":{"type":"Point","coordinates":[57.999573,23.580384]},"properties":{"callsign":"AXB435","hex":"800b9d","origin":"","altitude":11757.66,"velocity":239.988126,"heading":328.32,"onGround":false,"type":"B738","desc":"","military":false}},{"type":"Feature","geometry":{"type":"Point","coordinates":[58.077443,23.371551]},"properties":{"callsign":"OMS101","hex":"70c10b","origin":"","altitude":4191,"velocity":197.08349640000003,"heading":211.12,"onGround":false,"type":"A20N","desc":"","military":false}},{"type":"Feature","geometry":{"type":"Point","coordinates":[58.176676,23.584442]},"properties":{"callsign":"FDB7HD","hex":"8963b4","origin":"","altitude":518.1600000000001,"velocity":84.5745936,"heading":85.82,"onGround":false,"type":"B738","desc":"","military":false}},{"type":"Feature","geometry":{"type":"Point","coordinates":[58.271116,23.592041]},"properties":{"callsign":"OMA603","hex":"70c0f8","origin":"","altitude":0,"velocity":0,"heading":84.38,"onGround":true,"type":"B38M","desc":"","military":false}},{"type":"Feature","geometry":{"type":"Point","coordinates":[58.281771,23.58973]},"properties":{"callsign":"....556","hex":"70c07e","origin":"","altitude":0,"velocity":0,"heading":39.38,"onGround":true,"type":"A320","desc":"","military":false}},{"type":"Feature","geometry":{"type":"Point","coordinates":[58.284403,23.593094]},"properties":{"callsign":"OMS283","hex":"70c148","origin":"","altitude":-7.62,"velocity":83.6485944,"heading":85.06,"onGround":true,"type":"A21N","desc":"","military":false}},{"type":"Feature","geometry":{"type":"Point","coordinates":[58.286845,23.599869]},"properties":{"callsign":"TWR","hex":"70c732","origin":"","altitude":0,"velocity":0,"heading":0,"onGround":true,"type":"TWR","desc":"","military":false}},{"type":"Feature","geometry":{"type":"Point","coordinates":[58.286966,23.612552]},"properties":{"callsign":"TWR","hex":"70c72f","origin":"","altitude":0,"velocity":0,"heading":0,"onGround":true,"type":"TWR","desc":"","military":false}},{"type":"Feature","geometry":{"type":"Point","coordinates":[58.292006,23.589311]},"properties":{"callsign":"TWR","hex":"70c730","origin":"","altitude":0,"velocity":0,"heading":0,"onGround":true,"type":"TWR","desc":"","military":false}},{"type":"Feature","geometry":{"type":"Point","coordinates":[58.437178,23.019379]},"properties":{"callsign":"SVA870","hex":"7100b4","origin":"","altitude":12085.32,"velocity":237.82746120000002,"heading":87.89,"onGround":false,"type":"B789","desc":"","military":false}},{"type":"Feature","geometry":{"type":"Point","coordinates":[58.478088,24.208557]},"properties":{"callsign":"IGO017","hex":"8018dd","origin":"","altitude":10454.640000000001,"velocity":252.0261156,"heading":294.73,"onGround":false,"type":"A21N","desc":"","military":false}},{"type":"Feature","geometry":{"type":"Point","coordinates":[58.497772,22.679505]},"properties":{"callsign":"ABY091","hex":"896748","origin":"","altitude":12100.560000000001,"velocity":228.0530252,"heading":140.49,"onGround":false,"type":"Unknown","desc":"","military":false}},{"type":"Feature","geometry":{"type":"Point","coordinates":[58.566996,23.455671]},"properties":{"callsign":"FAD655","hex":"7114e5","origin":"","altitude":10797.54,"velocity":222.0854748,"heading":68.25,"onGround":false,"type":"A20N","desc":"","military":false}},{"type":"Feature","geometry":{"type":"Point","coordinates":[58.590953,24.160675]},"properties":{"callsign":"JZR1540","hex":"706212","origin":"","altitude":11109.960000000001,"velocity":249.50534000000002,"heading":294.87,"onGround":false,"type":"A20N","desc":"","military":false}},{"type":"Feature","geometry":{"type":"Point","coordinates":[58.685354,24.070587]},"properties":{"callsign":"UAE9881","hex":"896614","origin":"","altitude":11772.900000000001,"velocity":267.3051024,"heading":289.1,"onGround":false,"type":"B77L","desc":"","military":false}},{"type":"Feature","geometry":{"type":"Point","coordinates":[58.766225,24.085968]},"properties":{"callsign":"DHX720","hex":"8940b5","origin":"","altitude":12405.36,"velocity":254.5468912,"heading":294.86,"onGround":false,"type":"B763","desc":"","military":false}},{"type":"Feature","geometry":{"type":"Point","coordinates":[58.921509,23.035723]},"properties":{"callsign":"SVA886","hex":"7105b2","origin":"","altitude":11445.24,"velocity":245.5441212,"heading":88.08,"onGround":false,"type":"B78X","desc":"","military":false}},{"type":"Feature","geometry":{"type":"Point","coordinates":[59.378967,24.700195]},"properties":{"callsign":"PIA284","hex":"7609ee","origin":"","altitude":10782.300000000001,"velocity":236.79857320000002,"heading":95.74,"onGround":false,"type":"A320","desc":"","military":false}},{"type":"Feature","geometry":{"type":"Point","coordinates":[59.438626,24.062666]},"properties":{"callsign":"ABQ271","hex":"7609af","origin":"","altitude":11437.62,"velocity":222.754252,"heading":64.86,"onGround":false,"type":"A321","desc":"","military":false}},{"type":"Feature","geometry":{"type":"Point","coordinates":[130.348355,33.735489]},"properties":{"callsign":"SFJ47","hex":"85134a","origin":"","altitude":944.88,"velocity":89.92481120000001,"heading":147.86,"onGround":false,"type":"A20N","desc":"","military":false}},{"type":"Feature","geometry":{"type":"Point","coordinates":[130.434952,33.609086]},"properties":{"callsign":"JJA1453","hex":"71c593","origin":"","altitude":144.78,"velocity":74.6458244,"heading":150.26,"onGround":false,"type":"B38M","desc":"","military":false}},{"type":"Feature","geometry":{"type":"Point","coordinates":[130.484276,33.847713]},"properties":{"callsign":"FDA504","hex":"842208","origin":"","altitude":2171.7000000000003,"velocity":106.2841304,"heading":233.46,"onGround":false,"type":"E75L","desc":"","military":false}},{"type":"Feature","geometry":{"type":"Point","coordinates":[130.493145,35.853287]},"properties":{"callsign":"KAL2102","hex":"71c735","origin":"","altitude":11734.800000000001,"velocity":238.444794,"heading":278.81,"onGround":false,"type":"Unknown","desc":"","military":false}},{"type":"Feature","geometry":{"type":"Point","coordinates":[130.522779,35.849134]},"properties":{"callsign":"KAL2186","hex":"71c315","origin":"","altitude":10431.78,"velocity":224.96636120000002,"heading":278.95,"onGround":false,"type":"BCS3","desc":"","military":false}},{"type":"Feature","geometry":{"type":"Point","coordinates":[130.534286,35.847931]},"properties":{"callsign":"KAL724","hex":"71c575","origin":"","altitude":11087.1,"velocity":251.048672,"heading":278.96,"onGround":false,"type":"B78X","desc":"","military":false}},{"type":"Feature","geometry":{"type":"Point","coordinates":[130.632526,36.738281]},"properties":{"callsign":"APZ101","hex":"71c388","origin":"","altitude":10736.58,"velocity":258.8682208,"heading":119.26,"onGround":false,"type":"B789","desc":"","military":false}},{"type":"Feature","geometry":{"type":"Point","coordinates":[130.684423,33.379598]},"properties":{"callsign":"JAL3601","hex":"84bbb8","origin":"","altitude":3268.98,"velocity":0,"heading":0,"onGround":false,"type":"E170","desc":"","military":false}},{"type":"Feature","geometry":{"type":"Point","coordinates":[130.770376,32.87682]},"properties":{"callsign":"JL3653","hex":"845bde","origin":"","altitude":5166.360000000001,"velocity":114.9267896,"heading":169.95,"onGround":false,"type":"AT46","desc":"","military":false}},{"type":"Feature","geometry":{"type":"Point","coordinates":[130.77273,32.804152]},"properties":{"callsign":"ESR967","hex":"71c546","origin":"","altitude":601.98,"velocity":81.6937072,"heading":65.05,"onGround":false,"type":"B738","desc":"","military":false}},{"type":"Feature","geometry":{"type":"Point","coordinates":[130.78894,32.887253]},"properties":{"callsign":"SNJ15","hex":"86d259","origin":"","altitude":2522.2200000000003,"velocity":140.2374344,"heading":251.83,"onGround":false,"type":"B738","desc":"","military":false}},{"type":"Feature","geometry":{"type":"Point","coordinates":[130.908451,34.135592]},"properties":{"callsign":"AIC173","hex":"800463","origin":"","altitude":10782.300000000001,"velocity":269.67154480000005,"heading":64.46,"onGround":false,"type":"B77W","desc":"","military":false}},{"type":"Feature","geometry":{"type":"Point","coordinates":[130.91516,33.016849]},"properties":{"callsign":"VJC934","hex":"888171","origin":"","altitude":11468.1,"velocity":244.5152332,"heading":80.68,"onGround":false,"type":"A321","desc":"","military":false}},{"type":"Feature","geometry":{"type":"Point","coordinates":[131.11393,36.553299]},"properties":{"callsign":"CDG8085","hex":"780ed3","origin":"","altitude":10728.960000000001,"velocity":234.38068640000003,"heading":125.26,"onGround":false,"type":"B738","desc":"","military":false}},{"type":"Feature","geometry":{"type":"Point","coordinates":[131.160103,36.487085]},"properties":{"callsign":"TZP46","hex":"86d646","origin":"","altitude":13281.66,"velocity":255.421446,"heading":117.6,"onGround":false,"type":"B788","desc":"","military":false}},{"type":"Feature","geometry":{"type":"Point","coordinates":[131.196156,33.979689]},"properties":{"callsign":"JAL609","hex":"862d72","origin":"","altitude":9601.2,"velocity":227.5385812,"heading":245.98,"onGround":false,"type":"B763","desc":"","military":false}},{"type":"Feature","geometry":{"type":"Point","coordinates":[131.221504,35.765762]},"properties":{"callsign":"ABL171","hex":"71ba10","origin":"","altitude":11102.34,"velocity":222.5484744,"heading":278.37,"onGround":false,"type":"A321","desc":"","military":false}},{"type":"Feature","geometry":{"type":"Point","coordinates":[131.252289,33.109818]},"properties":{"callsign":"JJP506","hex":"84c790","origin":"","altitude":7048.5,"velocity":211.1278176,"heading":104.68,"onGround":false,"type":"A320","desc":"","military":false}},{"type":"Feature","geometry":{"type":"Point","coordinates":[131.359377,33.420038]},"properties":{"callsign":"ANA974","hex":"84b7b6","origin":"","altitude":10126.980000000001,"velocity":251.5116716,"heading":71.27,"onGround":false,"type":"A20N","desc":"","military":false}},{"type":"Feature","geometry":{"type":"Point","coordinates":[131.395307,33.793076]},"properties":{"callsign":"SFJ82","hex":"84bd16","origin":"","altitude":3467.1000000000004,"velocity":166.937078,"heading":107.21,"onGround":false,"type":"A320","desc":"","military":false}},{"type":"Feature","geometry":{"type":"Point","coordinates":[131.403155,33.737732]},"properties":{"callsign":"CES226","hex":"7809b8","origin":"","altitude":13068.300000000001,"velocity":229.23624640000003,"heading":254.78,"onGround":false,"type":"A332","desc":"","military":false}},{"type":"Feature","geometry":{"type":"Point","coordinates":[131.506067,33.093101]},"properties":{"callsign":"CPA582","hex":"780a63","origin":"","altitude":12100.560000000001,"velocity":256.2960008,"heading":34.62,"onGround":false,"type":"B77W","desc":"","military":false}},{"type":"Feature","geometry":{"type":"Point","coordinates":[131.509599,33.891266]},"properties":{"callsign":"CES294","hex":"782151","origin":"","altitude":9806.94,"velocity":224.6576948,"heading":246.66,"onGround":false,"type":"A21N","desc":"","military":false}},{"type":"Feature","geometry":{"type":"Point","coordinates":[131.645022,33.113864]},"properties":{"callsign":"APJ356","hex":"84bbbd","origin":"","altitude":9083.04,"velocity":230.470912,"heading":81.4,"onGround":false,"type":"A20N","desc":"","military":false}},{"type":"Feature","geometry":{"type":"Point","coordinates":[131.737006,33.487289]},"properties":{"callsign":"B-50005","hex":"899025","origin":"","altitude":11094.720000000001,"velocity":224.1946952,"heading":215,"onGround":false,"type":"A320","desc":"","military":false}},{"type":"Feature","geometry":{"type":"Point","coordinates":[131.793146,32.019882]},"properties":{"callsign":"CPA564","hex":"780170","origin":"","altitude":10759.44,"velocity":260.308664,"heading":53.92,"onGround":false,"type":"B773","desc":"","military":false}},{"type":"Feature","geometry":{"type":"Point","coordinates":[131.876587,33.444672]},"properties":{"callsign":"TLM392","hex":"8832cf","origin":"","altitude":11422.380000000001,"velocity":249.7111176,"heading":32.81,"onGround":false,"type":"B739","desc":"","military":false}},{"type":"Feature","geometry":{"type":"Point","coordinates":[131.896947,36.23859]},"properties":{"callsign":"JA892A","hex":"86eec2","origin":"","altitude":11887.2,"velocity":0,"heading":0,"onGround":false,"type":"B789","desc":"","military":false}},{"type":"Feature","geometry":{"type":"Point","coordinates":[131.897964,35.473618]},"properties":{"callsign":"JJA1304","hex":"71c333","origin":"","altitude":11087.1,"velocity":222.65136320000002,"heading":290.28,"onGround":false,"type":"B738","desc":"","military":false}},{"type":"Feature","geometry":{"type":"Point","coordinates":[132.083466,31.905135]},"properties":{"callsign":"ACA66","hex":"c08509","origin":"","altitude":11460.480000000001,"velocity":0,"heading":0,"onGround":false,"type":"B789","desc":"","military":false}},{"type":"Feature","geometry":{"type":"Point","coordinates":[132.257423,35.958298]},"properties":{"callsign":"ABL174","hex":"71c504","origin":"","altitude":11414.76,"velocity":244.9782328,"heading":121.95,"onGround":false,"type":"A21N","desc":"","military":false}},{"type":"Feature","geometry":{"type":"Point","coordinates":[132.367541,31.927294]},"properties":{"callsign":"APJ210","hex":"8463b5","origin":"","altitude":10805.16,"velocity":246.62445359999998,"heading":39.67,"onGround":false,"type":"A320","desc":"","military":false}},{"type":"Feature","geometry":{"type":"Point","coordinates":[132.538678,33.50148]},"properties":{"callsign":"HVN384","hex":"888124","origin":"","altitude":13342.62,"velocity":264.6299936,"heading":68.32,"onGround":false,"type":"A359","desc":"","military":false}},{"type":"Feature","geometry":{"type":"Point","coordinates":[132.57431,33.830628]},"properties":{"callsign":"KAL2125","hex":"71bf28","origin":"","altitude":11414.76,"velocity":248.990896,"heading":90.12,"onGround":false,"type":"B739","desc":"","military":false}},{"type":"Feature","geometry":{"type":"Point","coordinates":[132.613989,32.990524]},"properties":{"callsign":"CAL157","hex":"89901c","origin":"","altitude":12428.220000000001,"velocity":238.0846832,"heading":233.7,"onGround":false,"type":"B77W","desc":"","military":false}},{"type":"Feature","geometry":{"type":"Point","coordinates":[132.63279,36.331467]},"properties":{"callsign":"ETD800","hex":"89649d","origin":"","altitude":12687.300000000001,"velocity":269.8773224,"heading":92.84,"onGround":false,"type":"A388","desc":"","military":false}},{"type":"Feature","geometry":{"type":"Point","coordinates":[132.659036,35.257548]},"properties":{"callsign":"DAL389","hex":"a64924","origin":"","altitude":13014.960000000001,"velocity":237.67312800000002,"heading":232.39,"onGround":false,"type":"A359","desc":"","military":false}},{"type":"Feature","geometry":{"type":"Point","coordinates":[132.766342,34.586823]},"properties":{"callsign":"SKY013","hex":"86804e","origin":"","altitude":12420.6,"velocity":222.239808,"heading":255.38,"onGround":false,"type":"B38M","desc":"","military":false}},{"type":"Feature","geometry":{"type":"Point","coordinates":[132.780257,32.28798]},"properties":{"callsign":"JA208P","hex":"84b4b7","origin":"","altitude":11269.980000000001,"velocity":0,"heading":0,"onGround":false,"type":"A20N","desc":"","military":false}},{"type":"Feature","geometry":{"type":"Point","coordinates":[132.821674,34.409319]},"properties":{"callsign":"CPA580","hex":"780a5c","origin":"","altitude":12092.94,"velocity":262.9837728,"heading":36.49,"onGround":false,"type":"B77W","desc":"","military":false}},{"type":"Feature","geometry":{"type":"Point","coordinates":[133.022232,33.875319]},"properties":{"callsign":"CSZ661","hex":"78195c","origin":"","altitude":6827.52,"velocity":223.3201404,"heading":74.36,"onGround":false,"type":"B38M","desc":"","military":false}},{"type":"Feature","geometry":{"type":"Point","coordinates":[133.100768,35.532066]},"properties":{"callsign":"KAL2130","hex":"71c591","origin":"","altitude":11117.58,"velocity":216.8895904,"heading":262.5,"onGround":false,"type":"A21N","desc":"","military":false}},{"type":"Feature","geometry":{"type":"Point","coordinates":[133.106372,33.283686]},"properties":{"callsign":"JAL2085","hex":"850d8c","origin":"","altitude":12420.6,"velocity":218.8444776,"heading":222.43,"onGround":false,"type":"B738","desc":"","military":false}},{"type":"Feature","geometry":{"type":"Point","coordinates":[133.141058,32.798813]},"properties":{"callsign":"EVA191","hex":"89912b","origin":"","altitude":13060.68,"velocity":243.07479,"heading":241.7,"onGround":false,"type":"B78X","desc":"","military":false}},{"type":"Feature","geometry":{"type":"Point","coordinates":[133.174924,34.763763]},"properties":{"callsign":"APJ359","hex":"86d629","origin":"","altitude":12428.220000000001,"velocity":212.77403840000002,"heading":285.28,"onGround":false,"type":"A320","desc":"","military":false}},{"type":"Feature","geometry":{"type":"Point","coordinates":[133.208388,34.684662]},"properties":{"callsign":"JAL319","hex":"841ff4","origin":"","altitude":11750.04,"velocity":248.1677856,"heading":255.47,"onGround":false,"type":"A359","desc":"","military":false}},{"type":"Feature","geometry":{"type":"Point","coordinates":[133.216267,35.278702]},"properties":{"callsign":"JNA234","hex":"71bd62","origin":"","altitude":10576.560000000001,"velocity":236.2326848,"heading":305.25,"onGround":false,"type":"B738","desc":"","military":false}},{"type":"Feature","geometry":{"type":"Point","coordinates":[133.339176,35.942322]},"properties":{"callsign":"AAR151","hex":"71c705","origin":"","altitude":10454.640000000001,"velocity":223.9889176,"heading":267.63,"onGround":false,"type":"A21N","desc":"","military":false}},{"type":"Feature","geometry":{"type":"Point","coordinates":[133.355964,34.43499]},"properties":{"callsign":"JAL293","hex":"84c60e","origin":"","altitude":10706.1,"velocity":102.374356,"heading":254,"onGround":false,"type":"E190","desc":"","military":false}},{"type":"Feature","geometry":{"type":"Point","coordinates":[133.384895,36.299469]},"properties":{"callsign":"KAL769","hex":"71c577","origin":"","altitude":12070.08,"velocity":264.3213272,"heading":93.24,"onGround":false,"type":"B78X","desc":"","military":false}},{"type":"Feature","geometry":{"type":"Point","coordinates":[133.456477,34.631104]},"properties":{"callsign":"SNJ35","hex":"86cee7","origin":"","altitude":12420.6,"velocity":217.50692320000002,"heading":253.79,"onGround":false,"type":"B738","desc":"","military":false}},{"type":"Feature","geometry":{"type":"Point","coordinates":[133.594437,35.951019]},"properties":{"callsign":"JNA302","hex":"71bf34","origin":"","altitude":11102.34,"velocity":240.3996812,"heading":267.79,"onGround":false,"type":"B772","desc":"","military":false}},{"type":"Feature","geometry":{"type":"Point","coordinates":[133.690395,34.789791]},"properties":{"callsign":"FDA205","hex":"8462c4","origin":"","altitude":10447.02,"velocity":229.956468,"heading":255.62,"onGround":false,"type":"E75L","desc":"","military":false}},{"type":"Feature","geometry":{"type":"Point","coordinates":[133.751507,34.302249]},"properties":{"callsign":"JA123P","hex":"84616d","origin":"","altitude":3810,"velocity":129.6913324,"heading":299.21,"onGround":false,"type":"HDJT","desc":"","military":false}},{"type":"Feature","geometry":{"type":"Point","coordinates":[133.753821,32.584579]},"properties":{"callsign":"CAL5234","hex":"899107","origin":"","altitude":10096.5,"velocity":268.6941012,"heading":66.77,"onGround":false,"type":"B744","desc":"","military":false}},{"type":"Feature","geometry":{"type":"Point","coordinates":[133.753967,35.538162]},"properties":{"callsign":"JAL3426","hex":"851cec","origin":"","altitude":3444.2400000000002,"velocity":185.9200616,"heading":258.35,"onGround":false,"type":"B738","desc":"","military":false}},{"type":"Feature","geometry":{"type":"Point","coordinates":[134.019756,35.749603]},"properties":{"callsign":"HGB880","hex":"789254","origin":"","altitude":12077.7,"velocity":248.5793408,"heading":39.29,"onGround":false,"type":"B738","desc":"","military":false}},{"type":"Feature","geometry":{"type":"Point","coordinates":[134.035277,34.8181]},"properties":{"callsign":"JJP583","hex":"840cd8","origin":"","altitude":9784.08,"velocity":218.2785892,"heading":257.34,"onGround":false,"type":"A320","desc":"","military":false}},{"type":"Feature","geometry":{"type":"Point","coordinates":[134.036334,33.014099]},"properties":{"callsign":"ANA351","hex":"86960c","origin":"","altitude":12428.220000000001,"velocity":225.840916,"heading":254,"onGround":false,"type":"B738","desc":"","military":false}},{"type":"Feature","geometry":{"type":"Point","coordinates":[134.090545,34.785965]},"properties":{"callsign":"APJ128","hex":"84b451","origin":"","altitude":4975.860000000001,"velocity":182.7819532,"heading":172.23,"onGround":false,"type":"A20N","desc":"","military":false}},{"type":"Feature","geometry":{"type":"Point","coordinates":[134.109478,34.864693]},"properties":{"callsign":"ANA253","hex":"8744d4","origin":"","altitude":13053.060000000001,"velocity":239.8337928,"heading":256.35,"onGround":false,"type":"B78X","desc":"","military":false}},{"type":"Feature","geometry":{"type":"Point","coordinates":[134.12754,34.555664]},"properties":{"callsign":"TWB321","hex":"71c738","origin":"","altitude":4076.7000000000003,"velocity":140.2374344,"heading":166.42,"onGround":false,"type":"B738","desc":"","military":false}},{"type":"Feature","geometry":{"type":"Point","coordinates":[134.150162,36.261703]},"properties":{"callsign":"AAR202","hex":"71be34","origin":"","altitude":11422.380000000001,"velocity":267.5623244,"heading":93.75,"onGround":false,"type":"A388","desc":"","military":false}},{"type":"Feature","geometry":{"type":"Point","coordinates":[134.31776,34.273433]},"properties":{"callsign":"JAL2504","hex":"851580","origin":"","altitude":3108.96,"velocity":139.157102,"heading":100.44,"onGround":false,"type":"B738","desc":"","military":false}},{"type":"Feature","geometry":{"type":"Point","coordinates":[134.342084,33.268936]},"properties":{"callsign":"JJP631","hex":"846dc8","origin":"","altitude":9791.7,"velocity":242.303124,"heading":239.79,"onGround":false,"type":"A320","desc":"","military":false}},{"type":"Feature","geometry":{"type":"Point","coordinates":[134.459625,36.221179]},"properties":{"callsign":"KAL2194","hex":"71c558","origin":"","altitude":11765.28,"velocity":223.3201404,"heading":238.47,"onGround":false,"type":"A21N","desc":"","military":false}},{"type":"Feature","geometry":{"type":"Point","coordinates":[134.500851,34.107101]},"properties":{"callsign":"JAL459","hex":"850e58","origin":"","altitude":670.5600000000001,"velocity":89.66758920000001,"heading":3.62,"onGround":false,"type":"B738","desc":"","military":false}},{"type":"Feature","geometry":{"type":"Point","coordinates":[134.502983,34.721406]},"properties":{"callsign":"SFJ13","hex":"84b5ee","origin":"","altitude":12382.5,"velocity":214.523148,"heading":255.13,"onGround":false,"type":"A320","desc":"","military":false}},{"type":"Feature","geometry":{"type":"Point","coordinates":[134.561477,34.622196]},"properties":{"callsign":"JA851A","hex":"86e050","origin":"","altitude":5486.400000000001,"velocity":82.825484,"heading":259,"onGround":false,"type":"DH8D","desc":"","military":false}},{"type":"Feature","geometry":{"type":"Point","coordinates":[134.572464,34.074489]},"properties":{"callsign":"@@@@@@@@","hex":"86e0fa","origin":"","altitude":4876.8,"velocity":93.11436400000001,"heading":228,"onGround":false,"type":"DH8D","desc":"","military":false}},{"type":"Feature","geometry":{"type":"Point","coordinates":[134.593735,34.459456]},"properties":{"callsign":"JJA1306","hex":"71c552","origin":"","altitude":4175.76,"velocity":181.5472876,"heading":265.94,"onGround":false,"type":"B38M","desc":"","military":false}},{"type":"Feature","geometry":{"type":"Point","coordinates":[134.596813,34.149353]},"properties":{"callsign":"JAL314","hex":"842388","origin":"","altitude":13342.62,"velocity":264.78432680000003,"heading":77.77,"onGround":false,"type":"A359","desc":"","military":false}},{"type":"Feature","geometry":{"type":"Point","coordinates":[134.618774,32.08342]},"properties":{"callsign":"EVA107","hex":"899077","origin":"","altitude":13068.300000000001,"velocity":238.8563492,"heading":220.9,"onGround":false,"type":"A333","desc":"","military":false}},{"type":"Feature","geometry":{"type":"Point","coordinates":[134.63009,32.909546]},"properties":{"callsign":"CPA098","hex":"780a28","origin":"","altitude":10134.6,"velocity":266.22477,"heading":68.34,"onGround":false,"type":"B748","desc":"","military":false}},{"type":"Feature","geometry":{"type":"Point","coordinates":[134.75647,34.549348]},"properties":{"callsign":"SJX307","hex":"8990ba","origin":"","altitude":3779.52,"velocity":180.312622,"heading":228.12,"onGround":false,"type":"A21N","desc":"","military":false}},{"type":"Feature","geometry":{"type":"Point","coordinates":[134.766712,34.410018]},"properties":{"callsign":"SJX821","hex":"8991dc","origin":"","altitude":3268.98,"velocity":155.876532,"heading":254.5,"onGround":false,"type":"A339","desc":"","military":false}},{"type":"Feature","geometry":{"type":"Point","coordinates":[134.795688,33.615372]},"properties":{"callsign":"JAL2464","hex":"850e36","origin":"","altitude":6096,"velocity":204.3371568,"heading":33.81,"onGround":false,"type":"B738","desc":"","military":false}},{"type":"Feature","geometry":{"type":"Point","coordinates":[134.813232,33.002289]},"properties":{"callsign":"HGB320","hex":"789270","origin":"","altitude":12115.800000000001,"velocity":240.6054588,"heading":80.28,"onGround":false,"type":"B738","desc":"","military":false}},{"type":"Feature","geometry":{"type":"Point","coordinates":[134.88324,34.682562]},"properties":{"callsign":"JA852A","hex":"86e072","origin":"","altitude":4160.52,"velocity":78.195488,"heading":258,"onGround":false,"type":"DH8D","desc":"","military":false}},{"type":"Feature","geometry":{"type":"Point","coordinates":[134.968334,33.834011]},"properties":{"callsign":"JA244J","hex":"84c27a","origin":"","altitude":5364.4800000000005,"velocity":120.379896,"heading":37,"onGround":false,"type":"E190","desc":"","military":false}},{"type":"Feature","geometry":{"type":"Point","coordinates":[134.983689,33.654099]},"properties":{"callsign":"FDX79","hex":"ab805a","origin":"","altitude":11772.900000000001,"velocity":243.79501159999998,"heading":238.02,"onGround":false,"type":"B77L","desc":"","military":false}},{"type":"Feature","geometry":{"type":"Point","coordinates":[135.023038,32.284489]},"properties":{"callsign":"JTA42","hex":"841f65","origin":"","altitude":12092.94,"velocity":234.1749088,"heading":28.76,"onGround":false,"type":"B738","desc":"","military":false}},{"type":"Feature","geometry":{"type":"Point","coordinates":[135.030437,34.599655]},"properties":{"callsign":"AAL127","hex":"ab3c0d","origin":"","altitude":12428.220000000001,"velocity":243.4349008,"heading":255.93,"onGround":false,"type":"B789","desc":"","military":false}},{"type":"Feature","geometry":{"type":"Point","coordinates":[135.10437,36.537506]},"properties":{"callsign":"TTW235","hex":"899027","origin":"","altitude":11750.04,"velocity":225.2235832,"heading":238.92,"onGround":false,"type":"A320","desc":"","military":false}},{"type":"Feature","geometry":{"type":"Point","coordinates":[135.112679,34.430098]},"properties":{"callsign":"JA954A","hex":"873a7e","origin":"","altitude":312.42,"velocity":0,"heading":0,"onGround":false,"type":"SF34","desc":"","military":false}},{"type":"Feature","geometry":{"type":"Point","coordinates":[135.119877,34.541528]},"properties":{"callsign":"CSN389","hex":"782289","origin":"","altitude":2545.08,"velocity":142.03798840000002,"heading":31.68,"onGround":false,"type":"A21N","desc":"","military":false}},{"type":"Feature","geometry":{"type":"Point","coordinates":[135.176062,34.425934]},"properties":{"callsign":"APJ165","hex":"84b829","origin":"","altitude":769.62,"velocity":95.58369520000001,"heading":261.96,"onGround":false,"type":"A20N","desc":"","military":false}},{"type":"Feature","geometry":{"type":"Point","coordinates":[135.239382,34.450844]},"properties":{"callsign":"EVA131","hex":"899039","origin":"","altitude":0,"velocity":0.0514444,"heading":227.81,"onGround":true,"type":"B77W","desc":"","military":false}},{"type":"Feature","geometry":{"type":"Point","coordinates":[135.240718,34.450298]},"properties":{"callsign":"HKE851","hex":"789295","origin":"","altitude":0,"velocity":0,"heading":320.62,"onGround":true,"type":"A21N","desc":"","military":false}},{"type":"Feature","geometry":{"type":"Point","coordinates":[135.248117,34.435123]},"properties":{"callsign":"SJX822","hex":"8991e5","origin":"","altitude":0,"velocity":2.6751088000000003,"heading":323.44,"onGround":true,"type":"A359","desc":"","military":false}},{"type":"Feature","geometry":{"type":"Point","coordinates":[135.249967,34.435787]},"properties":{"callsign":"AMU855","hex":"781b48","origin":"","altitude":0,"velocity":1.1317768000000001,"heading":244.69,"onGround":true,"type":"A21N","desc":"","military":false}},{"type":"Feature","geometry":{"type":"Point","coordinates":[135.263784,34.440582]},"properties":{"callsign":"CQH6565","hex":"781b38","origin":"","altitude":91.44,"velocity":68.36960760000001,"heading":230.8,"onGround":false,"type":"A21N","desc":"","military":false}},{"type":"Feature","geometry":{"type":"Point","coordinates":[135.266947,34.676305]},"properties":{"callsign":"JAL2375","hex":"84bb96","origin":"","altitude":3238.5,"velocity":79.73882,"heading":284,"onGround":false,"type":"E170","desc":"","military":false}},{"type":"Feature","geometry":{"type":"Point","coordinates":[135.268997,31.823715]},"properties":{"callsign":"N17306","hex":"a126c9","origin":"","altitude":10668,"velocity":0,"heading":0,"onGround":false,"type":"B38M","desc":"","military":false}},{"type":"Feature","geometry":{"type":"Point","coordinates":[135.27023,34.767883]},"properties":{"callsign":"ANA536","hex":"84b750","origin":"","altitude":9471.66,"velocity":217.40403440000003,"heading":96.39,"onGround":false,"type":"A20N","desc":"","military":false}},{"type":"Feature","geometry":{"type":"Point","coordinates":[135.315296,32.003639]},"properties":{"callsign":"ANA1263","hex":"85c970","origin":"","altitude":13053.060000000001,"velocity":232.47724359999998,"heading":237.47,"onGround":false,"type":"B738","desc":"","military":false}},{"type":"Feature","geometry":{"type":"Point","coordinates":[135.320892,34.604234]},"properties":{"callsign":"JAL225","hex":"8518f2","origin":"","altitude":1341.1200000000001,"velocity":100.8824684,"heading":91.46,"onGround":false,"type":"B738","desc":"","military":false}},{"type":"Feature","geometry":{"type":"Point","coordinates":[135.354939,34.516296]},"properties":{"callsign":"CSS271","hex":"7810af","origin":"","altitude":563.88,"velocity":79.0185984,"heading":201.39,"onGround":false,"type":"B752","desc":"","military":false}},{"type":"Feature","geometry":{"type":"Point","coordinates":[135.359466,35.086395]},"properties":{"callsign":"JAL481","hex":"8511ca","origin":"","altitude":7117.08,"velocity":205.46893359999999,"heading":261.5,"onGround":false,"type":"B738","desc":"","military":false}},{"type":"Feature","geometry":{"type":"Point","coordinates":[135.406436,36.683443]},"properties":{"callsign":"TTW237","hex":"89905b","origin":"","altitude":11109.960000000001,"velocity":226.5611376,"heading":239.13,"onGround":false,"type":"A20N","desc":"","military":false}},{"type":"Feature","geometry":{"type":"Point","coordinates":[135.41605,33.743855]},"properties":{"callsign":"JJP625","hex":"841794","origin":"","altitude":11087.1,"velocity":235.5639076,"heading":243.27,"onGround":false,"type":"A320","desc":"","military":false}},{"type":"Feature","geometry":{"type":"Point","coordinates":[135.427837,34.477053]},"properties":{"callsign":"JAL2084","hex":"8460b0","origin":"","altitude":1805.94,"velocity":142.70676559999998,"heading":33.98,"onGround":false,"type":"A359","desc":"","military":false}},{"type":"Feature","geometry":{"type":"Point","coordinates":[135.445479,34.780025]},"properties":{"callsign":"ANA1165","hex":"86d310","origin":"","altitude":0,"velocity":9.517214000000001,"heading":132.44,"onGround":true,"type":"B788","desc":"","military":false}},{"type":"Feature","geometry":{"type":"Point","coordinates":[135.463771,34.766985]},"properties":{"callsign":"@@@@@@@@","hex":"86e02e","origin":"","altitude":15.24,"velocity":43.213296,"heading":316,"onGround":false,"type":"DH8D","desc":"","military":false}},{"type":"Feature","geometry":{"type":"Point","coordinates":[135.465436,32.889542]},"properties":{"callsign":"SKY517","hex":"868088","origin":"","altitude":12435.84,"velocity":227.384248,"heading":221.7,"onGround":false,"type":"B738","desc":"","military":false}},{"type":"Feature","geometry":{"type":"Point","coordinates":[135.533066,34.70488]},"properties":{"callsign":"JAL2004","hex":"851c20","origin":"","altitude":670.5600000000001,"velocity":89.1017008,"heading":315.23,"onGround":false,"type":"B738","desc":"","military":false}},{"type":"Feature","geometry":{"type":"Point","coordinates":[135.581017,36.331696]},"properties":{"callsign":"EVA116","hex":"89909f","origin":"","altitude":12725.400000000001,"velocity":265.5559928,"heading":51.69,"onGround":false,"type":"B78X","desc":"","military":false}},{"type":"Feature","geometry":{"type":"Point","coordinates":[135.588647,34.599882]},"properties":{"callsign":"JA6513","hex":"862cb9","origin":"","altitude":45.72,"velocity":0,"heading":0,"onGround":false,"type":"AS50","desc":"","military":false}},{"type":"Feature","geometry":{"type":"Point","coordinates":[135.726414,34.998857]},"properties":{"callsign":"JAL631","hex":"851120","origin":"","altitude":10462.26,"velocity":235.87257400000001,"heading":257.15,"onGround":false,"type":"B738","desc":"","military":false}},{"type":"Feature","geometry":{"type":"Point","coordinates":[135.827341,35.398392]},"properties":{"callsign":"5505","hex":"87c81a","origin":"","altitude":8839.2,"velocity":117.293232,"heading":113,"onGround":false,"type":"P1","desc":"","military":false}},{"type":"Feature","geometry":{"type":"Point","coordinates":[135.869826,33.628738]},"properties":{"callsign":"ANA566","hex":"845d88","origin":"","altitude":8206.74,"velocity":255.16422400000002,"heading":89.19,"onGround":false,"type":"A321","desc":"","military":false}},{"type":"Feature","geometry":{"type":"Point","coordinates":[135.902481,33.872013]},"properties":{"callsign":"ACA8","hex":"c02eb9","origin":"","altitude":11452.86,"velocity":261.851996,"heading":37.1,"onGround":false,"type":"B789","desc":"","military":false}},{"type":"Feature","geometry":{"type":"Point","coordinates":[135.937169,36.003361]},"properties":{"callsign":"AAR201","hex":"71be26","origin":"","altitude":13037.820000000002,"velocity":234.63790840000001,"heading":269.12,"onGround":false,"type":"A388","desc":"","military":false}},{"type":"Feature","geometry":{"type":"Point","coordinates":[135.950947,34.033689]},"properties":{"callsign":"EVA006","hex":"89902f","origin":"","altitude":10157.460000000001,"velocity":267.768102,"heading":51.79,"onGround":false,"type":"B77W","desc":"","military":false}},{"type":"Feature","geometry":{"type":"Point","coordinates":[135.996191,36.004199]},"properties":{"callsign":"ASV702","hex":"71c255","origin":"","altitude":10462.26,"velocity":227.43569240000002,"heading":269.09,"onGround":false,"type":"A321","desc":"","military":false}},{"type":"Feature","geometry":{"type":"Point","coordinates":[136.026045,33.318507]},"properties":{"callsign":"ANA612","hex":"86ec40","origin":"","altitude":11826.24,"velocity":240.50257000000002,"heading":69.2,"onGround":false,"type":"B738","desc":"","military":false}},{"type":"Feature","geometry":{"type":"Point","coordinates":[136.038881,33.953888]},"properties":{"callsign":"UAL35","hex":"aac8a4","origin":"","altitude":9814.560000000001,"velocity":228.72180240000003,"heading":238.24,"onGround":false,"type":"B772","desc":"","military":false}},{"type":"Feature","geometry":{"type":"Point","coordinates":[136.081659,33.520706]},"properties":{"callsign":"PR437","hex":"7583a7","origin":"","altitude":8115.3,"velocity":224.96636120000002,"heading":208.85,"onGround":false,"type":"A321","desc":"","military":false}},{"type":"Feature","geometry":{"type":"Point","coordinates":[136.097522,36.814487]},"properties":{"callsign":"CKK227","hex":"781f00","origin":"","altitude":10111.74,"velocity":270.340322,"heading":69.74,"onGround":false,"type":"B77L","desc":"","military":false}},{"type":"Feature","geometry":{"type":"Point","coordinates":[136.106472,33.896546]},"properties":{"callsign":"APJ486","hex":"84b77f","origin":"","altitude":4991.1,"velocity":208.50415320000002,"heading":14.14,"onGround":false,"type":"A20N","desc":"","military":false}},{"type":"Feature","geometry":{"type":"Point","coordinates":[136.114608,34.515839]},"properties":{"callsign":"ANA254","hex":"8682f4","origin":"","altitude":11414.76,"velocity":241.8915688,"heading":53.91,"onGround":false,"type":"B772","desc":"","military":false}},{"type":"Feature","geometry":{"type":"Point","coordinates":[136.156201,32.536377]},"properties":{"callsign":"JAL908","hex":"8406e8","origin":"","altitude":13357.86,"velocity":239.78234840000002,"heading":48.48,"onGround":false,"type":"A359","desc":"","military":false}},{"type":"Feature","geometry":{"type":"Point","coordinates":[136.222733,34.509979]},"properties":{"callsign":"SFJ46","hex":"84d622","origin":"","altitude":12108.18,"velocity":236.95290640000002,"heading":63.16,"onGround":false,"type":"A20N","desc":"","military":false}},{"type":"Feature","geometry":{"type":"Point","coordinates":[136.225491,34.747242]},"properties":{"callsign":"JJP442","hex":"84c068","origin":"","altitude":10789.92,"velocity":239.473682,"heading":108.28,"onGround":false,"type":"A320","desc":"","military":false}},{"type":"Feature","geometry":{"type":"Point","coordinates":[136.352271,35.138123]},"properties":{"callsign":"BLCAT62","hex":"ae06e0","origin":"","altitude":7825.740000000001,"velocity":124.4440036,"heading":254.41,"onGround":false,"type":"BE20","desc":"","military":false}},{"type":"Feature","geometry":{"type":"Point","coordinates":[136.360119,33.229918]},"properties":{"callsign":"AMU862","hex":"781878","origin":"","altitude":10820.4,"velocity":235.0494636,"heading":34.84,"onGround":false,"type":"A21N","desc":"","military":false}},{"type":"Feature","geometry":{"type":"Point","coordinates":[136.365223,35.234528]},"properties":{"callsign":"SKY105","hex":"8681b3","origin":"","altitude":8458.2,"velocity":224.1432508,"heading":260.75,"onGround":false,"type":"B738","desc":"","military":false}},{"type":"Feature","geometry":{"type":"Point","coordinates":[136.468563,34.435761]},"properties":{"callsign":"SNJ16","hex":"86d1f3","origin":"","altitude":12725.400000000001,"velocity":232.4257992,"heading":75.78,"onGround":false,"type":"B738","desc":"","military":false}},{"type":"Feature","geometry":{"type":"Point","coordinates":[136.492235,34.520279]},"properties":{"callsign":"FDA924","hex":"847114","origin":"","altitude":2392.6800000000003,"velocity":144.86743040000002,"heading":36.63,"onGround":false,"type":"E75L","desc":"","military":false}},{"type":"Feature","geometry":{"type":"Point","coordinates":[136.51219,34.305954]},"properties":{"callsign":"SNJ75","hex":"86cf2b","origin":"","altitude":13053.060000000001,"velocity":226.8183596,"heading":241.11,"onGround":false,"type":"B738","desc":"","military":false}},{"type":"Feature","geometry":{"type":"Point","coordinates":[136.515713,34.761022]},"properties":{"callsign":"JAL118","hex":"850e7a","origin":"","altitude":7566.660000000001,"velocity":240.14245920000002,"heading":109.13,"onGround":false,"type":"B738","desc":"","military":false}},{"type":"Feature","geometry":{"type":"Point","coordinates":[136.599464,32.900701]},"properties":{"callsign":"ANA834","hex":"86cf38","origin":"","altitude":12740.640000000001,"velocity":230.470912,"heading":353.33,"onGround":false,"type":"B788","desc":"","military":false}},{"type":"Feature","geometry":{"type":"Point","coordinates":[136.605492,34.652369]},"properties":{"callsign":"ANA796","hex":"863188","origin":"","altitude":12092.94,"velocity":236.901462,"heading":79.62,"onGround":false,"type":"B738","desc":"","military":false}},{"type":"Feature","geometry":{"type":"Point","coordinates":[136.628494,35.857086]},"properties":{"callsign":"SJO253","hex":"840caf","origin":"","altitude":11742.42,"velocity":222.80569640000002,"heading":271.32,"onGround":false,"type":"B738","desc":"","military":false}},{"type":"Feature","geometry":{"type":"Point","coordinates":[136.659272,33.19114]},"properties":{"callsign":"SJX802","hex":"89912a","origin":"","altitude":12733.02,"velocity":248.990896,"heading":83.59,"onGround":false,"type":"Unknown","desc":"","military":false}},{"type":"Feature","geometry":{"type":"Point","coordinates":[136.664765,32.779525]},"properties":{"callsign":"DAL88","hex":"a690bf","origin":"","altitude":11437.62,"velocity":262.623662,"heading":57.8,"onGround":false,"type":"A359","desc":"","military":false}},{"type":"Feature","geometry":{"type":"Point","coordinates":[136.701107,35.29248]},"properties":{"callsign":"HARGR51","hex":"87cdf4","origin":"","altitude":13037.820000000002,"velocity":226.92124840000002,"heading":278.74,"onGround":false,"type":"B762","desc":"","military":false}},{"type":"Feature","geometry":{"type":"Point","coordinates":[136.702366,35.36142]},"properties":{"callsign":"SFJ49","hex":"84c7d2","origin":"","altitude":12138.66,"velocity":219.5132548,"heading":261.51,"onGround":false,"type":"A320","desc":"","military":false}},{"type":"Feature","geometry":{"type":"Point","coordinates":[136.792088,34.972741]},"properties":{"callsign":"ANA864","hex":"86d94a","origin":"","altitude":13342.62,"velocity":252.07756,"heading":106.84,"onGround":false,"type":"B788","desc":"","military":false}},{"type":"Feature","geometry":{"type":"Point","coordinates":[136.822948,35.243356]},"properties":{"callsign":"FDA2036","hex":"840568","origin":"","altitude":7010.400000000001,"velocity":208.864264,"heading":74.71,"onGround":false,"type":"E170","desc":"","military":false}},{"type":"Feature","geometry":{"type":"Point","coordinates":[136.90424,33.558205]},"properties":{"callsign":"JAL646","hex":"86222e","origin":"","altitude":12047.220000000001,"velocity":248.11634120000002,"heading":72.5,"onGround":false,"type":"B763","desc":"","military":false}},{"type":"Feature","geometry":{"type":"Point","coordinates":[136.928485,33.216431]},"properties":{"callsign":"JAL802","hex":"851142","origin":"","altitude":11445.24,"velocity":245.28689920000002,"heading":83.74,"onGround":false,"type":"B738","desc":"","military":false}},{"type":"Feature","geometry":{"type":"Point","coordinates":[136.952934,36.239227]},"properties":{"callsign":"JAL187","hex":"840659","origin":"","altitude":4831.08,"velocity":190.34428,"heading":261.61,"onGround":false,"type":"B738","desc":"","military":false}},{"type":"Feature","geometry":{"type":"Point","coordinates":[136.997998,34.842773]},"properties":{"callsign":"JAL480","hex":"85120e","origin":"","altitude":10782.300000000001,"velocity":243.89790040000003,"heading":93.87,"onGround":false,"type":"B738","desc":"","military":false}},{"type":"Feature","geometry":{"type":"Point","coordinates":[137.025168,34.955444]},"properties":{"callsign":"JAL2206","hex":"84baec","origin":"","altitude":7962.900000000001,"velocity":125.00989200000001,"heading":250,"onGround":false,"type":"E170","desc":"","military":false}},{"type":"Feature","geometry":{"type":"Point","coordinates":[137.032529,36.012206]},"properties":{"callsign":"AAR101","hex":"71bf95","origin":"","altitude":11125.2,"velocity":233.043132,"heading":269.75,"onGround":false,"type":"A333","desc":"","military":false}},{"type":"Feature","geometry":{"type":"Point","coordinates":[137.251911,35.145077]},"properties":{"callsign":"IBX52","hex":"846adc","origin":"","altitude":9189.720000000001,"velocity":221.9311416,"heading":216.9,"onGround":false,"type":"CRJ7","desc":"","military":false}},{"type":"Feature","geometry":{"type":"Point","coordinates":[137.273761,35.412613]},"properties":{"callsign":"VJT809","hex":"4d20f9","origin":"","altitude":13068.300000000001,"velocity":240.29679240000002,"heading":263.36,"onGround":false,"type":"GLEX","desc":"","military":false}},{"type":"Feature","geometry":{"type":"Point","coordinates":[137.315088,34.893997]},"properties":{"callsign":"JCG","hex":"86388c","origin":"","altitude":2171.7000000000003,"velocity":59.4697264,"heading":95.96,"onGround":false,"type":"EC25","desc":"","military":false}},{"type":"Feature","geometry":{"type":"Point","coordinates":[137.332072,32.935289]},"properties":{"callsign":"APJ504","hex":"84bbdf","origin":"","altitude":10820.4,"velocity":245.4926768,"heading":57.84,"onGround":false,"type":"A20N","desc":"","military":false}},{"type":"Feature","geometry":{"type":"Point","coordinates":[137.346516,36.79866]},"properties":{"callsign":"EVA118","hex":"899053","origin":"","altitude":11437.62,"velocity":250.1226728,"heading":62.43,"onGround":false,"type":"A321","desc":"","military":false}},{"type":"Feature","geometry":{"type":"Point","coordinates":[137.402979,33.673416]},"properties":{"callsign":"ANA464L","hex":"868688","origin":"","altitude":10751.82,"velocity":260.6173304,"heading":71.71,"onGround":false,"type":"B773","desc":"","military":false}},{"type":"Feature","geometry":{"type":"Point","coordinates":[137.538192,36.012625]},"properties":{"callsign":"EOK321","hex":"71c562","origin":"","altitude":9829.800000000001,"velocity":227.898692,"heading":270.13,"onGround":false,"type":"A320","desc":"","military":false}},{"type":"Feature","geometry":{"type":"Point","coordinates":[137.539991,37.579806]},"properties":{"callsign":"CRK690","hex":"780a4e","origin":"","altitude":12047.220000000001,"velocity":237.5187948,"heading":54.52,"onGround":false,"type":"A320","desc":"","military":false}},{"type":"Feature","geometry":{"type":"Point","coordinates":[137.668725,32.930541]},"properties":{"callsign":"JA828P","hex":"86d68f","origin":"","altitude":10812.78,"velocity":245.80134320000002,"heading":53.68,"onGround":false,"type":"A320","desc":"","military":false}},{"type":"Feature","geometry":{"type":"Point","coordinates":[137.695656,34.59362]},"properties":{"callsign":"ANA696","hex":"845dee","origin":"","altitude":11041.380000000001,"velocity":237.93035,"heading":82.92,"onGround":false,"type":"A321","desc":"","military":false}},{"type":"Feature","geometry":{"type":"Point","coordinates":[137.703162,36.630287]},"properties":{"callsign":"FDA395","hex":"841ae0","origin":"","altitude":9075.42,"velocity":110.60546000000001,"heading":33,"onGround":false,"type":"E75S","desc":"","military":false}},{"type":"Feature","geometry":{"type":"Point","coordinates":[137.721395,35.565305]},"properties":{"callsign":"EVA696","hex":"899135","origin":"","altitude":9486.9,"velocity":269.7744336,"heading":65.19,"onGround":false,"type":"B77L","desc":"","military":false}},{"type":"Feature","geometry":{"type":"Point","coordinates":[137.876256,38.158722]},"properties":{"callsign":"ABL181","hex":"71c395","origin":"","altitude":11102.34,"velocity":230.9339116,"heading":230.42,"onGround":false,"type":"A21N","desc":"","military":false}},{"type":"Feature","geometry":{"type":"Point","coordinates":[137.88733,33.038402]},"properties":{"callsign":"ANA812","hex":"86d98e","origin":"","altitude":11468.1,"velocity":245.80134320000002,"heading":52.48,"onGround":false,"type":"B788","desc":"","military":false}},{"type":"Feature","geometry":{"type":"Point","coordinates":[137.945824,34.722476]},"properties":{"callsign":"JAL4128","hex":"851ca8","origin":"","altitude":12313.92,"velocity":238.2904608,"heading":96.7,"onGround":false,"type":"B738","desc":"","military":false}},{"type":"Feature","geometry":{"type":"Point","coordinates":[137.964706,36.772842]},"properties":{"callsign":"ESR609","hex":"71c543","origin":"","altitude":11437.62,"velocity":240.45112559999998,"heading":80.52,"onGround":false,"type":"B38M","desc":"","military":false}},{"type":"Feature","geometry":{"type":"Point","coordinates":[137.965336,34.93131]},"properties":{"callsign":"ANA25","hex":"8687bc","origin":"","altitude":5859.780000000001,"velocity":206.3434884,"heading":265.85,"onGround":false,"type":"B738","desc":"","military":false}},{"type":"Feature","geometry":{"type":"Point","coordinates":[137.968231,33.460419]},"properties":{"callsign":"HKE848","hex":"789294","origin":"","altitude":11483.34,"velocity":243.6921228,"heading":60.68,"onGround":false,"type":"A21N","desc":"","military":false}},{"type":"Feature","geometry":{"type":"Point","coordinates":[137.993438,33.884811]},"properties":{"callsign":"CRK608","hex":"78927c","origin":"","altitude":12108.18,"velocity":250.9972276,"heading":71.6,"onGround":false,"type":"A333","desc":"","military":false}},{"type":"Feature","geometry":{"type":"Point","coordinates":[138.068848,35.441025]},"properties":{"callsign":"ANA997","hex":"84659e","origin":"","altitude":10287,"velocity":216.11792440000002,"heading":265.9,"onGround":false,"type":"A21N","desc":"","military":false}},{"type":"Feature","geometry":{"type":"Point","coordinates":[138.174231,37.483887]},"properties":{"callsign":"DAL159","hex":"a6aab5","origin":"","altitude":12999.720000000001,"velocity":240.8112364,"heading":248.31,"onGround":false,"type":"A359","desc":"","military":false}},{"type":"Feature","geometry":{"type":"Point","coordinates":[138.200855,34.753992]},"properties":{"callsign":"CCA133","hex":"782214","origin":"","altitude":9319.26,"velocity":251.97467120000002,"heading":93.28,"onGround":false,"type":"A21N","desc":"","military":false}},{"type":"Feature","geometry":{"type":"Point","coordinates":[138.230209,35.450363]},"properties":{"callsign":"ANA453","hex":"846516","origin":"","altitude":8686.800000000001,"velocity":216.5294796,"heading":266.32,"onGround":false,"type":"A21N","desc":"","military":false}},{"type":"Feature","geometry":{"type":"Point","coordinates":[138.250222,37.195145]},"properties":{"callsign":"IBX15","hex":"845c8c","origin":"","altitude":11407.140000000001,"velocity":242.1487908,"heading":66.59,"onGround":false,"type":"CRJ7","desc":"","military":false}},{"type":"Feature","geometry":{"type":"Point","coordinates":[138.350532,38.039742]},"properties":{"callsign":"JJA1503","hex":"71c336","origin":"","altitude":12062.460000000001,"velocity":240.9141252,"heading":60.86,"onGround":false,"type":"B738","desc":"","military":false}},{"type":"Feature","geometry":{"type":"Point","coordinates":[138.351009,38.03923]},"properties":{"callsign":"EVA122","hex":"89904e","origin":"","altitude":10774.68,"velocity":244.36090000000002,"heading":49.1,"onGround":false,"type":"A321","desc":"","military":false}},{"type":"Feature","geometry":{"type":"Point","coordinates":[138.473053,36.008194]},"properties":{"callsign":"AAL281","hex":"ab839d","origin":"","altitude":13045.44,"velocity":239.21646,"heading":270.37,"onGround":false,"type":"B789","desc":"","military":false}},{"type":"Feature","geometry":{"type":"Point","coordinates":[138.484612,35.853516]},"properties":{"callsign":"EVA008","hex":"899136","origin":"","altitude":11452.86,"velocity":262.109218,"heading":64.79,"onGround":false,"type":"DH8C","desc":"","military":false}},{"type":"Feature","geometry":{"type":"Point","coordinates":[138.510761,35.769791]},"properties":{"callsign":"ANA295","hex":"845dcc","origin":"","altitude":8237.220000000001,"velocity":227.43569240000002,"heading":269.09,"onGround":false,"type":"A321","desc":"","military":false}},{"type":"Feature","geometry":{"type":"Point","coordinates":[138.514423,35.465607]},"properties":{"callsign":"C680","hex":"863766","origin":"","altitude":9197.34,"velocity":192.8136112,"heading":266.18,"onGround":false,"type":"C680","desc":"","military":false}},{"type":"Feature","geometry":{"type":"Point","coordinates":[138.550587,33.632688]},"properties":{"callsign":"ANA820","hex":"86d9b0","origin":"","altitude":12092.94,"velocity":257.6335552,"heading":57.64,"onGround":false,"type":"B788","desc":"","military":false}},{"type":"Feature","geometry":{"type":"Point","coordinates":[138.640062,34.018799]},"properties":{"callsign":"ANA1080","hex":"86d61c","origin":"","altitude":8763,"velocity":237.5702392,"heading":56.48,"onGround":false,"type":"B788","desc":"","military":false}},{"type":"Feature","geometry":{"type":"Point","coordinates":[138.751174,37.805771]},"properties":{"callsign":"UPS82","hex":"a81bc4","origin":"","altitude":13030.2,"velocity":238.13612759999998,"heading":246.98,"onGround":false,"type":"B748","desc":"","military":false}},{"type":"Feature","geometry":{"type":"Point","coordinates":[138.836807,32.966247]},"properties":{"callsign":"APJ533","hex":"84b73b","origin":"","altitude":12435.84,"velocity":235.35813000000002,"heading":225.62,"onGround":false,"type":"A20N","desc":"","military":false}},{"type":"Feature","geometry":{"type":"Point","coordinates":[138.844299,34.103983]},"properties":{"callsign":"CPA504","hex":"78016d","origin":"","altitude":11422.380000000001,"velocity":255.5757792,"heading":71.46,"onGround":false,"type":"B773","desc":"","military":false}},{"type":"Feature","geometry":{"type":"Point","coordinates":[138.881537,34.982986]},"properties":{"callsign":"ANA609","hex":"846954","origin":"","altitude":7368.54,"velocity":223.1143628,"heading":266.83,"onGround":false,"type":"A21N","desc":"","military":false}},{"type":"Feature","geometry":{"type":"Point","coordinates":[138.89844,37.49066]},"properties":{"callsign":"JAL2182","hex":"84b7be","origin":"","altitude":11582.400000000001,"velocity":122.437672,"heading":225,"onGround":false,"type":"E170","desc":"","military":false}},{"type":"Feature","geometry":{"type":"Point","coordinates":[139.256092,35.619212]},"properties":{"callsign":"JA35MP","hex":"8521a5","origin":"","altitude":685.8000000000001,"velocity":44.1907396,"heading":257.91,"onGround":false,"type":"A109","desc":"","military":false}},{"type":"Feature","geometry":{"type":"Point","coordinates":[139.299717,34.713026]},"properties":{"callsign":"JAL610","hex":"8514d6","origin":"","altitude":5905.5,"velocity":193.945388,"heading":90.46,"onGround":false,"type":"B738","desc":"","military":false}},{"type":"Feature","geometry":{"type":"Point","coordinates":[139.341431,35.078973]},"properties":{"callsign":"ANA853","hex":"872f7e","origin":"","altitude":6835.14,"velocity":202.690936,"heading":239.66,"onGround":false,"type":"B789","desc":"","military":false}},{"type":"Feature","geometry":{"type":"Point","coordinates":[139.366419,35.658489]},"properties":{"callsign":"00000000","hex":"000001","origin":"","altitude":487.68,"velocity":30.86664,"heading":352,"onGround":false,"type":"Unknown","desc":"","military":false}},{"type":"Feature","geometry":{"type":"Point","coordinates":[139.386077,37.052748]},"properties":{"callsign":"JAL2207","hex":"84c324","origin":"","altitude":10058.4,"velocity":119.865452,"heading":40,"onGround":false,"type":"E190","desc":"","military":false}},{"type":"Feature","geometry":{"type":"Point","coordinates":[139.41061,35.34256]},"properties":{"callsign":"DKH1380","hex":"78165e","origin":"","altitude":8481.060000000001,"velocity":228.82469120000002,"heading":266.52,"onGround":false,"type":"B789","desc":"","military":false}},{"type":"Feature","geometry":{"type":"Point","coordinates":[139.416896,34.207993]},"properties":{"callsign":"UAL838","hex":"a2b416","origin":"","altitude":11864.34,"velocity":238.18757200000002,"heading":67.26,"onGround":false,"type":"B38M","desc":"","military":false}},{"type":"Feature","geometry":{"type":"Point","coordinates":[139.435799,35.388523]},"properties":{"callsign":"5537","hex":"87c858","origin":"","altitude":365.76,"velocity":43.727740000000004,"heading":197,"onGround":false,"type":"P1","desc":"","military":false}},{"type":"Feature","geometry":{"type":"Point","coordinates":[139.454138,36.417257]},"properties":{"callsign":"EVA665","hex":"899124","origin":"","altitude":11765.28,"velocity":250.01978400000002,"heading":233.37,"onGround":false,"type":"B77L","desc":"","military":false}},{"type":"Feature","geometry":{"type":"Point","coordinates":[139.485841,34.745087]},"properties":{"callsign":"JAL628","hex":"862250","origin":"","altitude":4427.22,"velocity":182.01028720000002,"heading":62.2,"onGround":false,"type":"B763","desc":"","military":false}},{"type":"Feature","geometry":{"type":"Point","coordinates":[139.527185,35.305357]},"properties":{"callsign":"JA6429","hex":"86294d","origin":"","altitude":693.4200000000001,"velocity":68.9869404,"heading":239.04,"onGround":false,"type":"Unknown","desc":"","military":false}},{"type":"Feature","geometry":{"type":"Point","coordinates":[139.571714,34.746964]},"properties":{"callsign":"JA35CA","hex":"8520c0","origin":"","altitude":1668.78,"velocity":98.3102484,"heading":1.5,"onGround":false,"type":"D228","desc":"","military":false}},{"type":"Feature","geometry":{"type":"Point","coordinates":[139.590626,35.482819]},"properties":{"callsign":"CSH816","hex":"781aa8","origin":"","altitude":4168.14,"velocity":160.5579724,"heading":271.47,"onGround":false,"type":"B789","desc":"","military":false}},{"type":"Feature","geometry":{"type":"Point","coordinates":[139.592743,35.883545]},"properties":{"callsign":"JA19MP","hex":"847c65","origin":"","altitude":701.0400000000001,"velocity":47.328848,"heading":281.92,"onGround":false,"type":"Unknown","desc":"","military":false}},{"type":"Feature","geometry":{"type":"Point","coordinates":[139.62687,34.922333]},"properties":{"callsign":"ANA646","hex":"8468cc","origin":"","altitude":4198.62,"velocity":160.0949728,"heading":70.87,"onGround":false,"type":"A21N","desc":"","military":false}},{"type":"Feature","geometry":{"type":"Point","coordinates":[139.652242,36.349617]},"properties":{"callsign":"CPA830","hex":"780204","origin":"","altitude":10134.6,"velocity":262.8294396,"heading":59.67,"onGround":false,"type":"B77W","desc":"","military":false}},{"type":"Feature","geometry":{"type":"Point","coordinates":[139.685955,36.286423]},"properties":{"callsign":"JA7207","hex":"867ba7","origin":"","altitude":510.54,"velocity":39.6636324,"heading":279.71,"onGround":false,"type":"R22","desc":"","military":false}},{"type":"Feature","geometry":{"type":"Point","coordinates":[139.718796,35.177582]},"properties":{"callsign":"ONI01","hex":"ae4f24","origin":"","altitude":152.4,"velocity":59.109615600000005,"heading":35.07,"onGround":false,"type":"H60","desc":"","military":false}},{"type":"Feature","geometry":{"type":"Point","coordinates":[139.756908,35.884277]},"properties":{"callsign":"JNA206","hex":"71bf86","origin":"","altitude":7520.9400000000005,"velocity":217.50692320000002,"heading":284.66,"onGround":false,"type":"B738","desc":"","military":false}},{"type":"Feature","geometry":{"type":"Point","coordinates":[139.773302,35.55835]},"properties":{"callsign":"ANA678","hex":"846822","origin":"","altitude":45.72,"velocity":6.070439200000001,"heading":25.31,"onGround":true,"type":"A21N","desc":"","military":false}},{"type":"Feature","geometry":{"type":"Point","coordinates":[139.780718,35.550932]},"properties":{"callsign":"JA602J","hex":"861b06","origin":"","altitude":0,"velocity":0,"heading":59.06,"onGround":true,"type":"B763","desc":"","military":false}},{"type":"Feature","geometry":{"type":"Point","coordinates":[139.780952,35.550338]},"properties":{"callsign":"JAL577","hex":"851c42","origin":"","altitude":0,"velocity":1.9548872,"heading":25.31,"onGround":true,"type":"B738","desc":"","military":false}},{"type":"Feature","geometry":{"type":"Point","coordinates":[139.782442,35.544728]},"properties":{"callsign":"JA328J","hex":"8515a2","origin":"","altitude":0,"velocity":9.517214000000001,"heading":149.06,"onGround":true,"type":"B738","desc":"","military":false}},{"type":"Feature","geometry":{"type":"Point","coordinates":[139.782829,35.562458]},"properties":{"callsign":"ANA252","hex":"8733bc","origin":"","altitude":0,"velocity":5.041551200000001,"heading":129.93,"onGround":true,"type":"B789","desc":"","military":false}},{"type":"Feature","geometry":{"type":"Point","coordinates":[139.783216,35.546044]},"properties":{"callsign":"JAL236","hex":"8409ed","origin":"","altitude":0,"velocity":3.4982192,"heading":75.94,"onGround":true,"type":"B738","desc":"","military":false}},{"type":"Feature","geometry":{"type":"Point","coordinates":[139.783216,35.545441]},"properties":{"callsign":"JAL517","hex":"845d1c","origin":"","altitude":0,"velocity":0.0514444,"heading":329.06,"onGround":true,"type":"A359","desc":"","military":false}},{"type":"Feature","geometry":{"type":"Point","coordinates":[139.785461,35.53688]},"properties":{"callsign":"JAL92","hex":"86dcc4","origin":"","altitude":53.34,"velocity":74.9030464,"heading":329.91,"onGround":false,"type":"B788","desc":"","military":false}},{"type":"Feature","geometry":{"type":"Point","coordinates":[139.787497,35.556541]},"properties":{"callsign":"SNJ23","hex":"86cf4d","origin":"","altitude":0,"velocity":4.0126632,"heading":84.38,"onGround":true,"type":"B738","desc":"","military":false}},{"type":"Feature","geometry":{"type":"Point","coordinates":[139.789724,35.552879]},"properties":{"callsign":"JA608A","hex":"861bca","origin":"","altitude":0,"velocity":0.5658884000000001,"heading":0,"onGround":true,"type":"B763","desc":"","military":false}},{"type":"Feature","geometry":{"type":"Point","coordinates":[139.79223,35.545066]},"properties":{"callsign":"AAL175","hex":"a9a399","origin":"","altitude":0,"velocity":5.7617728,"heading":239.06,"onGround":true,"type":"B77W","desc":"","military":false}},{"type":"Feature","geometry":{"type":"Point","coordinates":[139.792414,35.554047]},"properties":{"callsign":"JAL48","hex":"868034","origin":"","altitude":0,"velocity":11.060546,"heading":149.06,"onGround":true,"type":"B77W","desc":"","military":false}},{"type":"Feature","geometry":{"type":"Point","coordinates":[139.804254,35.528726]},"properties":{"callsign":"ANA991","hex":"84b83e","origin":"","altitude":0,"velocity":7.973882000000001,"heading":222.19,"onGround":true,"type":"A20N","desc":"","military":false}},{"type":"Feature","geometry":{"type":"Point","coordinates":[139.808032,34.988297]},"properties":{"callsign":"SKY108","hex":"8681b6","origin":"","altitude":3817.6200000000003,"velocity":143.32409840000003,"heading":72.02,"onGround":false,"type":"B738","desc":"","military":false}},{"type":"Feature","geometry":{"type":"Point","coordinates":[139.809494,35.39502]},"properties":{"callsign":"ANA283","hex":"863c44","origin":"","altitude":3322.32,"velocity":147.7483168,"heading":232.21,"onGround":false,"type":"B738","desc":"","military":false}},{"type":"Feature","geometry":{"type":"Point","coordinates":[139.824108,35.51298]},"properties":{"callsign":"DAL167","hex":"a7563a","origin":"","altitude":259.08000000000004,"velocity":73.77126960000001,"heading":329.86,"onGround":false,"type":"A359","desc":"","military":false}},{"type":"Feature","geometry":{"type":"Point","coordinates":[139.837074,35.464096]},"properties":{"callsign":"JAL256","hex":"861ede","origin":"","altitude":510.54,"velocity":89.92481120000001,"heading":329.77,"onGround":false,"type":"B763","desc":"","military":false}},{"type":"Feature","geometry":{"type":"Point","coordinates":[139.89624,35.38028]},"properties":{"callsign":"PAL422","hex":"758306","origin":"","altitude":1120.14,"velocity":102.78591120000002,"heading":329.97,"onGround":false,"type":"A321","desc":"","military":false}},{"type":"Feature","geometry":{"type":"Point","coordinates":[139.927836,35.582793]},"properties":{"callsign":"JA246J","hex":"84c2be","origin":"","altitude":2788.92,"velocity":48.87218,"heading":5,"onGround":false,"type":"E190","desc":"","military":false}},{"type":"Feature","geometry":{"type":"Point","coordinates":[139.936601,35.353352]},"properties":{"callsign":"SNJ58","hex":"86d215","origin":"","altitude":1310.64,"velocity":99.802136,"heading":330,"onGround":false,"type":"B738","desc":"","military":false}},{"type":"Feature","geometry":{"type":"Point","coordinates":[139.955594,35.296279]},"properties":{"callsign":"CSN385","hex":"780f15","origin":"","altitude":1638.3000000000002,"velocity":103.24891079999999,"heading":330.11,"onGround":false,"type":"B77W","desc":"","military":false}},{"type":"Feature","geometry":{"type":"Point","coordinates":[139.958553,35.628067]},"properties":{"callsign":"JA06BK","hex":"8416ed","origin":"","altitude":350.52000000000004,"velocity":64.3055,"heading":253.74,"onGround":false,"type":"Unknown","desc":"","military":false}},{"type":"Feature","geometry":{"type":"Point","coordinates":[139.980488,35.921476]},"properties":{"callsign":"JA23NF","hex":"84c0c5","origin":"","altitude":274.32,"velocity":33.5417488,"heading":110.66,"onGround":false,"type":"R22","desc":"","military":false}},{"type":"Feature","geometry":{"type":"Point","coordinates":[140.003095,34.755157]},"properties":{"callsign":"JAL906","hex":"847628","origin":"","altitude":3634.7400000000002,"velocity":142.03798840000002,"heading":61.21,"onGround":false,"type":"Unknown","desc":"","military":false}},{"type":"Feature","geometry":{"type":"Point","coordinates":[140.01606,35.188697]},"properties":{"callsign":"ANA26","hex":"846bb6","origin":"","altitude":2034.5400000000002,"velocity":123.8266708,"heading":338.55,"onGround":false,"type":"A21N","desc":"","military":false}},{"type":"Feature","geometry":{"type":"Point","coordinates":[105.665572,20.646835]},"properties":{"callsign":"VJC128","hex":"88811b","origin":"","altitude":3520.44,"velocity":147.0280952,"heading":355.79,"onGround":false,"type":"A320","desc":"","military":false}},{"type":"Feature","geometry":{"type":"Point","coordinates":[105.695518,20.344492]},"properties":{"callsign":"MAS752","hex":"750592","origin":"","altitude":4572,"velocity":169.6121868,"heading":349.34,"onGround":false,"type":"B38M","desc":"","military":false}},{"type":"Feature","geometry":{"type":"Point","coordinates":[105.808492,19.759918]},"properties":{"callsign":"SPQ1206","hex":"888211","origin":"","altitude":8237.220000000001,"velocity":238.8563492,"heading":346.8,"onGround":false,"type":"A21N","desc":"","military":false}},{"type":"Feature","geometry":{"type":"Point","coordinates":[105.919489,21.462341]},"properties":{"callsign":"HVN417","hex":"88818c","origin":"","altitude":2644.1400000000003,"velocity":0,"heading":0,"onGround":false,"type":"B78X","desc":"","military":false}},{"type":"Feature","geometry":{"type":"Point","coordinates":[105.988353,21.007349]},"properties":{"callsign":"VJC451","hex":"888126","origin":"","altitude":2674.6200000000003,"velocity":179.18084520000002,"heading":168.24,"onGround":false,"type":"A320","desc":"","military":false}},{"type":"Feature","geometry":{"type":"Point","coordinates":[106.021262,19.098707]},"properties":{"callsign":"HVN1590","hex":"888052","origin":"","altitude":8770.62,"velocity":211.23070640000003,"heading":336.31,"onGround":false,"type":"A321","desc":"","military":false}},{"type":"Feature","geometry":{"type":"Point","coordinates":[106.039689,19.645091]},"properties":{"callsign":"HVN210","hex":"8880e6","origin":"","altitude":9875.52,"velocity":219.7704768,"heading":334.63,"onGround":false,"type":"A359","desc":"","military":false}},{"type":"Feature","geometry":{"type":"Point","coordinates":[106.218916,20.18519]},"properties":{"callsign":"VJC565","hex":"88814f","origin":"","altitude":7444.740000000001,"velocity":215.60348040000002,"heading":154.72,"onGround":false,"type":"A321","desc":"","military":false}},{"type":"Feature","geometry":{"type":"Point","coordinates":[106.302439,21.78938]},"properties":{"callsign":"HVN311","hex":"88818e","origin":"","altitude":4556.76,"velocity":201.404826,"heading":208.2,"onGround":false,"type":"B78X","desc":"","military":false}},{"type":"Feature","geometry":{"type":"Point","coordinates":[106.386697,20.109146]},"properties":{"callsign":"NWS3687","hex":"152079","origin":"","altitude":12397.74,"velocity":247.704786,"heading":159.83,"onGround":false,"type":"A333","desc":"","military":false}},{"type":"Feature","geometry":{"type":"Point","coordinates":[106.399841,21.58213]},"properties":{"callsign":"CAL792","hex":"8991b5","origin":"","altitude":5692.14,"velocity":201.45627040000002,"heading":56.35,"onGround":false,"type":"A333","desc":"","military":false}},{"type":"Feature","geometry":{"type":"Point","coordinates":[106.446983,21.924728]},"properties":{"callsign":"THA614","hex":"885114","origin":"","altitude":12062.460000000001,"velocity":255.8330012,"heading":65.91,"onGround":false,"type":"A359","desc":"","military":false}},{"type":"Feature","geometry":{"type":"Point","coordinates":[106.508806,19.687733]},"properties":{"callsign":"VJC133","hex":"8881a7","origin":"","altitude":7993.38,"velocity":225.840916,"heading":159.05,"onGround":false,"type":"A321","desc":"","military":false}},{"type":"Feature","geometry":{"type":"Point","coordinates":[106.663758,19.922516]},"properties":{"callsign":"VJC730","hex":"888173","origin":"","altitude":4457.7,"velocity":191.0645016,"heading":353.51,"onGround":false,"type":"A321","desc":"","military":false}},{"type":"Feature","geometry":{"type":"Point","coordinates":[106.676216,19.116165]},"properties":{"callsign":"VJC274","hex":"888225","origin":"","altitude":6530.34,"velocity":226.7154708,"heading":8.35,"onGround":false,"type":"Unknown","desc":"","military":false}},{"type":"Feature","geometry":{"type":"Point","coordinates":[106.922329,18.739014]},"properties":{"callsign":"VJC507","hex":"8880e9","origin":"","altitude":9113.52,"velocity":238.13612759999998,"heading":156.04,"onGround":false,"type":"A321","desc":"","military":false}},{"type":"Feature","geometry":{"type":"Point","coordinates":[106.981468,20.365533]},"properties":{"callsign":"VJC721","hex":"888157","origin":"","altitude":4305.3,"velocity":196.0546084,"heading":173.98,"onGround":false,"type":"A321","desc":"","military":false}},{"type":"Feature","geometry":{"type":"Point","coordinates":[107.112274,22.614146]},"properties":{"callsign":"CES205","hex":"78167f","origin":"","altitude":11087.1,"velocity":239.473682,"heading":238.53,"onGround":false,"type":"B38M","desc":"","military":false}},{"type":"Feature","geometry":{"type":"Point","coordinates":[107.26057,23.246109]},"properties":{"callsign":"CES5732","hex":"780db9","origin":"","altitude":10873.74,"velocity":231.757022,"heading":301.29,"onGround":false,"type":"B738","desc":"","military":false}},{"type":"Feature","geometry":{"type":"Point","coordinates":[107.268301,18.42366]},"properties":{"callsign":"HKE739","hex":"789296","origin":"","altitude":10759.44,"velocity":230.62524520000002,"heading":101.71,"onGround":false,"type":"A21N","desc":"","military":false}},{"type":"Feature","geometry":{"type":"Point","coordinates":[107.972434,22.537811]},"properties":{"callsign":"CUA2995","hex":"780d62","origin":"","altitude":8625.84,"velocity":218.6901444,"heading":140.92,"onGround":false,"type":"B738","desc":"","military":false}},{"type":"Feature","geometry":{"type":"Point","coordinates":[108.044045,22.678848]},"properties":{"callsign":"CHH7271","hex":"78141c","origin":"","altitude":8961.12,"velocity":224.1946952,"heading":313.33,"onGround":false,"type":"B738","desc":"","military":false}},{"type":"Feature","geometry":{"type":"Point","coordinates":[109.269284,20.692108]},"properties":{"callsign":"CSN8909","hex":"780c3d","origin":"","altitude":10477.5,"velocity":236.8500176,"heading":184.48,"onGround":false,"type":"A320","desc":"","military":false}},{"type":"Feature","geometry":{"type":"Point","coordinates":[111.552938,21.886535]},"properties":{"callsign":"CSH842","hex":"781300","origin":"","altitude":11460.480000000001,"velocity":229.18480200000002,"heading":45,"onGround":false,"type":"B38M","desc":"","military":false}},{"type":"Feature","geometry":{"type":"Point","coordinates":[112.145541,21.777924]},"properties":{"callsign":"CBJ5131","hex":"780d7e","origin":"","altitude":10096.5,"velocity":235.87257400000001,"heading":227.12,"onGround":false,"type":"A320","desc":"","military":false}},{"type":"Feature","geometry":{"type":"Point","coordinates":[112.419051,23.08429]},"properties":{"callsign":"CDG2240","hex":"78111e","origin":"","altitude":10134.6,"velocity":234.84368600000002,"heading":102.91,"onGround":false,"type":"B738","desc":"","military":false}},{"type":"Feature","geometry":{"type":"Point","coordinates":[112.427775,21.640413]},"properties":{"callsign":"CBJ5098","hex":"780c0a","origin":"","altitude":7665.72,"velocity":216.99247920000002,"heading":242.16,"onGround":false,"type":"A320","desc":"","military":false}},{"type":"Feature","geometry":{"type":"Point","coordinates":[112.542897,22.125687]},"properties":{"callsign":"CXA8781","hex":"781192","origin":"","altitude":11117.58,"velocity":238.2904608,"heading":225.61,"onGround":false,"type":"B738","desc":"","military":false}},{"type":"Feature","geometry":{"type":"Point","coordinates":[112.79693,22.34642]},"properties":{"callsign":"CSZ8980","hex":"782251","origin":"","altitude":2887.98,"velocity":151.9153132,"heading":87.48,"onGround":false,"type":"A20N","desc":"","military":false}},{"type":"Feature","geometry":{"type":"Point","coordinates":[112.876027,23.043637]},"properties":{"callsign":"CSN3858","hex":"78099b","origin":"","altitude":9479.28,"velocity":223.3715848,"heading":94.23,"onGround":false,"type":"B738","desc":"","military":false}},{"type":"Feature","geometry":{"type":"Point","coordinates":[113.065746,22.37677]},"properties":{"callsign":"CSN3192","hex":"780487","origin":"","altitude":2682.2400000000002,"velocity":150.732092,"heading":69.83,"onGround":false,"type":"A321","desc":"","military":false}},{"type":"Feature","geometry":{"type":"Point","coordinates":[113.117218,22.480402]},"properties":{"callsign":"HVN592","hex":"888090","origin":"","altitude":6126.4800000000005,"velocity":198.7811616,"heading":140.46,"onGround":false,"type":"A321","desc":"","military":false}},{"type":"Feature","geometry":{"type":"Point","coordinates":[113.227743,22.868554]},"properties":{"callsign":"CPA250","hex":"78022e","origin":"","altitude":8633.460000000001,"velocity":210.0474852,"heading":177.89,"onGround":false,"type":"B77W","desc":"","military":false}},{"type":"Feature","geometry":{"type":"Point","coordinates":[113.308462,22.386785]},"properties":{"callsign":"CSZ9606","hex":"780b20","origin":"","altitude":2164.08,"velocity":132.726552,"heading":23.29,"onGround":false,"type":"A320","desc":"","military":false}},{"type":"Feature","geometry":{"type":"Point","coordinates":[113.365326,22.231906]},"properties":{"callsign":"CKS701","hex":"aab841","origin":"","altitude":7498.08,"velocity":208.2469312,"heading":154.7,"onGround":false,"type":"B77W","desc":"","military":false}},{"type":"Feature","geometry":{"type":"Point","coordinates":[113.374176,22.457824]},"properties":{"callsign":"CSN6234","hex":"7805cc","origin":"","altitude":1615.44,"velocity":138.2825472,"heading":66.77,"onGround":false,"type":"A320","desc":"","military":false}},{"type":"Feature","geometry":{"type":"Point","coordinates":[113.39209,22.148026]},"properties":{"callsign":"CPA347","hex":"78018f","origin":"","altitude":6286.5,"velocity":216.7352572,"heading":166.69,"onGround":false,"type":"A333","desc":"","military":false}},{"type":"Feature","geometry":{"type":"Point","coordinates":[113.410695,22.670661]},"properties":{"callsign":"B-LBI","hex":"780a93","origin":"","altitude":7117.08,"velocity":206.18915520000002,"heading":187.89,"onGround":false,"type":"A333","desc":"","military":false}},{"type":"Feature","geometry":{"type":"Point","coordinates":[113.412577,22.040762]},"properties":{"callsign":"B-1833","hex":"780c46","origin":"","altitude":647.7,"velocity":93.4744748,"heading":45.22,"onGround":false,"type":"A321","desc":"","military":false}},{"type":"Feature","geometry":{"type":"Point","coordinates":[113.588396,21.858307]},"properties":{"callsign":"MAS319","hex":"750260","origin":"","altitude":10485.12,"velocity":249.2995624,"heading":193.12,"onGround":false,"type":"A333","desc":"","military":false}},{"type":"Feature","geometry":{"type":"Point","coordinates":[113.591991,22.147888]},"properties":{"callsign":"CES7403","hex":"781b3b","origin":"","altitude":0,"velocity":68.9869404,"heading":341.29,"onGround":true,"type":"A20N","desc":"","military":false}},{"type":"Feature","geometry":{"type":"Point","coordinates":[113.626811,22.257463]},"properties":{"callsign":"CES2951","hex":"78064c","origin":"","altitude":3596.6400000000003,"velocity":157.419864,"heading":39.83,"onGround":false,"type":"A320","desc":"","military":false}},{"type":"Feature","geometry":{"type":"Point","coordinates":[113.647003,22.172412]},"properties":{"callsign":"SAG20C","hex":"78233d","origin":"","altitude":175.26000000000002,"velocity":66.00316520000001,"heading":338.03,"onGround":false,"type":"S92","desc":"","military":false}},{"type":"Feature","geometry":{"type":"Point","coordinates":[113.863453,21.999985]},"properties":{"callsign":"CDC8231","hex":"781cb8","origin":"","altitude":11148.060000000001,"velocity":243.7435672,"heading":266.61,"onGround":false,"type":"A21N","desc":"","military":false}},{"type":"Feature","geometry":{"type":"Point","coordinates":[113.984884,21.853436]},"properties":{"callsign":"B8288","hex":"78081e","origin":"","altitude":2293.62,"velocity":145.63909640000003,"heading":88.38,"onGround":false,"type":"GLF5","desc":"","military":false}},{"type":"Feature","geometry":{"type":"Point","coordinates":[-50.025956,-12.624501]},"properties":{"callsign":"TAM8190","hex":"e80475","origin":"","altitude":11681.460000000001,"velocity":255.93589,"heading":343.9,"onGround":false,"type":"B789","desc":"","military":false}},{"type":"Feature","geometry":{"type":"Point","coordinates":[-49.073856,-13.818194]},"properties":{"callsign":"GTI055","hex":"a6189c","origin":"","altitude":11353.800000000001,"velocity":252.9521148,"heading":148.9,"onGround":false,"type":"B744","desc":"","military":false}},{"type":"Feature","geometry":{"type":"Point","coordinates":[21.879845,-34.114364]},"properties":{"callsign":"LNK671D","hex":"00acab","origin":"","altitude":11422.380000000001,"velocity":275.1760956,"heading":93.32,"onGround":false,"type":"E295","desc":"","military":false}},{"type":"Feature","geometry":{"type":"Point","coordinates":[25.792255,-31.988324]},"properties":{"callsign":"SFR160","hex":"00b097","origin":"","altitude":11795.76,"velocity":271.111988,"heading":70.26,"onGround":false,"type":"B738","desc":"","military":false}}],"meta":{"theater":"global","count":1357,"fetchedAt":"2026-08-17T04:54:29.546Z","source":"adsb-snapshot","coverage":"worldwide","collectedAt":"2026-08-17T04:54:29.547Z","refreshHint":"npm run refresh:flights (runs before every deploy)"}}
