{"type":"FeatureCollection","features":[{"type":"Feature","geometry":{"type":"Point","coordinates":[6.3469,47.3149]},"properties":{"callsign":"TVF73JT","hex":"39de4f","origin":"France","altitude":10058.4,"velocity":196.34,"heading":280.72,"onGround":false,"type":"Unknown","desc":"OpenSky cat 0","military":false,"spi":false,"category":0,"source":"opensky"}},{"type":"Feature","geometry":{"type":"Point","coordinates":[2.6003,48.7637]},"properties":{"callsign":"TVF24SV","hex":"39de59","origin":"France","altitude":861.06,"velocity":94.48,"heading":254.53,"onGround":false,"type":"Unknown","desc":"OpenSky cat 0","military":false,"spi":false,"category":0,"source":"opensky"}},{"type":"Feature","geometry":{"type":"Point","coordinates":[8.5975,50.524]},"properties":{"callsign":"UAL59","hex":"aa9300","origin":"United States","altitude":4671.06,"velocity":210.03,"heading":23.99,"onGround":false,"type":"No emitter category","desc":"OpenSky cat 1","military":false,"spi":false,"category":1,"source":"opensky"}},{"type":"Feature","geometry":{"type":"Point","coordinates":[3.7633,48.0081]},"properties":{"callsign":"EZY92XM","hex":"407a05","origin":"United Kingdom","altitude":11590.02,"velocity":220.25,"heading":334.99,"onGround":false,"type":"Unknown","desc":"OpenSky cat 0","military":false,"spi":false,"category":0,"source":"opensky"}},{"type":"Feature","geometry":{"type":"Point","coordinates":[0.0417,46.0466]},"properties":{"callsign":"TVF77YP","hex":"39de47","origin":"France","altitude":10911.84,"velocity":245.02,"heading":26.57,"onGround":false,"type":"Unknown","desc":"OpenSky cat 0","military":false,"spi":false,"category":0,"source":"opensky"}},{"type":"Feature","geometry":{"type":"Point","coordinates":[1.8787,46.9291]},"properties":{"callsign":"TVF24ZY","hex":"39de49","origin":"France","altitude":11102.34,"velocity":211.24,"heading":194.24,"onGround":false,"type":"Unknown","desc":"OpenSky cat 0","military":false,"spi":false,"category":0,"source":"opensky"}},{"type":"Feature","geometry":{"type":"Point","coordinates":[1.705,48.3388]},"properties":{"callsign":"TVF47DB","hex":"39de40","origin":"France","altitude":3924.3,"velocity":172.54,"heading":29.47,"onGround":false,"type":"Unknown","desc":"OpenSky cat 0","military":false,"spi":false,"category":0,"source":"opensky"}},{"type":"Feature","geometry":{"type":"Point","coordinates":[2.3858,48.7357]},"properties":{"callsign":"TVF18AR","hex":"39de41","origin":"France","altitude":0,"velocity":32.92,"heading":199.69,"onGround":true,"type":"Unknown","desc":"OpenSky cat 0","military":false,"spi":false,"category":0,"source":"opensky"}},{"type":"Feature","geometry":{"type":"Point","coordinates":[6.0765,46.7174]},"properties":{"callsign":"TVF36VX","hex":"39de44","origin":"France","altitude":10363.2,"velocity":203.68,"heading":292.42,"onGround":false,"type":"Unknown","desc":"OpenSky cat 0","military":false,"spi":false,"category":0,"source":"opensky"}},{"type":"Feature","geometry":{"type":"Point","coordinates":[11.4085,51.0041]},"properties":{"callsign":"MBU9AG","hex":"511188","origin":"Estonia","altitude":5646.42,"velocity":191.5,"heading":220.75,"onGround":false,"type":"Unknown","desc":"OpenSky cat 0","military":false,"spi":false,"category":0,"source":"opensky"}},{"type":"Feature","geometry":{"type":"Point","coordinates":[7.0942,51.4188]},"properties":{"callsign":"CFG9VK","hex":"511189","origin":"Estonia","altitude":914.4,"velocity":101.06,"heading":286.87,"onGround":false,"type":"Unknown","desc":"OpenSky cat 0","military":false,"spi":false,"category":0,"source":"opensky"}},{"type":"Feature","geometry":{"type":"Point","coordinates":[10.4582,49.477]},"properties":{"callsign":"NSZ3YT","hex":"4acb04","origin":"Sweden","altitude":10972.8,"velocity":213.15,"heading":218.34,"onGround":false,"type":"Unknown","desc":"OpenSky cat 0","military":false,"spi":false,"category":0,"source":"opensky"}},{"type":"Feature","geometry":{"type":"Point","coordinates":[6.133,51.8151]},"properties":{"callsign":"PGT61V","hex":"4bc8c3","origin":"Turkey","altitude":7162.8,"velocity":227.67,"heading":131.98,"onGround":false,"type":"Unknown","desc":"OpenSky cat 0","military":false,"spi":false,"category":0,"source":"opensky"}},{"type":"Feature","geometry":{"type":"Point","coordinates":[5.0961,45.663]},"properties":{"callsign":"PGT835Z","hex":"4bc8c1","origin":"Turkey","altitude":464.82,"velocity":69.82,"heading":354.08,"onGround":false,"type":"Unknown","desc":"OpenSky cat 0","military":false,"spi":false,"category":0,"source":"opensky"}},{"type":"Feature","geometry":{"type":"Point","coordinates":[3.1565,49.5179]},"properties":{"callsign":"CFG4AV","hex":"511171","origin":"Estonia","altitude":10660.38,"velocity":200.87,"heading":240.55,"onGround":false,"type":"Unknown","desc":"OpenSky cat 0","military":false,"spi":false,"category":0,"source":"opensky"}},{"type":"Feature","geometry":{"type":"Point","coordinates":[8.5666,48.0592]},"properties":{"callsign":"MBU3SD","hex":"511195","origin":"Estonia","altitude":10668,"velocity":212.27,"heading":222.54,"onGround":false,"type":"Unknown","desc":"OpenSky cat 0","military":false,"spi":false,"category":0,"source":"opensky"}},{"type":"Feature","geometry":{"type":"Point","coordinates":[0.1806,51.1712]},"properties":{"callsign":"TOM9VD","hex":"407a3f","origin":"United Kingdom","altitude":3497.58,"velocity":195.56,"heading":91.51,"onGround":false,"type":"Unknown","desc":"OpenSky cat 0","military":false,"spi":false,"category":0,"source":"opensky"}},{"type":"Feature","geometry":{"type":"Point","coordinates":[12.9838,51.5511]},"properties":{"callsign":"MBU7HQ","hex":"511194","origin":"Estonia","altitude":11574.78,"velocity":208.66,"heading":328.82,"onGround":false,"type":"Unknown","desc":"OpenSky cat 0","military":false,"spi":false,"category":0,"source":"opensky"}},{"type":"Feature","geometry":{"type":"Point","coordinates":[12.822,52.1461]},"properties":{"callsign":"ESCHE","hex":"51117d","origin":"Estonia","altitude":12496.8,"velocity":191.72,"heading":210.83,"onGround":false,"type":"Unknown","desc":"OpenSky cat 0","military":false,"spi":false,"category":0,"source":"opensky"}},{"type":"Feature","geometry":{"type":"Point","coordinates":[11.3641,52.4686]},"properties":{"callsign":"DEEOD","hex":"3d10a7","origin":"Germany","altitude":967.74,"velocity":68.54,"heading":35.84,"onGround":false,"type":"Unknown","desc":"OpenSky cat 0","military":false,"spi":false,"category":0,"source":"opensky"}},{"type":"Feature","geometry":{"type":"Point","coordinates":[10.1156,59.9793]},"properties":{"callsign":"SAS804","hex":"4acb45","origin":"Sweden","altitude":4503.42,"velocity":163.31,"heading":16.09,"onGround":false,"type":"Unknown","desc":"OpenSky cat 0","military":false,"spi":false,"category":0,"source":"opensky"}},{"type":"Feature","geometry":{"type":"Point","coordinates":[6.0572,52.2417]},"properties":{"callsign":"OEFDI","hex":"440261","origin":"Austria","altitude":0,"velocity":4.12,"heading":87.19,"onGround":true,"type":"Unknown","desc":"OpenSky cat 0","military":false,"spi":false,"category":0,"source":"opensky"}},{"type":"Feature","geometry":{"type":"Point","coordinates":[12.8971,49.3122]},"properties":{"callsign":"FCA1MA","hex":"470bc8","origin":"Hungary","altitude":10576.56,"velocity":243.01,"heading":135.69,"onGround":false,"type":"Unknown","desc":"OpenSky cat 0","military":false,"spi":false,"category":0,"source":"opensky"}},{"type":"Feature","geometry":{"type":"Point","coordinates":[52.9145,25.3447]},"properties":{"callsign":"AXB374","hex":"80162c","origin":"India","altitude":11887.2,"velocity":231.43,"heading":121.64,"onGround":false,"type":"Unknown","desc":"OpenSky cat 0","military":false,"spi":false,"category":0,"source":"opensky"}},{"type":"Feature","geometry":{"type":"Point","coordinates":[54.5058,25.0006]},"properties":{"callsign":"AXB848","hex":"80162d","origin":"India","altitude":10668,"velocity":25.23,"heading":339.72,"onGround":false,"type":"Unknown","desc":"OpenSky cat 0","military":false,"spi":false,"category":0,"source":"opensky"}},{"type":"Feature","geometry":{"type":"Point","coordinates":[49.7286,23.3211]},"properties":{"callsign":"VTTUS","hex":"801628","origin":"India","altitude":12519.66,"velocity":247.27,"heading":92.98,"onGround":false,"type":"Unknown","desc":"OpenSky cat 0","military":false,"spi":false,"category":0,"source":"opensky"}},{"type":"Feature","geometry":{"type":"Point","coordinates":[56.6548,22.6886]},"properties":{"callsign":"AIC2243","hex":"801625","origin":"India","altitude":10972.8,"velocity":243.44,"heading":242.57,"onGround":false,"type":"Unknown","desc":"OpenSky cat 0","military":false,"spi":false,"category":0,"source":"opensky"}},{"type":"Feature","geometry":{"type":"Point","coordinates":[54.6658,23.7999]},"properties":{"callsign":"T7YMA","hex":"50037b","origin":"San Marino","altitude":4114.8,"velocity":41.21,"heading":177.14,"onGround":false,"type":"Unknown","desc":"OpenSky cat 0","military":false,"spi":false,"category":0,"source":"opensky"}},{"type":"Feature","geometry":{"type":"Point","coordinates":[54.5043,24.9953]},"properties":{"callsign":"AXB354","hex":"800448","origin":"India","altitude":4267.2,"velocity":117.06,"heading":188.59,"onGround":false,"type":"Unknown","desc":"OpenSky cat 0","military":false,"spi":false,"category":0,"source":"opensky"}},{"type":"Feature","geometry":{"type":"Point","coordinates":[55.1673,25.4167]},"properties":{"callsign":"FYC744","hex":"778823","origin":"Syrian Arab Republic","altitude":2263.14,"velocity":152.42,"heading":245.68,"onGround":false,"type":"Unknown","desc":"OpenSky cat 0","military":false,"spi":false,"category":0,"source":"opensky"}},{"type":"Feature","geometry":{"type":"Point","coordinates":[54.502,25.0032]},"properties":{"callsign":"AKJ585","hex":"8016a1","origin":"India","altitude":5753.1,"velocity":24.83,"heading":283.17,"onGround":false,"type":"Unknown","desc":"OpenSky cat 0","military":false,"spi":false,"category":0,"source":"opensky"}},{"type":"Feature","geometry":{"type":"Point","coordinates":[54.4927,25.0029]},"properties":{"callsign":"AXB611","hex":"8003b2","origin":"India","altitude":6858,"velocity":487.41,"heading":310.63,"onGround":false,"type":"Unknown","desc":"OpenSky cat 0","military":false,"spi":false,"category":0,"source":"opensky"}},{"type":"Feature","geometry":{"type":"Point","coordinates":[54.5062,24.9992]},"properties":{"callsign":"AIC159","hex":"8003e2","origin":"India","altitude":10363.2,"velocity":25.22,"heading":348.23,"onGround":false,"type":"Unknown","desc":"OpenSky cat 0","military":false,"spi":false,"category":0,"source":"opensky"}},{"type":"Feature","geometry":{"type":"Point","coordinates":[47.8568,21.3126]},"properties":{"callsign":"UAE7V","hex":"896191","origin":"United Arab Emirates","altitude":8976.36,"velocity":693.47,"heading":229.3,"onGround":false,"type":"Unknown","desc":"OpenSky cat 0","military":false,"spi":false,"category":0,"source":"opensky"}},{"type":"Feature","geometry":{"type":"Point","coordinates":[54.5062,24.9995]},"properties":{"callsign":"DAM21A","hex":"50013f","origin":"San Marino","altitude":8534.4,"velocity":25.12,"heading":349.38,"onGround":false,"type":"Unknown","desc":"OpenSky cat 0","military":false,"spi":false,"category":0,"source":"opensky"}},{"type":"Feature","geometry":{"type":"Point","coordinates":[51.1547,26.4393]},"properties":{"callsign":"ETD571","hex":"8961eb","origin":"United Arab Emirates","altitude":4876.8,"velocity":180.57,"heading":247.38,"onGround":false,"type":"Unknown","desc":"OpenSky cat 0","military":false,"spi":false,"category":0,"source":"opensky"}},{"type":"Feature","geometry":{"type":"Point","coordinates":[53.7226,26.2557]},"properties":{"callsign":"AIC31A","hex":"8017f7","origin":"India","altitude":10965.18,"velocity":12.52,"heading":80.54,"onGround":false,"type":"Unknown","desc":"OpenSky cat 0","military":false,"spi":false,"category":0,"source":"opensky"}},{"type":"Feature","geometry":{"type":"Point","coordinates":[54.4102,25.021]},"properties":{"callsign":"UAE546","hex":"89620f","origin":"United Arab Emirates","altitude":7757.16,"velocity":20.71,"heading":165.62,"onGround":false,"type":"Unknown","desc":"OpenSky cat 0","military":false,"spi":false,"category":0,"source":"opensky"}},{"type":"Feature","geometry":{"type":"Point","coordinates":[54.505,24.9955]},"properties":{"callsign":"ABY369","hex":"896413","origin":"United Arab Emirates","altitude":1844.04,"velocity":25.23,"heading":50.79,"onGround":false,"type":"Unknown","desc":"OpenSky cat 0","military":false,"spi":false,"category":0,"source":"opensky"}},{"type":"Feature","geometry":{"type":"Point","coordinates":[54.2746,25.1045]},"properties":{"callsign":"AIC153","hex":"8005f4","origin":"India","altitude":12184.38,"velocity":28.68,"heading":32.55,"onGround":false,"type":"Unknown","desc":"OpenSky cat 0","military":false,"spi":false,"category":0,"source":"opensky"}},{"type":"Feature","geometry":{"type":"Point","coordinates":[51.5466,26.6299]},"properties":{"callsign":"ABY834","hex":"896383","origin":"United Arab Emirates","altitude":11277.6,"velocity":233.34,"heading":109.71,"onGround":false,"type":"Unknown","desc":"OpenSky cat 0","military":false,"spi":false,"category":0,"source":"opensky"}},{"type":"Feature","geometry":{"type":"Point","coordinates":[56.5523,24.8148]},"properties":{"callsign":"SEJ051","hex":"8005d5","origin":"India","altitude":6088.38,"velocity":176.81,"heading":301.19,"onGround":false,"type":"Unknown","desc":"OpenSky cat 0","military":false,"spi":false,"category":0,"source":"opensky"}},{"type":"Feature","geometry":{"type":"Point","coordinates":[54.5062,24.9997]},"properties":{"callsign":"ETD843","hex":"896326","origin":"United Arab Emirates","altitude":8229.6,"velocity":25.54,"heading":350.73,"onGround":false,"type":"Unknown","desc":"OpenSky cat 0","military":false,"spi":false,"category":0,"source":"opensky"}},{"type":"Feature","geometry":{"type":"Point","coordinates":[54.5,24.9943]},"properties":{"callsign":"UAE3JP","hex":"896309","origin":"United Arab Emirates","altitude":9753.6,"velocity":25.06,"heading":109.18,"onGround":false,"type":"No emitter category","desc":"OpenSky cat 1","military":false,"spi":false,"category":1,"source":"opensky"}},{"type":"Feature","geometry":{"type":"Point","coordinates":[57.7448,23.6518]},"properties":{"callsign":"UAE659","hex":"896312","origin":"United Arab Emirates","altitude":11582.4,"velocity":262.99,"heading":307.05,"onGround":false,"type":"Unknown","desc":"OpenSky cat 0","military":false,"spi":false,"category":0,"source":"opensky"}},{"type":"Feature","geometry":{"type":"Point","coordinates":[49.2765,22.6499]},"properties":{"callsign":"UAE121","hex":"896310","origin":"United Arab Emirates","altitude":9753.6,"velocity":61.5,"heading":70.96,"onGround":false,"type":"Unknown","desc":"OpenSky cat 0","military":false,"spi":false,"category":0,"source":"opensky"}},{"type":"Feature","geometry":{"type":"Point","coordinates":[-64.784,-29.7307]},"properties":{"callsign":"LAN543","hex":"e8027b","origin":"Chile","altitude":12496.8,"velocity":247.76,"heading":143.27,"onGround":false,"type":"Unknown","desc":"OpenSky cat 0","military":false,"spi":false,"category":0,"source":"opensky"}},{"type":"Feature","geometry":{"type":"Point","coordinates":[-63.4621,-28.4426]},"properties":{"callsign":"LPE2433","hex":"e8041b","origin":"Chile","altitude":10355.58,"velocity":212.21,"heading":317.06,"onGround":false,"type":"No emitter category","desc":"OpenSky cat 1","military":false,"spi":false,"category":1,"source":"opensky"}},{"type":"Feature","geometry":{"type":"Point","coordinates":[-62.9315,-28.9433]},"properties":{"callsign":"ARG1460","hex":"e03613","origin":"Argentina","altitude":10629.9,"velocity":207.43,"heading":316.61,"onGround":false,"type":"Unknown","desc":"OpenSky cat 0","military":false,"spi":false,"category":0,"source":"opensky"}},{"type":"Feature","geometry":{"type":"Point","coordinates":[-76.6154,-12.4296]},"properties":{"callsign":"LPE2103","hex":"e8027d","origin":"Chile","altitude":6210.3,"velocity":201.78,"heading":132.11,"onGround":false,"type":"Unknown","desc":"OpenSky cat 0","military":false,"spi":false,"category":0,"source":"opensky"}},{"type":"Feature","geometry":{"type":"Point","coordinates":[-76.1319,-12.6638]},"properties":{"callsign":"LPE2005","hex":"e80270","origin":"Chile","altitude":7818.12,"velocity":197.63,"heading":116.1,"onGround":false,"type":"Unknown","desc":"OpenSky cat 0","military":false,"spi":false,"category":0,"source":"opensky"}},{"type":"Feature","geometry":{"type":"Point","coordinates":[-76.4139,-14.6402]},"properties":{"callsign":"LPE2370","hex":"e80276","origin":"Chile","altitude":10965.18,"velocity":232.1,"heading":345.1,"onGround":false,"type":"Unknown","desc":"OpenSky cat 0","military":false,"spi":false,"category":0,"source":"opensky"}},{"type":"Feature","geometry":{"type":"Point","coordinates":[-79.4248,-7.9548]},"properties":{"callsign":"LPE2272","hex":"e8026f","origin":"Chile","altitude":7284.72,"velocity":201.72,"heading":358.68,"onGround":false,"type":"Unknown","desc":"OpenSky cat 0","military":false,"spi":false,"category":0,"source":"opensky"}},{"type":"Feature","geometry":{"type":"Point","coordinates":[-78.5458,-9.1044]},"properties":{"callsign":"LPE2132","hex":"e8026a","origin":"Chile","altitude":8244.84,"velocity":215.06,"heading":151.11,"onGround":false,"type":"Unknown","desc":"OpenSky cat 0","military":false,"spi":false,"category":0,"source":"opensky"}},{"type":"Feature","geometry":{"type":"Point","coordinates":[-77.1313,-12.0117]},"properties":{"callsign":"LPE2469","hex":"e80211","origin":"Chile","altitude":22.86,"velocity":73.17,"heading":154.16,"onGround":false,"type":"Unknown","desc":"OpenSky cat 0","military":false,"spi":false,"category":0,"source":"opensky"}},{"type":"Feature","geometry":{"type":"Point","coordinates":[-79.7463,-7.068]},"properties":{"callsign":"LPE2302","hex":"e80205","origin":"Chile","altitude":10980.42,"velocity":231.23,"heading":337.09,"onGround":false,"type":"Unknown","desc":"OpenSky cat 0","military":false,"spi":false,"category":0,"source":"opensky"}},{"type":"Feature","geometry":{"type":"Point","coordinates":[-78.845,-0.5529]},"properties":{"callsign":"LCO1614","hex":"a6e055","origin":"United States","altitude":10972.8,"velocity":227.16,"heading":33.08,"onGround":false,"type":"Unknown","desc":"OpenSky cat 0","military":false,"spi":false,"category":0,"source":"opensky"}},{"type":"Feature","geometry":{"type":"Point","coordinates":[-78.4809,-0.363]},"properties":{"callsign":"GTI8413","hex":"ababb7","origin":"United States","altitude":4648.2,"velocity":108.16,"heading":152.22,"onGround":false,"type":"Unknown","desc":"OpenSky cat 0","military":false,"spi":false,"category":0,"source":"opensky"}},{"type":"Feature","geometry":{"type":"Point","coordinates":[-79.3476,-8.3809]},"properties":{"callsign":"LPE2251","hex":"e8047b","origin":"Chile","altitude":10980.42,"velocity":231.22,"heading":333.15,"onGround":false,"type":"Unknown","desc":"OpenSky cat 0","military":false,"spi":false,"category":0,"source":"opensky"}},{"type":"Feature","geometry":{"type":"Point","coordinates":[-78.9666,-0.7408]},"properties":{"callsign":"ARE4902","hex":"e8043e","origin":"Chile","altitude":11277.6,"velocity":236,"heading":213.17,"onGround":false,"type":"Unknown","desc":"OpenSky cat 0","military":false,"spi":false,"category":0,"source":"opensky"}},{"type":"Feature","geometry":{"type":"Point","coordinates":[-77.2245,-11.3016]},"properties":{"callsign":"LPE2291","hex":"e80477","origin":"Chile","altitude":6842.76,"velocity":210.94,"heading":344.44,"onGround":false,"type":"Unknown","desc":"OpenSky cat 0","military":false,"spi":false,"category":0,"source":"opensky"}},{"type":"Feature","geometry":{"type":"Point","coordinates":[-77.1223,-12.0107]},"properties":{"callsign":"LPE2032","hex":"e8046a","origin":"Chile","altitude":0,"velocity":9.26,"heading":334.69,"onGround":true,"type":"Unknown","desc":"OpenSky cat 0","military":false,"spi":false,"category":0,"source":"opensky"}},{"type":"Feature","geometry":{"type":"Point","coordinates":[-77.1835,-11.9057]},"properties":{"callsign":"LPE2376","hex":"e80484","origin":"Chile","altitude":640.08,"velocity":92.5,"heading":154.29,"onGround":false,"type":"Unknown","desc":"OpenSky cat 0","military":false,"spi":false,"category":0,"source":"opensky"}},{"type":"Feature","geometry":{"type":"Point","coordinates":[-77.01,-11.6423]},"properties":{"callsign":"LPE2263","hex":"e80415","origin":"Chile","altitude":6751.32,"velocity":205.37,"heading":345.79,"onGround":false,"type":"No emitter category","desc":"OpenSky cat 1","military":false,"spi":false,"category":1,"source":"opensky"}},{"type":"Feature","geometry":{"type":"Point","coordinates":[-78.0997,-8.3803]},"properties":{"callsign":"SKX5340","hex":"e8033e","origin":"Chile","altitude":9380.22,"velocity":236.02,"heading":356.63,"onGround":false,"type":"Unknown","desc":"OpenSky cat 0","military":false,"spi":false,"category":0,"source":"opensky"}},{"type":"Feature","geometry":{"type":"Point","coordinates":[-78.6524,-1.0201]},"properties":{"callsign":"RER871","hex":"e8408d","origin":"Ecuador","altitude":9433.56,"velocity":225.01,"heading":190.54,"onGround":false,"type":"Unknown","desc":"OpenSky cat 0","military":false,"spi":false,"category":0,"source":"opensky"}},{"type":"Feature","geometry":{"type":"Point","coordinates":[-78.6482,-0.9768]},"properties":{"callsign":"GLG1604","hex":"e8404d","origin":"Ecuador","altitude":8839.2,"velocity":212.37,"heading":187.8,"onGround":false,"type":"Unknown","desc":"OpenSky cat 0","military":false,"spi":false,"category":0,"source":"opensky"}},{"type":"Feature","geometry":{"type":"Point","coordinates":[-78.516,-0.6379]},"properties":{"callsign":"LNE1375","hex":"e84070","origin":"Ecuador","altitude":7772.4,"velocity":204.82,"heading":198.75,"onGround":false,"type":"Unknown","desc":"OpenSky cat 0","military":false,"spi":false,"category":0,"source":"opensky"}},{"type":"Feature","geometry":{"type":"Point","coordinates":[-77.0693,-12.113]},"properties":{"callsign":"VOI3919","hex":"a6b9c1","origin":"United States","altitude":899.16,"velocity":136.89,"heading":153.92,"onGround":false,"type":"Unknown","desc":"OpenSky cat 0","military":false,"spi":false,"category":0,"source":"opensky"}},{"type":"Feature","geometry":{"type":"Point","coordinates":[-78.1022,-11.8092]},"properties":{"callsign":"CMP396","hex":"0c218d","origin":"Panama","altitude":10972.8,"velocity":241.98,"heading":344.84,"onGround":false,"type":"Unknown","desc":"OpenSky cat 0","military":false,"spi":false,"category":0,"source":"opensky"}},{"type":"Feature","geometry":{"type":"Point","coordinates":[76.8806,28.6096]},"properties":{"callsign":"AXB1081","hex":"801638","origin":"India","altitude":2270.76,"velocity":146.24,"heading":261.3,"onGround":false,"type":"Unknown","desc":"OpenSky cat 0","military":false,"spi":false,"category":0,"source":"opensky"}},{"type":"Feature","geometry":{"type":"Point","coordinates":[75.5684,25.7053]},"properties":{"callsign":"AIC6UU","hex":"801645","origin":"India","altitude":10972.8,"velocity":231.24,"heading":205.71,"onGround":false,"type":"Unknown","desc":"OpenSky cat 0","military":false,"spi":false,"category":0,"source":"opensky"}},{"type":"Feature","geometry":{"type":"Point","coordinates":[85.3039,24.4761]},"properties":{"callsign":"AIC6QN","hex":"80162f","origin":"India","altitude":11582.4,"velocity":238.2,"heading":290.74,"onGround":false,"type":"Unknown","desc":"OpenSky cat 0","military":false,"spi":false,"category":0,"source":"opensky"}},{"type":"Feature","geometry":{"type":"Point","coordinates":[78.6569,28.2339]},"properties":{"callsign":"IGO5121","hex":"80163d","origin":"India","altitude":7018.02,"velocity":200.4,"heading":296.04,"onGround":false,"type":"Unknown","desc":"OpenSky cat 0","military":false,"spi":false,"category":0,"source":"opensky"}},{"type":"Feature","geometry":{"type":"Point","coordinates":[76.99,29.4405]},"properties":{"callsign":"IGO573V","hex":"801647","origin":"India","altitude":6149.34,"velocity":196.1,"heading":156.66,"onGround":false,"type":"Unknown","desc":"OpenSky cat 0","military":false,"spi":false,"category":0,"source":"opensky"}},{"type":"Feature","geometry":{"type":"Point","coordinates":[75.423,26.9129]},"properties":{"callsign":"AIC6CC","hex":"80163f","origin":"India","altitude":11148.06,"velocity":229.74,"heading":23.35,"onGround":false,"type":"Unknown","desc":"OpenSky cat 0","military":false,"spi":false,"category":0,"source":"opensky"}},{"type":"Feature","geometry":{"type":"Point","coordinates":[88.0412,26.2494]},"properties":{"callsign":"IGO368H","hex":"80160e","origin":"India","altitude":11574.78,"velocity":244.56,"heading":210.88,"onGround":false,"type":"Unknown","desc":"OpenSky cat 0","military":false,"spi":false,"category":0,"source":"opensky"}},{"type":"Feature","geometry":{"type":"Point","coordinates":[76.9822,28.9597]},"properties":{"callsign":"AXB1352","hex":"801627","origin":"India","altitude":4267.2,"velocity":170.48,"heading":116.33,"onGround":false,"type":"Unknown","desc":"OpenSky cat 0","military":false,"spi":false,"category":0,"source":"opensky"}},{"type":"Feature","geometry":{"type":"Point","coordinates":[84.0532,19.0108]},"properties":{"callsign":"AKJ1504","hex":"80166a","origin":"India","altitude":9601.2,"velocity":234.42,"heading":228.83,"onGround":false,"type":"Unknown","desc":"OpenSky cat 0","military":false,"spi":false,"category":0,"source":"opensky"}},{"type":"Feature","geometry":{"type":"Point","coordinates":[80.8473,28.2986]},"properties":{"callsign":"AIC2VP","hex":"80167e","origin":"India","altitude":9144,"velocity":207.47,"heading":263.88,"onGround":false,"type":"Unknown","desc":"OpenSky cat 0","military":false,"spi":false,"category":0,"source":"opensky"}},{"type":"Feature","geometry":{"type":"Point","coordinates":[76.8443,26.4809]},"properties":{"callsign":"AIC9WZ","hex":"80167f","origin":"India","altitude":10058.4,"velocity":211.6,"heading":177.77,"onGround":false,"type":"Unknown","desc":"OpenSky cat 0","military":false,"spi":false,"category":0,"source":"opensky"}},{"type":"Feature","geometry":{"type":"Point","coordinates":[86.4588,26.2497]},"properties":{"callsign":"AXB1562","hex":"801698","origin":"India","altitude":11582.4,"velocity":234.82,"heading":277.05,"onGround":false,"type":"Unknown","desc":"OpenSky cat 0","military":false,"spi":false,"category":0,"source":"opensky"}},{"type":"Feature","geometry":{"type":"Point","coordinates":[75.2952,25.3851]},"properties":{"callsign":"AIC4DB","hex":"80164e","origin":"India","altitude":10972.8,"velocity":232.45,"heading":203.61,"onGround":false,"type":"Unknown","desc":"OpenSky cat 0","military":false,"spi":false,"category":0,"source":"opensky"}},{"type":"Feature","geometry":{"type":"Point","coordinates":[75.6378,27.5249]},"properties":{"callsign":"AIC1PT","hex":"80164f","origin":"India","altitude":9227.82,"velocity":217.04,"heading":28.14,"onGround":false,"type":"Unknown","desc":"OpenSky cat 0","military":false,"spi":false,"category":0,"source":"opensky"}},{"type":"Feature","geometry":{"type":"Point","coordinates":[84.9541,24.7927]},"properties":{"callsign":"AXB2746","hex":"80168a","origin":"India","altitude":11894.82,"velocity":216.54,"heading":18.99,"onGround":false,"type":"Unknown","desc":"OpenSky cat 0","military":false,"spi":false,"category":0,"source":"opensky"}},{"type":"Feature","geometry":{"type":"Point","coordinates":[83.7365,22.1263]},"properties":{"callsign":"IGO1116","hex":"80169c","origin":"India","altitude":10957.56,"velocity":250.81,"heading":258.64,"onGround":false,"type":"Unknown","desc":"OpenSky cat 0","military":false,"spi":false,"category":0,"source":"opensky"}},{"type":"Feature","geometry":{"type":"Point","coordinates":[77.4445,27.5061]},"properties":{"callsign":"VTYAN","hex":"8014a7","origin":"India","altitude":5082.54,"velocity":147.06,"heading":336.93,"onGround":false,"type":"Unknown","desc":"OpenSky cat 0","military":false,"spi":false,"category":0,"source":"opensky"}},{"type":"Feature","geometry":{"type":"Point","coordinates":[77.5388,27.2612]},"properties":{"callsign":"IGO224","hex":"8014e8","origin":"India","altitude":7787.64,"velocity":218.43,"heading":317.29,"onGround":false,"type":"Unknown","desc":"OpenSky cat 0","military":false,"spi":false,"category":0,"source":"opensky"}},{"type":"Feature","geometry":{"type":"Point","coordinates":[82.121,26.1524]},"properties":{"callsign":"VTAAT","hex":"8001c5","origin":"India","altitude":12496.8,"velocity":238.84,"heading":117.45,"onGround":false,"type":"Unknown","desc":"OpenSky cat 0","military":false,"spi":false,"category":0,"source":"opensky"}},{"type":"Feature","geometry":{"type":"Point","coordinates":[75.4087,25.3125]},"properties":{"callsign":"VTSRJ","hex":"8014f0","origin":"India","altitude":13106.4,"velocity":256.99,"heading":204.1,"onGround":false,"type":"Unknown","desc":"OpenSky cat 0","military":false,"spi":false,"category":0,"source":"opensky"}},{"type":"Feature","geometry":{"type":"Point","coordinates":[76.5986,26.8661]},"properties":{"callsign":"IGO734","hex":"8014bd","origin":"India","altitude":9639.3,"velocity":233.98,"heading":190.64,"onGround":false,"type":"Unknown","desc":"OpenSky cat 0","military":false,"spi":false,"category":0,"source":"opensky"}},{"type":"Feature","geometry":{"type":"Point","coordinates":[83.8286,22.812]},"properties":{"callsign":"IGO74TY","hex":"8014d9","origin":"India","altitude":10988.04,"velocity":261.62,"heading":276.78,"onGround":false,"type":"Unknown","desc":"OpenSky cat 0","military":false,"spi":false,"category":0,"source":"opensky"}},{"type":"Feature","geometry":{"type":"Point","coordinates":[83.3364,18.0998]},"properties":{"callsign":"AXB2744","hex":"801604","origin":"India","altitude":1684.02,"velocity":137.94,"heading":319.54,"onGround":false,"type":"Unknown","desc":"OpenSky cat 0","military":false,"spi":false,"category":0,"source":"opensky"}},{"type":"Feature","geometry":{"type":"Point","coordinates":[-88.0588,30.6741]},"properties":{"callsign":"N387AP","hex":"a47559","origin":"United States","altitude":723.9,"velocity":76.17,"heading":115.18,"onGround":false,"type":"Unknown","desc":"OpenSky cat 0","military":false,"spi":false,"category":0,"source":"opensky"}},{"type":"Feature","geometry":{"type":"Point","coordinates":[-83.5247,41.6629]},"properties":{"callsign":"N357BG","hex":"a3feee","origin":"United States","altitude":1051.56,"velocity":44.66,"heading":294.5,"onGround":false,"type":"Unknown","desc":"OpenSky cat 0","military":false,"spi":false,"category":0,"source":"opensky"}},{"type":"Feature","geometry":{"type":"Point","coordinates":[-75.9685,40.3753]},"properties":{"callsign":"EJA309","hex":"a34230","origin":"United States","altitude":0,"velocity":0,"heading":317.81,"onGround":true,"type":"Unknown","desc":"OpenSky cat 0","military":false,"spi":false,"category":0,"source":"opensky"}},{"type":"Feature","geometry":{"type":"Point","coordinates":[-89.3011,43.9522]},"properties":{"callsign":"WIS830","hex":"a4b234","origin":"United States","altitude":2164.08,"velocity":116.01,"heading":86.19,"onGround":false,"type":"Unknown","desc":"OpenSky cat 0","military":false,"spi":false,"category":0,"source":"opensky"}},{"type":"Feature","geometry":{"type":"Point","coordinates":[-85.969,34.3831]},"properties":{"callsign":"SWA2783","hex":"ad694c","origin":"United States","altitude":12192,"velocity":230.49,"heading":235,"onGround":false,"type":"Unknown","desc":"OpenSky cat 0","military":false,"spi":false,"category":0,"source":"opensky"}},{"type":"Feature","geometry":{"type":"Point","coordinates":[-84.0587,43.1638]},"properties":{"callsign":"DAL2510","hex":"ad5679","origin":"United States","altitude":10972.8,"velocity":204.71,"heading":294.18,"onGround":false,"type":"Unknown","desc":"OpenSky cat 0","military":false,"spi":false,"category":0,"source":"opensky"}},{"type":"Feature","geometry":{"type":"Point","coordinates":[-86.2289,38.5555]},"properties":{"callsign":"DAL3106","hex":"acdffc","origin":"United States","altitude":7688.58,"velocity":230.48,"heading":180.51,"onGround":false,"type":"Unknown","desc":"OpenSky cat 0","military":false,"spi":false,"category":0,"source":"opensky"}},{"type":"Feature","geometry":{"type":"Point","coordinates":[-86.2608,37.0575]},"properties":{"callsign":"DAL3058","hex":"adecb6","origin":"United States","altitude":9448.8,"velocity":237.47,"heading":173.91,"onGround":false,"type":"No emitter category","desc":"OpenSky cat 1","military":false,"spi":false,"category":1,"source":"opensky"}},{"type":"Feature","geometry":{"type":"Point","coordinates":[-80.4783,32.6763]},"properties":{"callsign":"WUP657","hex":"a8a88b","origin":"United States","altitude":3002.28,"velocity":120.01,"heading":9.62,"onGround":false,"type":"Unknown","desc":"OpenSky cat 0","military":false,"spi":false,"category":0,"source":"opensky"}},{"type":"Feature","geometry":{"type":"Point","coordinates":[-88.8782,31.2746]},"properties":{"callsign":"AAL3189","hex":"adda24","origin":"United States","altitude":10668,"velocity":251.47,"heading":97.17,"onGround":false,"type":"Unknown","desc":"OpenSky cat 0","military":false,"spi":false,"category":0,"source":"opensky"}},{"type":"Feature","geometry":{"type":"Point","coordinates":[-89.6803,34.2815]},"properties":{"callsign":"SWA833","hex":"ac6a65","origin":"United States","altitude":12192,"velocity":232.51,"heading":280.07,"onGround":false,"type":"Unknown","desc":"OpenSky cat 0","military":false,"spi":false,"category":0,"source":"opensky"}},{"type":"Feature","geometry":{"type":"Point","coordinates":[-76.6809,38.1947]},"properties":{"callsign":"N9AL","hex":"ac6a85","origin":"United States","altitude":1341.12,"velocity":50.94,"heading":218.03,"onGround":false,"type":"Unknown","desc":"OpenSky cat 0","military":false,"spi":false,"category":0,"source":"opensky"}},{"type":"Feature","geometry":{"type":"Point","coordinates":[-75.1542,39.8889]},"properties":{"callsign":"AAL1838","hex":"ad41ed","origin":"United States","altitude":312.42,"velocity":57.4,"heading":255.47,"onGround":false,"type":"Unknown","desc":"OpenSky cat 0","military":false,"spi":false,"category":0,"source":"opensky"}},{"type":"Feature","geometry":{"type":"Point","coordinates":[-76.0322,37.1543]},"properties":{"callsign":"N28RJ","hex":"a2cd22","origin":"United States","altitude":731.52,"velocity":59.27,"heading":166.45,"onGround":false,"type":"Unknown","desc":"OpenSky cat 0","military":false,"spi":false,"category":0,"source":"opensky"}},{"type":"Feature","geometry":{"type":"Point","coordinates":[-81.7576,38.3578]},"properties":{"callsign":"HRD31","hex":"ab5d37","origin":"United States","altitude":1165.86,"velocity":71.55,"heading":63.07,"onGround":false,"type":"Unknown","desc":"OpenSky cat 0","military":false,"spi":false,"category":0,"source":"opensky"}},{"type":"Feature","geometry":{"type":"Point","coordinates":[-76.5061,40.021]},"properties":{"callsign":"RPA4606","hex":"a00929","origin":"United States","altitude":9753.6,"velocity":228.95,"heading":238.88,"onGround":false,"type":"Unknown","desc":"OpenSky cat 0","military":false,"spi":false,"category":0,"source":"opensky"}},{"type":"Feature","geometry":{"type":"Point","coordinates":[-81.3999,35.3685]},"properties":{"callsign":"N156PH","hex":"a0e1c6","origin":"United States","altitude":3086.1,"velocity":151.4,"heading":115.78,"onGround":false,"type":"Unknown","desc":"OpenSky cat 0","military":true,"spi":true,"category":0,"source":"opensky"}},{"type":"Feature","geometry":{"type":"Point","coordinates":[-78.4667,34.9004]},"properties":{"callsign":"N11GU","hex":"a02a83","origin":"United States","altitude":6583.68,"velocity":202.19,"heading":214.22,"onGround":false,"type":"Unknown","desc":"OpenSky cat 0","military":false,"spi":false,"category":0,"source":"opensky"}},{"type":"Feature","geometry":{"type":"Point","coordinates":[-84.2892,33.7376]},"properties":{"callsign":"N637AM","hex":"a857c9","origin":"United States","altitude":3558.54,"velocity":138.89,"heading":246.19,"onGround":false,"type":"Unknown","desc":"OpenSky cat 0","military":false,"spi":false,"category":0,"source":"opensky"}},{"type":"Feature","geometry":{"type":"Point","coordinates":[-83.872,38.0954]},"properties":{"callsign":"GJS4460","hex":"a6f28c","origin":"United States","altitude":10363.2,"velocity":212.59,"heading":321.19,"onGround":false,"type":"Unknown","desc":"OpenSky cat 0","military":false,"spi":false,"category":0,"source":"opensky"}},{"type":"Feature","geometry":{"type":"Point","coordinates":[-78.4882,43.9787]},"properties":{"callsign":"FDX156","hex":"ad67cc","origin":"United States","altitude":10576.56,"velocity":246.87,"heading":62.85,"onGround":false,"type":"Unknown","desc":"OpenSky cat 0","military":false,"spi":false,"category":0,"source":"opensky"}},{"type":"Feature","geometry":{"type":"Point","coordinates":[-83.8738,32.2554]},"properties":{"callsign":"DAL1334","hex":"a39d95","origin":"United States","altitude":8100.06,"velocity":244.75,"heading":163.01,"onGround":false,"type":"Unknown","desc":"OpenSky cat 0","military":false,"spi":false,"category":0,"source":"opensky"}},{"type":"Feature","geometry":{"type":"Point","coordinates":[-82.1895,34.6456]},"properties":{"callsign":"N3867G","hex":"a474e8","origin":"United States","altitude":1432.56,"velocity":80.09,"heading":115.08,"onGround":false,"type":"Unknown","desc":"OpenSky cat 0","military":false,"spi":false,"category":0,"source":"opensky"}},{"type":"Feature","geometry":{"type":"Point","coordinates":[-47.0642,-19.0837]},"properties":{"callsign":"e48d22","hex":"e48d22","origin":"Brazil","altitude":9448.8,"velocity":229.16,"heading":94.64,"onGround":false,"type":"Unknown","desc":"OpenSky cat 0","military":false,"spi":false,"category":0,"source":"opensky"}},{"type":"Feature","geometry":{"type":"Point","coordinates":[-58.0422,-25.0579]},"properties":{"callsign":"LAP1320","hex":"e8024f","origin":"Chile","altitude":6865.62,"velocity":173.56,"heading":316.32,"onGround":false,"type":"Unknown","desc":"OpenSky cat 0","military":false,"spi":false,"category":0,"source":"opensky"}},{"type":"Feature","geometry":{"type":"Point","coordinates":[-45.1531,-21.3225]},"properties":{"callsign":"DAL227","hex":"a4d838","origin":"United States","altitude":11887.2,"velocity":206.73,"heading":247.77,"onGround":false,"type":"Unknown","desc":"OpenSky cat 0","military":false,"spi":false,"category":0,"source":"opensky"}},{"type":"Feature","geometry":{"type":"Point","coordinates":[-47.4058,-22.0706]},"properties":{"callsign":"TAM3010","hex":"e48be3","origin":"Brazil","altitude":10492.74,"velocity":227.77,"heading":349.98,"onGround":false,"type":"Unknown","desc":"OpenSky cat 0","military":false,"spi":false,"category":0,"source":"opensky"}},{"type":"Feature","geometry":{"type":"Point","coordinates":[-48.0993,-21.9568]},"properties":{"callsign":"LAN1997","hex":"e80239","origin":"Chile","altitude":3246.12,"velocity":153.37,"heading":131.87,"onGround":false,"type":"Unknown","desc":"OpenSky cat 0","military":false,"spi":false,"category":0,"source":"opensky"}},{"type":"Feature","geometry":{"type":"Point","coordinates":[-45.0196,-23.7108]},"properties":{"callsign":"GLO1552","hex":"e49ef3","origin":"Brazil","altitude":11582.4,"velocity":197.52,"heading":256.29,"onGround":false,"type":"Unknown","desc":"OpenSky cat 0","military":false,"spi":false,"category":0,"source":"opensky"}},{"type":"Feature","geometry":{"type":"Point","coordinates":[-48.5691,-25.8482]},"properties":{"callsign":"ARG1241","hex":"e0b255","origin":"Argentina","altitude":11582.4,"velocity":205.38,"heading":222.36,"onGround":false,"type":"Unknown","desc":"OpenSky cat 0","military":false,"spi":false,"category":0,"source":"opensky"}},{"type":"Feature","geometry":{"type":"Point","coordinates":[-46.1121,-23.3215]},"properties":{"callsign":"TAM3397","hex":"e49ed4","origin":"Brazil","altitude":1813.56,"velocity":89.61,"heading":248.44,"onGround":false,"type":"Unknown","desc":"OpenSky cat 0","military":false,"spi":false,"category":0,"source":"opensky"}},{"type":"Feature","geometry":{"type":"Point","coordinates":[-48.0186,-23.6048]},"properties":{"callsign":"GLO1231","hex":"e48c30","origin":"Brazil","altitude":10668,"velocity":169.52,"heading":225.49,"onGround":false,"type":"Unknown","desc":"OpenSky cat 0","military":false,"spi":false,"category":0,"source":"opensky"}},{"type":"Feature","geometry":{"type":"Point","coordinates":[-46.0111,-22.1095]},"properties":{"callsign":"TAM3229","hex":"e48b64","origin":"Brazil","altitude":8740.14,"velocity":181.54,"heading":277.33,"onGround":false,"type":"Unknown","desc":"OpenSky cat 0","military":false,"spi":false,"category":0,"source":"opensky"}},{"type":"Feature","geometry":{"type":"Point","coordinates":[-46.678,-18.5873]},"properties":{"callsign":"TAM3260","hex":"e48b66","origin":"Brazil","altitude":11269.98,"velocity":220.17,"heading":153.49,"onGround":false,"type":"Unknown","desc":"OpenSky cat 0","military":false,"spi":false,"category":0,"source":"opensky"}},{"type":"Feature","geometry":{"type":"Point","coordinates":[-46.5734,-23.7465]},"properties":{"callsign":"PPNVI","hex":"e49e74","origin":"Brazil","altitude":1584.96,"velocity":51.81,"heading":327.57,"onGround":false,"type":"Unknown","desc":"OpenSky cat 0","military":false,"spi":false,"category":0,"source":"opensky"}},{"type":"Feature","geometry":{"type":"Point","coordinates":[-51.2939,-26.9328]},"properties":{"callsign":"SKU620","hex":"e80042","origin":"Chile","altitude":10668,"velocity":279.82,"heading":66.03,"onGround":false,"type":"Unknown","desc":"OpenSky cat 0","military":false,"spi":false,"category":0,"source":"opensky"}},{"type":"Feature","geometry":{"type":"Point","coordinates":[-47.5517,-23.5241]},"properties":{"callsign":"TAM3415","hex":"e4a527","origin":"Brazil","altitude":6705.6,"velocity":181.14,"heading":35.41,"onGround":false,"type":"Unknown","desc":"OpenSky cat 0","military":false,"spi":false,"category":0,"source":"opensky"}},{"type":"Feature","geometry":{"type":"Point","coordinates":[-49.1289,-24.671]},"properties":{"callsign":"e49baf","hex":"e49baf","origin":"Brazil","altitude":10972.8,"velocity":187.78,"heading":259.58,"onGround":false,"type":"Unknown","desc":"OpenSky cat 0","military":false,"spi":false,"category":0,"source":"opensky"}},{"type":"Feature","geometry":{"type":"Point","coordinates":[-47.5182,-23.3522]},"properties":{"callsign":"PSESB","hex":"e49bf1","origin":"Brazil","altitude":6400.8,"velocity":110.28,"heading":241.28,"onGround":false,"type":"Unknown","desc":"OpenSky cat 0","military":false,"spi":false,"category":0,"source":"opensky"}},{"type":"Feature","geometry":{"type":"Point","coordinates":[-45.5121,-20.7355]},"properties":{"callsign":"TAM3835","hex":"e49bff","origin":"Brazil","altitude":10355.58,"velocity":235.18,"heading":154.61,"onGround":false,"type":"Unknown","desc":"OpenSky cat 0","military":false,"spi":false,"category":0,"source":"opensky"}},{"type":"Feature","geometry":{"type":"Point","coordinates":[-47.8771,-26.2811]},"properties":{"callsign":"PSBFK","hex":"e4a3e9","origin":"Brazil","altitude":9532.62,"velocity":209.2,"heading":36,"onGround":false,"type":"Unknown","desc":"OpenSky cat 0","military":false,"spi":false,"category":0,"source":"opensky"}},{"type":"Feature","geometry":{"type":"Point","coordinates":[-49.2049,-25.0992]},"properties":{"callsign":"TAM3278","hex":"e49c5a","origin":"Brazil","altitude":11567.16,"velocity":185.07,"heading":235.65,"onGround":false,"type":"Unknown","desc":"OpenSky cat 0","military":false,"spi":false,"category":0,"source":"opensky"}},{"type":"Feature","geometry":{"type":"Point","coordinates":[-46.4645,-23.9331]},"properties":{"callsign":"GLO1337","hex":"e47e7f","origin":"Brazil","altitude":2263.14,"velocity":78.72,"heading":291.87,"onGround":false,"type":"Unknown","desc":"OpenSky cat 0","military":false,"spi":false,"category":0,"source":"opensky"}},{"type":"Feature","geometry":{"type":"Point","coordinates":[-48.5114,-25.8]},"properties":{"callsign":"JAT764","hex":"e80613","origin":"Chile","altitude":10675.62,"velocity":284.71,"heading":65.1,"onGround":false,"type":"Unknown","desc":"OpenSky cat 0","military":false,"spi":false,"category":0,"source":"opensky"}},{"type":"Feature","geometry":{"type":"Point","coordinates":[-47.5135,-25.9248]},"properties":{"callsign":"GLO1255","hex":"e48fb4","origin":"Brazil","altitude":9448.8,"velocity":217.85,"heading":31.78,"onGround":false,"type":"Unknown","desc":"OpenSky cat 0","military":false,"spi":false,"category":0,"source":"opensky"}},{"type":"Feature","geometry":{"type":"Point","coordinates":[-47.4119,-22.5605]},"properties":{"callsign":"AZU2846","hex":"e48ef2","origin":"Brazil","altitude":4549.14,"velocity":90.47,"heading":342.8,"onGround":false,"type":"Unknown","desc":"OpenSky cat 0","military":false,"spi":false,"category":0,"source":"opensky"}},{"type":"Feature","geometry":{"type":"Point","coordinates":[27.2145,41.4355]},"properties":{"callsign":"TVF12ZW","hex":"39de4b","origin":"France","altitude":5989.32,"velocity":186.01,"heading":96.83,"onGround":false,"type":"Unknown","desc":"OpenSky cat 0","military":false,"spi":false,"category":0,"source":"opensky"}},{"type":"Feature","geometry":{"type":"Point","coordinates":[20.3062,38.7548]},"properties":{"callsign":"TVF21CH","hex":"39de53","origin":"France","altitude":11879.58,"velocity":232.01,"heading":119.63,"onGround":false,"type":"Unknown","desc":"OpenSky cat 0","military":false,"spi":false,"category":0,"source":"opensky"}},{"type":"Feature","geometry":{"type":"Point","coordinates":[19.0353,39.2793]},"properties":{"callsign":"TVF28CY","hex":"39de55","origin":"France","altitude":11574.78,"velocity":222.72,"heading":309.09,"onGround":false,"type":"Unknown","desc":"OpenSky cat 0","military":false,"spi":false,"category":0,"source":"opensky"}},{"type":"Feature","geometry":{"type":"Point","coordinates":[16.6208,41.4872]},"properties":{"callsign":"TVF42VD","hex":"39de46","origin":"France","altitude":11285.22,"velocity":237.54,"heading":139.48,"onGround":false,"type":"Unknown","desc":"OpenSky cat 0","military":false,"spi":false,"category":0,"source":"opensky"}},{"type":"Feature","geometry":{"type":"Point","coordinates":[17.3849,42.7143]},"properties":{"callsign":"PGT80EF","hex":"4bc8c2","origin":"Turkey","altitude":10965.18,"velocity":208.56,"heading":288.26,"onGround":false,"type":"Unknown","desc":"OpenSky cat 0","military":false,"spi":false,"category":0,"source":"opensky"}},{"type":"Feature","geometry":{"type":"Point","coordinates":[25.6468,44.8542]},"properties":{"callsign":"WMT3243","hex":"471efa","origin":"Hungary","altitude":4930.14,"velocity":180.44,"heading":301.83,"onGround":false,"type":"Unknown","desc":"OpenSky cat 0","military":false,"spi":false,"category":0,"source":"opensky"}},{"type":"Feature","geometry":{"type":"Point","coordinates":[20.3068,44.8759]},"properties":{"callsign":"YUHTT","hex":"4c1e73","origin":"Serbia","altitude":22.86,"velocity":3.09,"heading":0,"onGround":false,"type":"Unknown","desc":"OpenSky cat 0","military":false,"spi":false,"category":0,"source":"opensky"}},{"type":"Feature","geometry":{"type":"Point","coordinates":[19.0753,42.9497]},"properties":{"callsign":"EWG3BW","hex":"3c5ee9","origin":"Germany","altitude":10088.88,"velocity":232.2,"heading":136.8,"onGround":false,"type":"Unknown","desc":"OpenSky cat 0","military":false,"spi":false,"category":0,"source":"opensky"}},{"type":"Feature","geometry":{"type":"Point","coordinates":[20.1485,44.8591]},"properties":{"callsign":"PGT949","hex":"4bc8e2","origin":"Turkey","altitude":10972.8,"velocity":198.32,"heading":296.5,"onGround":false,"type":"Unknown","desc":"OpenSky cat 0","military":false,"spi":false,"category":0,"source":"opensky"}},{"type":"Feature","geometry":{"type":"Point","coordinates":[23.947,37.9339]},"properties":{"callsign":"AEE2EG","hex":"46b82d","origin":"Greece","altitude":0,"velocity":1.03,"heading":303.75,"onGround":true,"type":"Unknown","desc":"OpenSky cat 0","military":false,"spi":false,"category":0,"source":"opensky"}},{"type":"Feature","geometry":{"type":"Point","coordinates":[25.6357,37.1869]},"properties":{"callsign":"AEE907","hex":"46b82c","origin":"Greece","altitude":10469.88,"velocity":238.66,"heading":292.7,"onGround":false,"type":"Unknown","desc":"OpenSky cat 0","military":false,"spi":false,"category":0,"source":"opensky"}},{"type":"Feature","geometry":{"type":"Point","coordinates":[15.9792,42.9109]},"properties":{"callsign":"AEE3BR","hex":"46b82f","origin":"Greece","altitude":10668,"velocity":247.75,"heading":135.76,"onGround":false,"type":"Unknown","desc":"OpenSky cat 0","military":false,"spi":false,"category":0,"source":"opensky"}},{"type":"Feature","geometry":{"type":"Point","coordinates":[22.5643,43.0988]},"properties":{"callsign":"EWG15HR","hex":"3c5ef2","origin":"Germany","altitude":9456.42,"velocity":230.38,"heading":126.28,"onGround":false,"type":"Unknown","desc":"OpenSky cat 0","military":false,"spi":false,"category":0,"source":"opensky"}},{"type":"Feature","geometry":{"type":"Point","coordinates":[17.0363,42.2822]},"properties":{"callsign":"EJU63QR","hex":"440219","origin":"Austria","altitude":11277.6,"velocity":250.29,"heading":105.86,"onGround":false,"type":"Large","desc":"OpenSky cat 4","military":false,"spi":false,"category":4,"source":"opensky"}},{"type":"Feature","geometry":{"type":"Point","coordinates":[23.9412,37.9421]},"properties":{"callsign":"AEE339","hex":"46b836","origin":"Greece","altitude":0,"velocity":14.92,"heading":36.56,"onGround":true,"type":"Unknown","desc":"OpenSky cat 0","military":false,"spi":false,"category":0,"source":"opensky"}},{"type":"Feature","geometry":{"type":"Point","coordinates":[17.6754,43.4457]},"properties":{"callsign":"AUA64C","hex":"44020a","origin":"Austria","altitude":7269.48,"velocity":211.17,"heading":348.33,"onGround":false,"type":"No emitter category","desc":"OpenSky cat 1","military":false,"spi":false,"category":1,"source":"opensky"}},{"type":"Feature","geometry":{"type":"Point","coordinates":[16.3747,40.7786]},"properties":{"callsign":"EJU18RZ","hex":"440209","origin":"Austria","altitude":10073.64,"velocity":219.72,"heading":290.13,"onGround":false,"type":"Unknown","desc":"OpenSky cat 0","military":false,"spi":false,"category":0,"source":"opensky"}},{"type":"Feature","geometry":{"type":"Point","coordinates":[23.0431,42.4628]},"properties":{"callsign":"AEE751","hex":"46b824","origin":"Greece","altitude":11277.6,"velocity":245.21,"heading":160.39,"onGround":false,"type":"Unknown","desc":"OpenSky cat 0","military":false,"spi":false,"category":0,"source":"opensky"}},{"type":"Feature","geometry":{"type":"Point","coordinates":[17.5964,41.4581]},"properties":{"callsign":"AEE61PG","hex":"46b822","origin":"Greece","altitude":11277.6,"velocity":238.28,"heading":146.45,"onGround":false,"type":"Unknown","desc":"OpenSky cat 0","military":false,"spi":false,"category":0,"source":"opensky"}},{"type":"Feature","geometry":{"type":"Point","coordinates":[27.1587,36.5566]},"properties":{"callsign":"AEE5WG","hex":"46b826","origin":"Greece","altitude":5974.08,"velocity":197.87,"heading":295.9,"onGround":false,"type":"Unknown","desc":"OpenSky cat 0","military":false,"spi":false,"category":0,"source":"opensky"}},{"type":"Feature","geometry":{"type":"Point","coordinates":[29.5137,40.7779]},"properties":{"callsign":"NOZ89Z","hex":"4aca8c","origin":"Sweden","altitude":10363.2,"velocity":217.81,"heading":321.42,"onGround":false,"type":"Unknown","desc":"OpenSky cat 0","military":false,"spi":false,"category":0,"source":"opensky"}},{"type":"Feature","geometry":{"type":"Point","coordinates":[22.7883,42.4783]},"properties":{"callsign":"NOZ9043","hex":"4aca8e","origin":"Sweden","altitude":11582.4,"velocity":218.63,"heading":329.45,"onGround":false,"type":"Unknown","desc":"OpenSky cat 0","military":false,"spi":false,"category":0,"source":"opensky"}},{"type":"Feature","geometry":{"type":"Point","coordinates":[16.7215,44.6461]},"properties":{"callsign":"WMT2WL","hex":"471f67","origin":"Hungary","altitude":10668,"velocity":265.62,"heading":81.76,"onGround":false,"type":"Unknown","desc":"OpenSky cat 0","military":false,"spi":false,"category":0,"source":"opensky"}},{"type":"Feature","geometry":{"type":"Point","coordinates":[-16.5908,32.8537]},"properties":{"callsign":"TVF38CS","hex":"39de4a","origin":"France","altitude":906.78,"velocity":134.25,"heading":220.65,"onGround":false,"type":"Unknown","desc":"OpenSky cat 0","military":false,"spi":false,"category":0,"source":"opensky"}},{"type":"Feature","geometry":{"type":"Point","coordinates":[-16.39,33.1726]},"properties":{"callsign":"SWT130","hex":"344545","origin":"Spain","altitude":2827.02,"velocity":127.97,"heading":253.9,"onGround":false,"type":"Unknown","desc":"OpenSky cat 0","military":false,"spi":false,"category":0,"source":"opensky"}},{"type":"Feature","geometry":{"type":"Point","coordinates":[-16.2441,33.1671]},"properties":{"callsign":"ENT6UZ","hex":"4892c9","origin":"Poland","altitude":4145.28,"velocity":149.94,"heading":223.33,"onGround":false,"type":"Unknown","desc":"OpenSky cat 0","military":false,"spi":false,"category":0,"source":"opensky"}},{"type":"Feature","geometry":{"type":"Point","coordinates":[-15.4247,33.6367]},"properties":{"callsign":"LGL754","hex":"4d00ee","origin":"Luxembourg","altitude":7132.32,"velocity":195.24,"heading":42.01,"onGround":false,"type":"Unknown","desc":"OpenSky cat 0","military":false,"spi":false,"category":0,"source":"opensky"}},{"type":"Feature","geometry":{"type":"Point","coordinates":[-15.8766,30.581]},"properties":{"callsign":"AFR531","hex":"3949f4","origin":"France","altitude":11582.4,"velocity":234.53,"heading":350.79,"onGround":false,"type":"Unknown","desc":"OpenSky cat 0","military":false,"spi":false,"category":0,"source":"opensky"}},{"type":"Feature","geometry":{"type":"Point","coordinates":[-15.4914,33.7462]},"properties":{"callsign":"EZY39CB","hex":"407f60","origin":"United Kingdom","altitude":8740.14,"velocity":218.06,"heading":28.92,"onGround":false,"type":"Unknown","desc":"OpenSky cat 0","military":false,"spi":false,"category":0,"source":"opensky"}},{"type":"Feature","geometry":{"type":"Point","coordinates":[-15.7163,30.6473]},"properties":{"callsign":"TAP110","hex":"4951f0","origin":"Portugal","altitude":12192,"velocity":241.25,"heading":28.53,"onGround":false,"type":"Unknown","desc":"OpenSky cat 0","military":false,"spi":false,"category":0,"source":"opensky"}},{"type":"Feature","geometry":{"type":"Point","coordinates":[-16.0418,33.5756]},"properties":{"callsign":"TAP1736","hex":"495037","origin":"Portugal","altitude":5486.4,"velocity":161.15,"heading":45.39,"onGround":false,"type":"Unknown","desc":"OpenSky cat 0","military":false,"spi":false,"category":0,"source":"opensky"}},{"type":"Feature","geometry":{"type":"Point","coordinates":[-15.3359,31.0134]},"properties":{"callsign":"RYR7WJ","hex":"4cae68","origin":"Ireland","altitude":10972.8,"velocity":221.85,"heading":5.86,"onGround":false,"type":"Unknown","desc":"OpenSky cat 0","military":false,"spi":false,"category":0,"source":"opensky"}},{"type":"Feature","geometry":{"type":"Point","coordinates":[-18.5888,35.6396]},"properties":{"callsign":"JSF961","hex":"471838","origin":"Hungary","altitude":11879.58,"velocity":212.56,"heading":292.03,"onGround":false,"type":"Unknown","desc":"OpenSky cat 0","military":false,"spi":false,"category":0,"source":"opensky"}},{"type":"Feature","geometry":{"type":"Point","coordinates":[-25.4443,37.6618]},"properties":{"callsign":"CAT761","hex":"458667","origin":"Denmark","altitude":1135.38,"velocity":94.78,"heading":290.99,"onGround":false,"type":"Unknown","desc":"OpenSky cat 0","military":false,"spi":false,"category":0,"source":"opensky"}},{"type":"Feature","geometry":{"type":"Point","coordinates":[6.0847,40.1581]},"properties":{"callsign":"TVF8964","hex":"39de4d","origin":"France","altitude":11902.44,"velocity":228.86,"heading":156.84,"onGround":false,"type":"Unknown","desc":"OpenSky cat 0","military":false,"spi":false,"category":0,"source":"opensky"}},{"type":"Feature","geometry":{"type":"Point","coordinates":[8.8907,43.8839]},"properties":{"callsign":"TVF82QK","hex":"39de57","origin":"France","altitude":10668,"velocity":239.39,"heading":135.87,"onGround":false,"type":"Unknown","desc":"OpenSky cat 0","military":false,"spi":false,"category":0,"source":"opensky"}},{"type":"Feature","geometry":{"type":"Point","coordinates":[14.0031,42.2847]},"properties":{"callsign":"TVF18NF","hex":"39de58","origin":"France","altitude":11582.4,"velocity":216.45,"heading":308.34,"onGround":false,"type":"Unknown","desc":"OpenSky cat 0","military":false,"spi":false,"category":0,"source":"opensky"}},{"type":"Feature","geometry":{"type":"Point","coordinates":[4.9214,40.0143]},"properties":{"callsign":"DCW350","hex":"500498","origin":"San Marino","altitude":11582.4,"velocity":257.33,"heading":57.74,"onGround":false,"type":"Unknown","desc":"OpenSky cat 0","military":false,"spi":false,"category":0,"source":"opensky"}},{"type":"Feature","geometry":{"type":"Point","coordinates":[0.6048,44.0193]},"properties":{"callsign":"EZY18KT","hex":"407a06","origin":"United Kingdom","altitude":11574.78,"velocity":228.81,"heading":340.02,"onGround":false,"type":"Unknown","desc":"OpenSky cat 0","military":false,"spi":false,"category":0,"source":"opensky"}},{"type":"Feature","geometry":{"type":"Point","coordinates":[4.5279,42.8611]},"properties":{"callsign":"NSZ5611","hex":"4acb01","origin":"Sweden","altitude":10972.8,"velocity":211.18,"heading":204.01,"onGround":false,"type":"Unknown","desc":"OpenSky cat 0","military":false,"spi":false,"category":0,"source":"opensky"}},{"type":"Feature","geometry":{"type":"Point","coordinates":[12.2494,41.8748]},"properties":{"callsign":"PGT46KR","hex":"4bc8c9","origin":"Turkey","altitude":160.02,"velocity":74.36,"heading":162.69,"onGround":false,"type":"Unknown","desc":"OpenSky cat 0","military":false,"spi":false,"category":0,"source":"opensky"}},{"type":"Feature","geometry":{"type":"Point","coordinates":[1.3599,43.6165]},"properties":{"callsign":"3812fa","hex":"3812fa","origin":"France","altitude":0,"velocity":0,"heading":2.81,"onGround":true,"type":"Unknown","desc":"OpenSky cat 0","military":false,"spi":false,"category":0,"source":"opensky"}},{"type":"Feature","geometry":{"type":"Point","coordinates":[12.5275,42.3019]},"properties":{"callsign":"OECCO","hex":"440291","origin":"Austria","altitude":1516.38,"velocity":60.88,"heading":149.53,"onGround":false,"type":"Unknown","desc":"OpenSky cat 0","military":false,"spi":false,"category":0,"source":"opensky"}},{"type":"Feature","geometry":{"type":"Point","coordinates":[1.4799,41.5982]},"properties":{"callsign":"ANE45RJ","hex":"3442cc","origin":"Spain","altitude":5082.54,"velocity":115.18,"heading":162.05,"onGround":false,"type":"Unknown","desc":"OpenSky cat 0","military":false,"spi":false,"category":0,"source":"opensky"}},{"type":"Feature","geometry":{"type":"Point","coordinates":[12.0823,42.2527]},"properties":{"callsign":"OECCJ","hex":"44029d","origin":"Austria","altitude":822.96,"velocity":50.51,"heading":266.5,"onGround":false,"type":"Unknown","desc":"OpenSky cat 0","military":false,"spi":false,"category":0,"source":"opensky"}},{"type":"Feature","geometry":{"type":"Point","coordinates":[0.2056,44.1033]},"properties":{"callsign":"EJU31MZ","hex":"44023f","origin":"Austria","altitude":10965.18,"velocity":236.6,"heading":340.3,"onGround":false,"type":"Unknown","desc":"OpenSky cat 0","military":false,"spi":false,"category":0,"source":"opensky"}},{"type":"Feature","geometry":{"type":"Point","coordinates":[7.6411,40.5483]},"properties":{"callsign":"AEE711","hex":"46b825","origin":"Greece","altitude":10972.8,"velocity":249.4,"heading":98.06,"onGround":false,"type":"Unknown","desc":"OpenSky cat 0","military":false,"spi":false,"category":0,"source":"opensky"}},{"type":"Feature","geometry":{"type":"Point","coordinates":[4.6125,43.5969]},"properties":{"callsign":"EJU571M","hex":"440237","origin":"Austria","altitude":9753.6,"velocity":199.9,"heading":290.49,"onGround":false,"type":"Unknown","desc":"OpenSky cat 0","military":false,"spi":false,"category":0,"source":"opensky"}},{"type":"Feature","geometry":{"type":"Point","coordinates":[8.6514,43.4811]},"properties":{"callsign":"AUA447","hex":"44022d","origin":"Austria","altitude":10675.62,"velocity":215.52,"heading":204.24,"onGround":false,"type":"No emitter category","desc":"OpenSky cat 1","military":false,"spi":false,"category":1,"source":"opensky"}},{"type":"Feature","geometry":{"type":"Point","coordinates":[4.4883,41.0272]},"properties":{"callsign":"AUA42CQ","hex":"44022b","origin":"Austria","altitude":10759.44,"velocity":250.06,"heading":14.78,"onGround":false,"type":"Unknown","desc":"OpenSky cat 0","military":false,"spi":false,"category":0,"source":"opensky"}},{"type":"Feature","geometry":{"type":"Point","coordinates":[2.0871,41.3065]},"properties":{"callsign":"INI223","hex":"343183","origin":"Spain","altitude":0,"velocity":0,"heading":244.69,"onGround":true,"type":"Unknown","desc":"OpenSky cat 0","military":false,"spi":false,"category":0,"source":"opensky"}},{"type":"Feature","geometry":{"type":"Point","coordinates":[7.8909,43.7854]},"properties":{"callsign":"NSZ2893","hex":"4aca88","origin":"Sweden","altitude":11582.4,"velocity":256.99,"heading":47.11,"onGround":false,"type":"Unknown","desc":"OpenSky cat 0","military":false,"spi":false,"category":0,"source":"opensky"}},{"type":"Feature","geometry":{"type":"Point","coordinates":[14.4951,35.8482]},"properties":{"callsign":"NSZ2948","hex":"4aca87","origin":"Sweden","altitude":0,"velocity":0.06,"heading":0,"onGround":true,"type":"Unknown","desc":"OpenSky cat 0","military":false,"spi":false,"category":0,"source":"opensky"}},{"type":"Feature","geometry":{"type":"Point","coordinates":[9.5499,40.915]},"properties":{"callsign":"EJU98ZN","hex":"4400ec","origin":"Austria","altitude":373.38,"velocity":136.35,"heading":54.21,"onGround":false,"type":"Unknown","desc":"OpenSky cat 0","military":false,"spi":false,"category":0,"source":"opensky"}},{"type":"Feature","geometry":{"type":"Point","coordinates":[14.1669,40.9123]},"properties":{"callsign":"EJU38GZ","hex":"4400eb","origin":"Austria","altitude":1386.84,"velocity":107.02,"heading":300.63,"onGround":false,"type":"Unknown","desc":"OpenSky cat 0","military":false,"spi":false,"category":0,"source":"opensky"}},{"type":"Feature","geometry":{"type":"Point","coordinates":[1.3713,38.8752]},"properties":{"callsign":"IBS1697","hex":"344455","origin":"Spain","altitude":0,"velocity":0,"heading":331.88,"onGround":true,"type":"Unknown","desc":"OpenSky cat 0","military":false,"spi":false,"category":0,"source":"opensky"}},{"type":"Feature","geometry":{"type":"Point","coordinates":[13.5644,42.2307]},"properties":{"callsign":"WMT6Z","hex":"471f66","origin":"Hungary","altitude":8580.12,"velocity":255.09,"heading":112.53,"onGround":false,"type":"Unknown","desc":"OpenSky cat 0","military":false,"spi":false,"category":0,"source":"opensky"}},{"type":"Feature","geometry":{"type":"Point","coordinates":[79.6238,14.5119]},"properties":{"callsign":"AIC4SC","hex":"801640","origin":"India","altitude":9136.38,"velocity":226.56,"heading":336.87,"onGround":false,"type":"Unknown","desc":"OpenSky cat 0","military":false,"spi":false,"category":0,"source":"opensky"}},{"type":"Feature","geometry":{"type":"Point","coordinates":[76.6673,10.283]},"properties":{"callsign":"IGO1128","hex":"8014c1","origin":"India","altitude":10058.4,"velocity":235.15,"heading":358.87,"onGround":false,"type":"Unknown","desc":"OpenSky cat 0","military":false,"spi":false,"category":0,"source":"opensky"}},{"type":"Feature","geometry":{"type":"Point","coordinates":[77.6359,13.6784]},"properties":{"callsign":"IGO116H","hex":"8014af","origin":"India","altitude":5951.22,"velocity":196.05,"heading":15.06,"onGround":false,"type":"Unknown","desc":"OpenSky cat 0","military":false,"spi":false,"category":0,"source":"opensky"}},{"type":"Feature","geometry":{"type":"Point","coordinates":[78.0547,13.6741]},"properties":{"callsign":"AXB2945","hex":"801606","origin":"India","altitude":5844.54,"velocity":189.48,"heading":56.18,"onGround":false,"type":"Unknown","desc":"OpenSky cat 0","military":false,"spi":false,"category":0,"source":"opensky"}},{"type":"Feature","geometry":{"type":"Point","coordinates":[80.1905,12.9891]},"properties":{"callsign":"IGO2698","hex":"801608","origin":"India","altitude":373.38,"velocity":90,"heading":118.32,"onGround":false,"type":"Unknown","desc":"OpenSky cat 0","military":false,"spi":false,"category":0,"source":"opensky"}},{"type":"Feature","geometry":{"type":"Point","coordinates":[76.9508,8.6096]},"properties":{"callsign":"IGO624","hex":"801738","origin":"India","altitude":1912.62,"velocity":112.47,"heading":156.84,"onGround":false,"type":"Unknown","desc":"OpenSky cat 0","military":false,"spi":false,"category":0,"source":"opensky"}},{"type":"Feature","geometry":{"type":"Point","coordinates":[79.5928,13.2693]},"properties":{"callsign":"IGO612V","hex":"80172e","origin":"India","altitude":6705.6,"velocity":186.88,"heading":272.21,"onGround":false,"type":"Unknown","desc":"OpenSky cat 0","military":false,"spi":false,"category":0,"source":"opensky"}},{"type":"Feature","geometry":{"type":"Point","coordinates":[79.5924,12.8821]},"properties":{"callsign":"IGO2HM","hex":"80173c","origin":"India","altitude":4290.06,"velocity":154.57,"heading":68.73,"onGround":false,"type":"Unknown","desc":"OpenSky cat 0","military":false,"spi":false,"category":0,"source":"opensky"}},{"type":"Feature","geometry":{"type":"Point","coordinates":[77.9308,13.1876]},"properties":{"callsign":"IGO512E","hex":"8016a3","origin":"India","altitude":1874.52,"velocity":98.79,"heading":271.19,"onGround":false,"type":"Unknown","desc":"OpenSky cat 0","military":false,"spi":false,"category":0,"source":"opensky"}},{"type":"Feature","geometry":{"type":"Point","coordinates":[78.5797,14.0235]},"properties":{"callsign":"IGO6774","hex":"8016b7","origin":"India","altitude":8747.76,"velocity":231.3,"heading":53.41,"onGround":false,"type":"Unknown","desc":"OpenSky cat 0","military":false,"spi":false,"category":0,"source":"opensky"}},{"type":"Feature","geometry":{"type":"Point","coordinates":[80.2024,13.1154]},"properties":{"callsign":"IGO193J","hex":"8015c6","origin":"India","altitude":2011.68,"velocity":156.51,"heading":331.75,"onGround":false,"type":"Unknown","desc":"OpenSky cat 0","military":false,"spi":false,"category":0,"source":"opensky"}},{"type":"Feature","geometry":{"type":"Point","coordinates":[77.216,14.0334]},"properties":{"callsign":"IGO103Y","hex":"8015cb","origin":"India","altitude":10972.8,"velocity":256.13,"heading":326.88,"onGround":false,"type":"Unknown","desc":"OpenSky cat 0","military":false,"spi":false,"category":0,"source":"opensky"}},{"type":"Feature","geometry":{"type":"Point","coordinates":[80.8358,14.1188]},"properties":{"callsign":"IGO969K","hex":"8015e5","origin":"India","altitude":8915.4,"velocity":237.56,"heading":225.79,"onGround":false,"type":"Unknown","desc":"OpenSky cat 0","military":false,"spi":false,"category":0,"source":"opensky"}},{"type":"Feature","geometry":{"type":"Point","coordinates":[75.1903,14.1635]},"properties":{"callsign":"IGO164P","hex":"801725","origin":"India","altitude":10988.04,"velocity":240.47,"heading":321.34,"onGround":false,"type":"Unknown","desc":"OpenSky cat 0","military":false,"spi":false,"category":0,"source":"opensky"}},{"type":"Feature","geometry":{"type":"Point","coordinates":[77.9197,14.3761]},"properties":{"callsign":"IGO764","hex":"801860","origin":"India","altitude":10355.58,"velocity":235.17,"heading":15.74,"onGround":false,"type":"Unknown","desc":"OpenSky cat 0","military":false,"spi":false,"category":0,"source":"opensky"}},{"type":"Feature","geometry":{"type":"Point","coordinates":[80.1238,13.0235]},"properties":{"callsign":"IGO694","hex":"80185f","origin":"India","altitude":342.9,"velocity":71.33,"heading":117.49,"onGround":false,"type":"Unknown","desc":"OpenSky cat 0","military":false,"spi":false,"category":0,"source":"opensky"}},{"type":"Feature","geometry":{"type":"Point","coordinates":[78.7278,13.9558]},"properties":{"callsign":"UAE358","hex":"8960dc","origin":"United Arab Emirates","altitude":10668,"velocity":239.42,"heading":123.96,"onGround":false,"type":"Unknown","desc":"OpenSky cat 0","military":false,"spi":false,"category":0,"source":"opensky"}},{"type":"Feature","geometry":{"type":"Point","coordinates":[77.5881,12.1021]},"properties":{"callsign":"AXB2608","hex":"8003b1","origin":"India","altitude":8534.4,"velocity":200.23,"heading":187.38,"onGround":false,"type":"Unknown","desc":"OpenSky cat 0","military":false,"spi":false,"category":0,"source":"opensky"}},{"type":"Feature","geometry":{"type":"Point","coordinates":[77.9693,13.1103]},"properties":{"callsign":"IGO738","hex":"8016dd","origin":"India","altitude":2750.82,"velocity":116,"heading":70.84,"onGround":false,"type":"Unknown","desc":"OpenSky cat 0","military":false,"spi":false,"category":0,"source":"opensky"}},{"type":"Feature","geometry":{"type":"Point","coordinates":[77.7897,14.2521]},"properties":{"callsign":"IGO255V","hex":"80182a","origin":"India","altitude":7551.42,"velocity":217.75,"heading":2.03,"onGround":false,"type":"Unknown","desc":"OpenSky cat 0","military":false,"spi":false,"category":0,"source":"opensky"}},{"type":"Feature","geometry":{"type":"Point","coordinates":[78.2989,14.2166]},"properties":{"callsign":"IGO5196","hex":"80182f","origin":"India","altitude":10675.62,"velocity":215.01,"heading":120.8,"onGround":false,"type":"Unknown","desc":"OpenSky cat 0","military":false,"spi":false,"category":0,"source":"opensky"}},{"type":"Feature","geometry":{"type":"Point","coordinates":[78.0491,13.3182]},"properties":{"callsign":"IGO509","hex":"80183a","origin":"India","altitude":3208.02,"velocity":124.03,"heading":174.53,"onGround":false,"type":"Unknown","desc":"OpenSky cat 0","military":false,"spi":false,"category":0,"source":"opensky"}},{"type":"Feature","geometry":{"type":"Point","coordinates":[80.1399,13.2488]},"properties":{"callsign":"IGO795L","hex":"801850","origin":"India","altitude":3855.72,"velocity":149.4,"heading":323.68,"onGround":false,"type":"Unknown","desc":"OpenSky cat 0","military":false,"spi":false,"category":0,"source":"opensky"}},{"type":"Feature","geometry":{"type":"Point","coordinates":[-96.3861,32.7102]},"properties":{"callsign":"TRF559","hex":"a5953a","origin":"United States","altitude":647.7,"velocity":61.24,"heading":21.18,"onGround":false,"type":"Unknown","desc":"OpenSky cat 0","military":false,"spi":false,"category":0,"source":"opensky"}},{"type":"Feature","geometry":{"type":"Point","coordinates":[-96.2295,33.9709]},"properties":{"callsign":"AAL2999","hex":"acdfa6","origin":"United States","altitude":9509.76,"velocity":238.14,"heading":34.17,"onGround":false,"type":"Unknown","desc":"OpenSky cat 0","military":false,"spi":false,"category":0,"source":"opensky"}},{"type":"Feature","geometry":{"type":"Point","coordinates":[-96.1037,32.9971]},"properties":{"callsign":"TRF50","hex":"a23565","origin":"United States","altitude":586.74,"velocity":48.81,"heading":212.52,"onGround":false,"type":"Unknown","desc":"OpenSky cat 0","military":false,"spi":false,"category":0,"source":"opensky"}},{"type":"Feature","geometry":{"type":"Point","coordinates":[-97.6726,30.2025]},"properties":{"callsign":"AAL1064","hex":"ad5623","origin":"United States","altitude":0,"velocity":0.32,"heading":177.19,"onGround":true,"type":"Unknown","desc":"OpenSky cat 0","military":false,"spi":false,"category":0,"source":"opensky"}},{"type":"Feature","geometry":{"type":"Point","coordinates":[-93.5214,35.9109]},"properties":{"callsign":"FDY404","hex":"ac231d","origin":"United States","altitude":2956.56,"velocity":77.5,"heading":223.66,"onGround":false,"type":"Unknown","desc":"OpenSky cat 0","military":false,"spi":false,"category":0,"source":"opensky"}},{"type":"Feature","geometry":{"type":"Point","coordinates":[-90.3579,38.7414]},"properties":{"callsign":"a2ded8","hex":"a2ded8","origin":"United States","altitude":0,"velocity":9.26,"heading":300.94,"onGround":true,"type":"Unknown","desc":"OpenSky cat 0","military":false,"spi":false,"category":0,"source":"opensky"}},{"type":"Feature","geometry":{"type":"Point","coordinates":[-96.4316,32.7173]},"properties":{"callsign":"SWA1318","hex":"ac3688","origin":"United States","altitude":3528.06,"velocity":155.69,"heading":57.41,"onGround":false,"type":"Unknown","desc":"OpenSky cat 0","military":false,"spi":false,"category":0,"source":"opensky"}},{"type":"Feature","geometry":{"type":"Point","coordinates":[-91.4743,39.6692]},"properties":{"callsign":"DAL370","hex":"a3689e","origin":"United States","altitude":10271.76,"velocity":237.7,"heading":82.41,"onGround":false,"type":"Unknown","desc":"OpenSky cat 0","military":false,"spi":false,"category":0,"source":"opensky"}},{"type":"Feature","geometry":{"type":"Point","coordinates":[-97.6044,35.4057]},"properties":{"callsign":"AAL2272","hex":"adda1e","origin":"United States","altitude":0,"velocity":2.06,"heading":300.94,"onGround":true,"type":"No emitter category","desc":"OpenSky cat 1","military":false,"spi":false,"category":1,"source":"opensky"}},{"type":"Feature","geometry":{"type":"Point","coordinates":[-96.7154,32.7289]},"properties":{"callsign":"SWA2175","hex":"a5958c","origin":"United States","altitude":2026.92,"velocity":140.8,"heading":136.04,"onGround":false,"type":"Unknown","desc":"OpenSky cat 0","military":false,"spi":false,"category":0,"source":"opensky"}},{"type":"Feature","geometry":{"type":"Point","coordinates":[-95.4297,34.5315]},"properties":{"callsign":"KII332","hex":"a39d79","origin":"United States","altitude":9418.32,"velocity":218.48,"heading":235.26,"onGround":false,"type":"Unknown","desc":"OpenSky cat 0","military":false,"spi":false,"category":0,"source":"opensky"}},{"type":"Feature","geometry":{"type":"Point","coordinates":[-94.6242,32.3414]},"properties":{"callsign":"UPS300","hex":"a4c4bb","origin":"United States","altitude":10363.2,"velocity":245.18,"heading":221.85,"onGround":false,"type":"Unknown","desc":"OpenSky cat 0","military":false,"spi":false,"category":0,"source":"opensky"}},{"type":"Feature","geometry":{"type":"Point","coordinates":[-94.5012,35.0757]},"properties":{"callsign":"ENY3914","hex":"a3a4ed","origin":"United States","altitude":10972.8,"velocity":231.63,"heading":231.22,"onGround":false,"type":"Unknown","desc":"OpenSky cat 0","military":false,"spi":false,"category":0,"source":"opensky"}},{"type":"Feature","geometry":{"type":"Point","coordinates":[-94.1413,32.3523]},"properties":{"callsign":"ENY3784","hex":"a234ef","origin":"United States","altitude":9144,"velocity":236.29,"heading":264.25,"onGround":false,"type":"Unknown","desc":"OpenSky cat 0","military":false,"spi":false,"category":0,"source":"opensky"}},{"type":"Feature","geometry":{"type":"Point","coordinates":[-92.2103,33.3851]},"properties":{"callsign":"DAL1073","hex":"a35605","origin":"United States","altitude":10050.78,"velocity":248.26,"heading":71.26,"onGround":false,"type":"Large","desc":"OpenSky cat 4","military":false,"spi":false,"category":4,"source":"opensky"}},{"type":"Feature","geometry":{"type":"Point","coordinates":[-91.6837,39.6991]},"properties":{"callsign":"DAL1136","hex":"a3696e","origin":"United States","altitude":11894.82,"velocity":236.78,"heading":122.31,"onGround":false,"type":"Unknown","desc":"OpenSky cat 0","military":false,"spi":false,"category":0,"source":"opensky"}},{"type":"Feature","geometry":{"type":"Point","coordinates":[-97.6633,30.2029]},"properties":{"callsign":"DAL1677","hex":"a3560b","origin":"United States","altitude":0,"velocity":0,"heading":196.88,"onGround":true,"type":"Unknown","desc":"OpenSky cat 0","military":false,"spi":false,"category":0,"source":"opensky"}},{"type":"Feature","geometry":{"type":"Point","coordinates":[-95.864,40.6023]},"properties":{"callsign":"N979WM","hex":"ada714","origin":"United States","altitude":12496.8,"velocity":243.42,"heading":33.19,"onGround":false,"type":"Unknown","desc":"OpenSky cat 0","military":false,"spi":false,"category":0,"source":"opensky"}},{"type":"Feature","geometry":{"type":"Point","coordinates":[-90.3618,38.7422]},"properties":{"callsign":"N738US","hex":"a9ea96","origin":"United States","altitude":0,"velocity":0,"heading":213.75,"onGround":true,"type":"Unknown","desc":"OpenSky cat 0","military":false,"spi":false,"category":0,"source":"opensky"}},{"type":"Feature","geometry":{"type":"Point","coordinates":[-98.2702,30.7008]},"properties":{"callsign":"AAL1095","hex":"aae465","origin":"United States","altitude":10668,"velocity":249.93,"heading":8.88,"onGround":false,"type":"Unknown","desc":"OpenSky cat 0","military":false,"spi":false,"category":0,"source":"opensky"}},{"type":"Feature","geometry":{"type":"Point","coordinates":[-92.365,40.1647]},"properties":{"callsign":"SWA1623","hex":"ac379a","origin":"United States","altitude":11582.4,"velocity":229.76,"heading":278.24,"onGround":false,"type":"Unknown","desc":"OpenSky cat 0","military":false,"spi":false,"category":0,"source":"opensky"}},{"type":"Feature","geometry":{"type":"Point","coordinates":[-93.9017,39.3922]},"properties":{"callsign":"N800MK","hex":"aae2fa","origin":"United States","altitude":6690.36,"velocity":239.55,"heading":79.61,"onGround":false,"type":"Unknown","desc":"OpenSky cat 0","military":false,"spi":false,"category":0,"source":"opensky"}},{"type":"Feature","geometry":{"type":"Point","coordinates":[-94.5833,38.5439]},"properties":{"callsign":"CXK194","hex":"a14b26","origin":"United States","altitude":1661.16,"velocity":46.72,"heading":200.63,"onGround":false,"type":"Unknown","desc":"OpenSky cat 0","military":false,"spi":false,"category":0,"source":"opensky"}},{"type":"Feature","geometry":{"type":"Point","coordinates":[-6.0194,36.6883]},"properties":{"callsign":"TVF37YV","hex":"39de54","origin":"France","altitude":11582.4,"velocity":240.76,"heading":15.49,"onGround":false,"type":"Unknown","desc":"OpenSky cat 0","military":false,"spi":false,"category":0,"source":"opensky"}},{"type":"Feature","geometry":{"type":"Point","coordinates":[-3.0808,41.8041]},"properties":{"callsign":"TVF44HD","hex":"39de48","origin":"France","altitude":11574.78,"velocity":238.39,"heading":31.05,"onGround":false,"type":"Unknown","desc":"OpenSky cat 0","military":false,"spi":false,"category":0,"source":"opensky"}},{"type":"Feature","geometry":{"type":"Point","coordinates":[-4.8469,41.3717]},"properties":{"callsign":"EJU37LR","hex":"44028c","origin":"Austria","altitude":11277.6,"velocity":212.54,"heading":226.77,"onGround":false,"type":"Unknown","desc":"OpenSky cat 0","military":false,"spi":false,"category":0,"source":"opensky"}},{"type":"Feature","geometry":{"type":"Point","coordinates":[-8.6747,41.2381]},"properties":{"callsign":"EJU67UT","hex":"44028a","origin":"Austria","altitude":15.24,"velocity":0,"heading":168.75,"onGround":true,"type":"Unknown","desc":"OpenSky cat 0","military":false,"spi":false,"category":0,"source":"opensky"}},{"type":"Feature","geometry":{"type":"Point","coordinates":[-8.0736,37.0296]},"properties":{"callsign":"UAL282","hex":"a39bfa","origin":"United States","altitude":944.88,"velocity":94.64,"heading":281.92,"onGround":false,"type":"No emitter category","desc":"OpenSky cat 1","military":false,"spi":false,"category":1,"source":"opensky"}},{"type":"Feature","geometry":{"type":"Point","coordinates":[-3.5648,40.4887]},"properties":{"callsign":"3455d5","hex":"3455d5","origin":"Spain","altitude":0,"velocity":6.69,"heading":210.94,"onGround":true,"type":"Heavy","desc":"OpenSky cat 6","military":false,"spi":false,"category":6,"source":"opensky"}},{"type":"Feature","geometry":{"type":"Point","coordinates":[-0.9659,38.4034]},"properties":{"callsign":"PGT71QT","hex":"4bc8ce","origin":"Turkey","altitude":2057.4,"velocity":94.38,"heading":99.41,"onGround":false,"type":"Unknown","desc":"OpenSky cat 0","military":false,"spi":false,"category":0,"source":"opensky"}},{"type":"Feature","geometry":{"type":"Point","coordinates":[-1.5923,43.6757]},"properties":{"callsign":"NSZ3407","hex":"4acb23","origin":"Sweden","altitude":10972.8,"velocity":251.58,"heading":24.78,"onGround":false,"type":"Unknown","desc":"OpenSky cat 0","military":false,"spi":false,"category":0,"source":"opensky"}},{"type":"Feature","geometry":{"type":"Point","coordinates":[-3.5597,40.5014]},"properties":{"callsign":"AEE7MA","hex":"46b823","origin":"Greece","altitude":0,"velocity":4.37,"heading":73.12,"onGround":true,"type":"Unknown","desc":"OpenSky cat 0","military":false,"spi":false,"category":0,"source":"opensky"}},{"type":"Feature","geometry":{"type":"Point","coordinates":[-8.0486,39.2791]},"properties":{"callsign":"RVP347","hex":"4400ef","origin":"Austria","altitude":662.94,"velocity":40.25,"heading":327.53,"onGround":false,"type":"No emitter category","desc":"OpenSky cat 1","military":false,"spi":false,"category":1,"source":"opensky"}},{"type":"Feature","geometry":{"type":"Point","coordinates":[-1.0792,39.0552]},"properties":{"callsign":"AEA54NL","hex":"344487","origin":"Spain","altitude":9448.8,"velocity":215.22,"heading":257.86,"onGround":false,"type":"No emitter category","desc":"OpenSky cat 1","military":false,"spi":false,"category":1,"source":"opensky"}},{"type":"Feature","geometry":{"type":"Point","coordinates":[-3.7166,40.1124]},"properties":{"callsign":"EJU9046","hex":"4400f3","origin":"Austria","altitude":11887.2,"velocity":202.18,"heading":253.59,"onGround":false,"type":"Unknown","desc":"OpenSky cat 0","military":false,"spi":false,"category":0,"source":"opensky"}},{"type":"Feature","geometry":{"type":"Point","coordinates":[-6.4588,36.9815]},"properties":{"callsign":"JAF4KN","hex":"4520d0","origin":"Bulgaria","altitude":10668,"velocity":223.59,"heading":214.31,"onGround":false,"type":"Unknown","desc":"OpenSky cat 0","military":false,"spi":false,"category":0,"source":"opensky"}},{"type":"Feature","geometry":{"type":"Point","coordinates":[-11.7338,38.1298]},"properties":{"callsign":"PUE302","hex":"343147","origin":"Spain","altitude":12192,"velocity":239.13,"heading":66.41,"onGround":false,"type":"No emitter category","desc":"OpenSky cat 1","military":false,"spi":false,"category":1,"source":"opensky"}},{"type":"Feature","geometry":{"type":"Point","coordinates":[-3.427,40.3658]},"properties":{"callsign":"AEA007","hex":"344459","origin":"Spain","altitude":1303.02,"velocity":109.6,"heading":322.05,"onGround":false,"type":"Unknown","desc":"OpenSky cat 0","military":false,"spi":false,"category":0,"source":"opensky"}},{"type":"Feature","geometry":{"type":"Point","coordinates":[-9.7519,35.4196]},"properties":{"callsign":"EJU34EZ","hex":"4400c8","origin":"Austria","altitude":11582.4,"velocity":235.84,"heading":27.4,"onGround":false,"type":"Unknown","desc":"OpenSky cat 0","military":false,"spi":false,"category":0,"source":"opensky"}},{"type":"Feature","geometry":{"type":"Point","coordinates":[-4.4112,40.3391]},"properties":{"callsign":"EVE722","hex":"344445","origin":"Spain","altitude":11277.6,"velocity":230.3,"heading":189.13,"onGround":false,"type":"Unknown","desc":"OpenSky cat 0","military":false,"spi":false,"category":0,"source":"opensky"}},{"type":"Feature","geometry":{"type":"Point","coordinates":[-1.1222,43.0024]},"properties":{"callsign":"EJU51LZ","hex":"4400b7","origin":"Austria","altitude":11277.6,"velocity":214.25,"heading":237.95,"onGround":false,"type":"Large","desc":"OpenSky cat 4","military":false,"spi":false,"category":4,"source":"opensky"}},{"type":"Feature","geometry":{"type":"Point","coordinates":[-5.5643,35.2974]},"properties":{"callsign":"JAF5GA","hex":"4520aa","origin":"Bulgaria","altitude":11887.2,"velocity":217.42,"heading":211.85,"onGround":false,"type":"Unknown","desc":"OpenSky cat 0","military":false,"spi":false,"category":0,"source":"opensky"}},{"type":"Feature","geometry":{"type":"Point","coordinates":[-2.8151,43.6152]},"properties":{"callsign":"WUK47BD","hex":"407b54","origin":"United Kingdom","altitude":10980.42,"velocity":244.29,"heading":10.43,"onGround":false,"type":"Unknown","desc":"OpenSky cat 0","military":false,"spi":false,"category":0,"source":"opensky"}},{"type":"Feature","geometry":{"type":"Point","coordinates":[-1.0909,38.3887]},"properties":{"callsign":"EWG9P","hex":"3c4b4c","origin":"Germany","altitude":2072.64,"velocity":77.3,"heading":99.96,"onGround":false,"type":"Unknown","desc":"OpenSky cat 0","military":false,"spi":false,"category":0,"source":"opensky"}},{"type":"Feature","geometry":{"type":"Point","coordinates":[-13.4774,30.7649]},"properties":{"callsign":"VLG63PK","hex":"3443d5","origin":"Spain","altitude":9136.38,"velocity":227.63,"heading":34.88,"onGround":false,"type":"Unknown","desc":"OpenSky cat 0","military":false,"spi":false,"category":0,"source":"opensky"}},{"type":"Feature","geometry":{"type":"Point","coordinates":[-3.4365,39.6424]},"properties":{"callsign":"VLG79XV","hex":"3443d2","origin":"Spain","altitude":10370.82,"velocity":247.66,"heading":7.76,"onGround":false,"type":"Unknown","desc":"OpenSky cat 0","military":false,"spi":false,"category":0,"source":"opensky"}},{"type":"Feature","geometry":{"type":"Point","coordinates":[141.2345,39.7436]},"properties":{"callsign":"ANA78","hex":"8744f6","origin":"Japan","altitude":12192,"velocity":243.68,"heading":193.8,"onGround":false,"type":"Unknown","desc":"OpenSky cat 0","military":false,"spi":false,"category":0,"source":"opensky"}},{"type":"Feature","geometry":{"type":"Point","coordinates":[139.9779,35.2512]},"properties":{"callsign":"JAL134","hex":"851914","origin":"Japan","altitude":1752.6,"velocity":102.31,"heading":13.97,"onGround":false,"type":"Unknown","desc":"OpenSky cat 0","military":false,"spi":false,"category":0,"source":"opensky"}},{"type":"Feature","geometry":{"type":"Point","coordinates":[141.809,42.557]},"properties":{"callsign":"ADO121","hex":"841a6c","origin":"Japan","altitude":3360.42,"velocity":151.85,"heading":14.32,"onGround":false,"type":"Unknown","desc":"OpenSky cat 0","military":false,"spi":false,"category":0,"source":"opensky"}},{"type":"Feature","geometry":{"type":"Point","coordinates":[139.7841,35.5472]},"properties":{"callsign":"JAL296","hex":"851936","origin":"Japan","altitude":0,"velocity":0.45,"heading":59.06,"onGround":true,"type":"Unknown","desc":"OpenSky cat 0","military":false,"spi":false,"category":0,"source":"opensky"}},{"type":"Feature","geometry":{"type":"Point","coordinates":[139.6516,35.8594]},"properties":{"callsign":"JA634P","hex":"86260b","origin":"Japan","altitude":434.34,"velocity":41.67,"heading":359.29,"onGround":false,"type":"Unknown","desc":"OpenSky cat 0","military":false,"spi":false,"category":0,"source":"opensky"}},{"type":"Feature","geometry":{"type":"Point","coordinates":[138.243,35.6918]},"properties":{"callsign":"JAL209","hex":"85188c","origin":"Japan","altitude":7231.38,"velocity":202.41,"heading":254.97,"onGround":false,"type":"Unknown","desc":"OpenSky cat 0","military":false,"spi":false,"category":0,"source":"opensky"}},{"type":"Feature","geometry":{"type":"Point","coordinates":[144.1217,37.3156]},"properties":{"callsign":"ACA64","hex":"c01040","origin":"Canada","altitude":10668,"velocity":279.92,"heading":95.06,"onGround":false,"type":"Unknown","desc":"OpenSky cat 0","military":false,"spi":false,"category":0,"source":"opensky"}},{"type":"Feature","geometry":{"type":"Point","coordinates":[140.0538,35.2723]},"properties":{"callsign":"ANA125","hex":"873356","origin":"Japan","altitude":1181.1,"velocity":130.01,"heading":244.45,"onGround":false,"type":"Unknown","desc":"OpenSky cat 0","military":false,"spi":false,"category":0,"source":"opensky"}},{"type":"Feature","geometry":{"type":"Point","coordinates":[138.5807,34.6582]},"properties":{"callsign":"SFJ52","hex":"841b6a","origin":"Japan","altitude":8686.8,"velocity":242.98,"heading":80.62,"onGround":false,"type":"Unknown","desc":"OpenSky cat 0","military":false,"spi":false,"category":0,"source":"opensky"}},{"type":"Feature","geometry":{"type":"Point","coordinates":[142.6665,40.169]},"properties":{"callsign":"JAL544","hex":"8518d0","origin":"Japan","altitude":10965.18,"velocity":215.31,"heading":213.99,"onGround":false,"type":"Unknown","desc":"OpenSky cat 0","military":false,"spi":false,"category":0,"source":"opensky"}},{"type":"Feature","geometry":{"type":"Point","coordinates":[135.298,34.4634]},"properties":{"callsign":"UPS105","hex":"a4771b","origin":"United States","altitude":236.22,"velocity":75.29,"heading":230.55,"onGround":false,"type":"Unknown","desc":"OpenSky cat 0","military":false,"spi":false,"category":0,"source":"opensky"}},{"type":"Feature","geometry":{"type":"Point","coordinates":[139.9656,35.7837]},"properties":{"callsign":"ANA79","hex":"8733bc","origin":"Japan","altitude":3535.68,"velocity":177.06,"heading":358.17,"onGround":false,"type":"Unknown","desc":"OpenSky cat 0","military":false,"spi":false,"category":0,"source":"opensky"}},{"type":"Feature","geometry":{"type":"Point","coordinates":[138.1696,35.4432]},"properties":{"callsign":"JAL241","hex":"841bd1","origin":"Japan","altitude":10020.3,"velocity":229.97,"heading":263.32,"onGround":false,"type":"Unknown","desc":"OpenSky cat 0","military":false,"spi":false,"category":0,"source":"opensky"}},{"type":"Feature","geometry":{"type":"Point","coordinates":[141.7233,41.8843]},"properties":{"callsign":"IBX50","hex":"846020","origin":"Japan","altitude":6004.56,"velocity":184,"heading":217.96,"onGround":false,"type":"Unknown","desc":"OpenSky cat 0","military":false,"spi":false,"category":0,"source":"opensky"}},{"type":"Feature","geometry":{"type":"Point","coordinates":[140.5394,36.1021]},"properties":{"callsign":"JAL4","hex":"840a64","origin":"Japan","altitude":5974.08,"velocity":234.71,"heading":123.38,"onGround":false,"type":"Unknown","desc":"OpenSky cat 0","military":false,"spi":false,"category":0,"source":"opensky"}},{"type":"Feature","geometry":{"type":"Point","coordinates":[138.3587,34.5137]},"properties":{"callsign":"ANA640","hex":"85d098","origin":"Japan","altitude":9867.9,"velocity":236.27,"heading":69.08,"onGround":false,"type":"Unknown","desc":"OpenSky cat 0","military":false,"spi":false,"category":0,"source":"opensky"}},{"type":"Feature","geometry":{"type":"Point","coordinates":[135.2596,33.3132]},"properties":{"callsign":"CPA810","hex":"780a16","origin":"China","altitude":9448.8,"velocity":258.3,"heading":41.85,"onGround":false,"type":"No emitter category","desc":"OpenSky cat 1","military":false,"spi":false,"category":1,"source":"opensky"}},{"type":"Feature","geometry":{"type":"Point","coordinates":[139.7759,35.5467]},"properties":{"callsign":"N750SF","hex":"aa1b9f","origin":"United States","altitude":0,"velocity":8.23,"heading":149.06,"onGround":true,"type":"Unknown","desc":"OpenSky cat 0","military":false,"spi":false,"category":0,"source":"opensky"}},{"type":"Feature","geometry":{"type":"Point","coordinates":[139.3601,34.2694]},"properties":{"callsign":"JJP616","hex":"841ebc","origin":"Japan","altitude":10553.7,"velocity":241.25,"heading":73.65,"onGround":false,"type":"Unknown","desc":"OpenSky cat 0","military":false,"spi":false,"category":0,"source":"opensky"}},{"type":"Feature","geometry":{"type":"Point","coordinates":[137.7853,35.2692]},"properties":{"callsign":"CKK222","hex":"781e34","origin":"China","altitude":11582.4,"velocity":234.86,"heading":260.29,"onGround":false,"type":"Unknown","desc":"OpenSky cat 0","military":false,"spi":false,"category":0,"source":"opensky"}},{"type":"Feature","geometry":{"type":"Point","coordinates":[140.2595,35.6111]},"properties":{"callsign":"ETD801","hex":"89649e","origin":"United Arab Emirates","altitude":5074.92,"velocity":176.24,"heading":246.43,"onGround":false,"type":"Unknown","desc":"OpenSky cat 0","military":false,"spi":false,"category":0,"source":"opensky"}},{"type":"Feature","geometry":{"type":"Point","coordinates":[138.4246,35.5596]},"properties":{"callsign":"JAL335","hex":"841ff4","origin":"Japan","altitude":6896.1,"velocity":226.72,"heading":262.57,"onGround":false,"type":"Unknown","desc":"OpenSky cat 0","military":false,"spi":false,"category":0,"source":"opensky"}},{"type":"Feature","geometry":{"type":"Point","coordinates":[137.4828,33.712]},"properties":{"callsign":"JJP7800","hex":"840cd8","origin":"Japan","altitude":11887.2,"velocity":227,"heading":88.05,"onGround":false,"type":"Unknown","desc":"OpenSky cat 0","military":false,"spi":false,"category":0,"source":"opensky"}},{"type":"Feature","geometry":{"type":"Point","coordinates":[90.597,26.1691]},"properties":{"callsign":"AIC6FW","hex":"801657","origin":"India","altitude":4335.78,"velocity":160.6,"heading":115.83,"onGround":false,"type":"Unknown","desc":"OpenSky cat 0","military":false,"spi":false,"category":0,"source":"opensky"}},{"type":"Feature","geometry":{"type":"Point","coordinates":[95.9151,22.7805]},"properties":{"callsign":"ATC402","hex":"0800ae","origin":"United Republic of Tanzania","altitude":12496.8,"velocity":251.41,"heading":82.95,"onGround":false,"type":"Unknown","desc":"OpenSky cat 0","military":false,"spi":false,"category":0,"source":"opensky"}},{"type":"Feature","geometry":{"type":"Point","coordinates":[96.298,19.5409]},"properties":{"callsign":"THA320","hex":"8851e5","origin":"Thailand","altitude":10683.24,"velocity":12.71,"heading":121.76,"onGround":false,"type":"Unknown","desc":"OpenSky cat 0","military":true,"spi":true,"category":0,"source":"opensky"}},{"type":"Feature","geometry":{"type":"Point","coordinates":[99.8359,17.5581]},"properties":{"callsign":"TGW675","hex":"76b869","origin":"Singapore","altitude":8260.08,"velocity":224.82,"heading":156.25,"onGround":false,"type":"Unknown","desc":"OpenSky cat 0","military":false,"spi":false,"category":0,"source":"opensky"}},{"type":"Feature","geometry":{"type":"Point","coordinates":[96.1352,16.9152]},"properties":{"callsign":"THA303","hex":"885314","origin":"Thailand","altitude":0,"velocity":2.57,"heading":126.87,"onGround":false,"type":"Unknown","desc":"OpenSky cat 0","military":false,"spi":false,"category":0,"source":"opensky"}},{"type":"Feature","geometry":{"type":"Point","coordinates":[90.3002,25.391]},"properties":{"callsign":"IGO6102","hex":"8016d3","origin":"India","altitude":11582.4,"velocity":235.37,"heading":243.94,"onGround":false,"type":"Unknown","desc":"OpenSky cat 0","military":false,"spi":false,"category":0,"source":"opensky"}},{"type":"Feature","geometry":{"type":"Point","coordinates":[96.9101,23.0163]},"properties":{"callsign":"CCA425","hex":"781b2e","origin":"China","altitude":9174.48,"velocity":247.08,"heading":261.5,"onGround":false,"type":"Unknown","desc":"OpenSky cat 0","military":false,"spi":false,"category":0,"source":"opensky"}},{"type":"Feature","geometry":{"type":"Point","coordinates":[90.4046,23.8405]},"properties":{"callsign":"UBG110","hex":"7020b8","origin":"Bangladesh","altitude":0,"velocity":9.77,"heading":56.25,"onGround":true,"type":"Unknown","desc":"OpenSky cat 0","military":false,"spi":false,"category":0,"source":"opensky"}},{"type":"Feature","geometry":{"type":"Point","coordinates":[90.9907,24.2309]},"properties":{"callsign":"UBG539","hex":"7020b5","origin":"Bangladesh","altitude":3352.8,"velocity":95.51,"heading":54.43,"onGround":false,"type":"Unknown","desc":"OpenSky cat 0","military":false,"spi":false,"category":0,"source":"opensky"}},{"type":"Feature","geometry":{"type":"Point","coordinates":[91.0806,22.3465]},"properties":{"callsign":"ABY342","hex":"8962d0","origin":"United Arab Emirates","altitude":4823.46,"velocity":167.63,"heading":277.58,"onGround":false,"type":"Large","desc":"OpenSky cat 4","military":false,"spi":false,"category":4,"source":"opensky"}},{"type":"Feature","geometry":{"type":"Point","coordinates":[101.8704,20.0732]},"properties":{"callsign":"CPA2045","hex":"780a28","origin":"China","altitude":10363.2,"velocity":257.34,"heading":299.59,"onGround":false,"type":"Heavy","desc":"OpenSky cat 6","military":false,"spi":false,"category":6,"source":"opensky"}},{"type":"Feature","geometry":{"type":"Point","coordinates":[93.8401,15.153]},"properties":{"callsign":"UAE372","hex":"8963eb","origin":"United Arab Emirates","altitude":11887.2,"velocity":237.33,"heading":103.28,"onGround":false,"type":"Unknown","desc":"OpenSky cat 0","military":false,"spi":false,"category":0,"source":"opensky"}},{"type":"Feature","geometry":{"type":"Point","coordinates":[95.9766,22.7707]},"properties":{"callsign":"UAE380","hex":"89644f","origin":"United Arab Emirates","altitude":10668,"velocity":251.92,"heading":82.96,"onGround":false,"type":"Unknown","desc":"OpenSky cat 0","military":false,"spi":false,"category":0,"source":"opensky"}},{"type":"Feature","geometry":{"type":"Point","coordinates":[94.4388,22.4764]},"properties":{"callsign":"ETH3032","hex":"040168","origin":"Ethiopia","altitude":11887.2,"velocity":244.93,"heading":80.08,"onGround":false,"type":"Unknown","desc":"OpenSky cat 0","military":false,"spi":false,"category":0,"source":"opensky"}},{"type":"Feature","geometry":{"type":"Point","coordinates":[96.791,22.7023]},"properties":{"callsign":"QTR816","hex":"06a375","origin":"Qatar","altitude":11277.6,"velocity":251.98,"heading":110.43,"onGround":false,"type":"Unknown","desc":"OpenSky cat 0","military":false,"spi":false,"category":0,"source":"opensky"}},{"type":"Feature","geometry":{"type":"Point","coordinates":[100.4794,18.3675]},"properties":{"callsign":"KAL491","hex":"71c083","origin":"Republic of Korea","altitude":11582.4,"velocity":262.1,"heading":232.1,"onGround":false,"type":"Unknown","desc":"OpenSky cat 0","military":false,"spi":false,"category":0,"source":"opensky"}},{"type":"Feature","geometry":{"type":"Point","coordinates":[93.4024,22.8272]},"properties":{"callsign":"CSN8069","hex":"781666","origin":"China","altitude":10972.8,"velocity":260.54,"heading":290.94,"onGround":false,"type":"Unknown","desc":"OpenSky cat 0","military":false,"spi":false,"category":0,"source":"opensky"}},{"type":"Feature","geometry":{"type":"Point","coordinates":[101.3236,22.8078]},"properties":{"callsign":"UEA2867","hex":"78184b","origin":"China","altitude":11590.02,"velocity":240.79,"heading":180.86,"onGround":false,"type":"Unknown","desc":"OpenSky cat 0","military":false,"spi":false,"category":0,"source":"opensky"}},{"type":"Feature","geometry":{"type":"Point","coordinates":[96.6138,16.8519]},"properties":{"callsign":"AIQ253","hex":"880c46","origin":"Thailand","altitude":2545.08,"velocity":147.97,"heading":303.08,"onGround":false,"type":"Unknown","desc":"OpenSky cat 0","military":false,"spi":false,"category":0,"source":"opensky"}},{"type":"Feature","geometry":{"type":"Point","coordinates":[98.2036,23.2707]},"properties":{"callsign":"QTR872","hex":"06a077","origin":"Qatar","altitude":11277.6,"velocity":252.71,"heading":80.86,"onGround":false,"type":"Unknown","desc":"OpenSky cat 0","military":false,"spi":false,"category":0,"source":"opensky"}},{"type":"Feature","geometry":{"type":"Point","coordinates":[94.4928,22.7241]},"properties":{"callsign":"UBA504","hex":"70412b","origin":"Myanmar","altitude":3444.24,"velocity":105.31,"heading":156.69,"onGround":false,"type":"Unknown","desc":"OpenSky cat 0","military":false,"spi":false,"category":0,"source":"opensky"}},{"type":"Feature","geometry":{"type":"Point","coordinates":[91.0409,16.2244]},"properties":{"callsign":"AIC2384","hex":"801408","origin":"India","altitude":10668,"velocity":228.13,"heading":136.19,"onGround":false,"type":"Unknown","desc":"OpenSky cat 0","military":false,"spi":false,"category":0,"source":"opensky"}},{"type":"Feature","geometry":{"type":"Point","coordinates":[96.1348,16.902]},"properties":{"callsign":"UBA812","hex":"7041c1","origin":"Myanmar","altitude":0,"velocity":61.92,"heading":213.82,"onGround":false,"type":"Unknown","desc":"OpenSky cat 0","military":false,"spi":false,"category":0,"source":"opensky"}},{"type":"Feature","geometry":{"type":"Point","coordinates":[74.7253,15.3343]},"properties":{"callsign":"IGO374","hex":"801616","origin":"India","altitude":7894.32,"velocity":207.59,"heading":85.02,"onGround":false,"type":"Unknown","desc":"OpenSky cat 0","military":false,"spi":false,"category":0,"source":"opensky"}},{"type":"Feature","geometry":{"type":"Point","coordinates":[72.8541,19.0917]},"properties":{"callsign":"IGO5155","hex":"801663","origin":"India","altitude":0,"velocity":0.26,"heading":0,"onGround":true,"type":"Unknown","desc":"OpenSky cat 0","military":false,"spi":false,"category":0,"source":"opensky"}},{"type":"Feature","geometry":{"type":"Point","coordinates":[73.1345,18.5866]},"properties":{"callsign":"IGO1315","hex":"801661","origin":"India","altitude":10363.2,"velocity":254.25,"heading":285.61,"onGround":false,"type":"Unknown","desc":"OpenSky cat 0","military":false,"spi":false,"category":0,"source":"opensky"}},{"type":"Feature","geometry":{"type":"Point","coordinates":[72.7391,18.8734]},"properties":{"callsign":"IGO456E","hex":"8014b0","origin":"India","altitude":3413.76,"velocity":190.55,"heading":177.37,"onGround":false,"type":"Unknown","desc":"OpenSky cat 0","military":false,"spi":false,"category":0,"source":"opensky"}},{"type":"Feature","geometry":{"type":"Point","coordinates":[73.6119,15.6659]},"properties":{"callsign":"IGO318V","hex":"8014ad","origin":"India","altitude":3954.78,"velocity":178.79,"heading":332.4,"onGround":false,"type":"Unknown","desc":"OpenSky cat 0","military":false,"spi":false,"category":0,"source":"opensky"}},{"type":"Feature","geometry":{"type":"Point","coordinates":[73.6002,19.2615]},"properties":{"callsign":"IGO5247","hex":"8014de","origin":"India","altitude":3398.52,"velocity":153.43,"heading":248.77,"onGround":false,"type":"Unknown","desc":"OpenSky cat 0","military":false,"spi":false,"category":0,"source":"opensky"}},{"type":"Feature","geometry":{"type":"Point","coordinates":[72.9603,19.09]},"properties":{"callsign":"AKJ1132","hex":"8014f8","origin":"India","altitude":495.3,"velocity":77.69,"heading":269.24,"onGround":false,"type":"Unknown","desc":"OpenSky cat 0","military":false,"spi":false,"category":0,"source":"opensky"}},{"type":"Feature","geometry":{"type":"Point","coordinates":[73.1826,19.1472]},"properties":{"callsign":"AIC6VA","hex":"8014ed","origin":"India","altitude":1203.96,"velocity":101.58,"heading":173.02,"onGround":false,"type":"Unknown","desc":"OpenSky cat 0","military":false,"spi":false,"category":0,"source":"opensky"}},{"type":"Feature","geometry":{"type":"Point","coordinates":[72.8847,19.0889]},"properties":{"callsign":"VTNJB","hex":"8001bb","origin":"India","altitude":106.68,"velocity":64.31,"heading":269.08,"onGround":false,"type":"Unknown","desc":"OpenSky cat 0","military":false,"spi":false,"category":0,"source":"opensky"}},{"type":"Feature","geometry":{"type":"Point","coordinates":[72.857,19.0903]},"properties":{"callsign":"IGO943Y","hex":"80177e","origin":"India","altitude":0,"velocity":4.12,"heading":90,"onGround":true,"type":"Unknown","desc":"OpenSky cat 0","military":false,"spi":false,"category":0,"source":"opensky"}},{"type":"Feature","geometry":{"type":"Point","coordinates":[73.3345,19.0184]},"properties":{"callsign":"IGO770C","hex":"8016b1","origin":"India","altitude":1371.6,"velocity":89.78,"heading":262.43,"onGround":false,"type":"Unknown","desc":"OpenSky cat 0","military":false,"spi":false,"category":0,"source":"opensky"}},{"type":"Feature","geometry":{"type":"Point","coordinates":[68.458,18.8198]},"properties":{"callsign":"AXB426","hex":"8015ee","origin":"India","altitude":11277.6,"velocity":221.39,"heading":117.99,"onGround":false,"type":"Unknown","desc":"OpenSky cat 0","military":false,"spi":false,"category":0,"source":"opensky"}},{"type":"Feature","geometry":{"type":"Point","coordinates":[72.8898,19.2791]},"properties":{"callsign":"IGO6553","hex":"80171b","origin":"India","altitude":8412.48,"velocity":225.65,"heading":350.02,"onGround":false,"type":"Unknown","desc":"OpenSky cat 0","military":false,"spi":false,"category":0,"source":"opensky"}},{"type":"Feature","geometry":{"type":"Point","coordinates":[72.8604,19.0887]},"properties":{"callsign":"IGO674","hex":"801861","origin":"India","altitude":0,"velocity":23.15,"heading":278.44,"onGround":true,"type":"Unknown","desc":"OpenSky cat 0","military":false,"spi":false,"category":0,"source":"opensky"}},{"type":"Feature","geometry":{"type":"Point","coordinates":[71.1011,19.386]},"properties":{"callsign":"UAE507","hex":"89611b","origin":"United Arab Emirates","altitude":8785.86,"velocity":266.01,"heading":290.61,"onGround":false,"type":"Unknown","desc":"OpenSky cat 0","military":false,"spi":false,"category":0,"source":"opensky"}},{"type":"Feature","geometry":{"type":"Point","coordinates":[69.1173,17.4165]},"properties":{"callsign":"AIC71M","hex":"80073c","origin":"India","altitude":11574.78,"velocity":269.3,"heading":298.28,"onGround":false,"type":"Unknown","desc":"OpenSky cat 0","military":false,"spi":false,"category":0,"source":"opensky"}},{"type":"Feature","geometry":{"type":"Point","coordinates":[69.2074,18.4366]},"properties":{"callsign":"ETD8KP","hex":"896698","origin":"United Arab Emirates","altitude":10363.2,"velocity":253.08,"heading":299.07,"onGround":false,"type":"Unknown","desc":"OpenSky cat 0","military":false,"spi":false,"category":0,"source":"opensky"}},{"type":"Feature","geometry":{"type":"Point","coordinates":[70.3505,20.6573]},"properties":{"callsign":"GFA155","hex":"89409f","origin":"Bahrain","altitude":11582.4,"velocity":268.46,"heading":285.45,"onGround":false,"type":"Unknown","desc":"OpenSky cat 0","military":false,"spi":false,"category":0,"source":"opensky"}},{"type":"Feature","geometry":{"type":"Point","coordinates":[71.7383,29.5895]},"properties":{"callsign":"FJL845","hex":"760a15","origin":"Pakistan","altitude":10873.74,"velocity":234.75,"heading":226.86,"onGround":false,"type":"Unknown","desc":"OpenSky cat 0","military":false,"spi":false,"category":0,"source":"opensky"}},{"type":"Feature","geometry":{"type":"Point","coordinates":[73.4755,18.2106]},"properties":{"callsign":"IGO102W","hex":"801499","origin":"India","altitude":10675.62,"velocity":230.01,"heading":146.77,"onGround":false,"type":"Unknown","desc":"OpenSky cat 0","military":false,"spi":false,"category":0,"source":"opensky"}},{"type":"Feature","geometry":{"type":"Point","coordinates":[73.4028,18.1639]},"properties":{"callsign":"IGO163K","hex":"801554","origin":"India","altitude":10972.8,"velocity":244.28,"heading":307.64,"onGround":false,"type":"Unknown","desc":"OpenSky cat 0","military":false,"spi":false,"category":0,"source":"opensky"}},{"type":"Feature","geometry":{"type":"Point","coordinates":[73.404,18.9641]},"properties":{"callsign":"VTTAT","hex":"8013c5","origin":"India","altitude":2301.24,"velocity":105.75,"heading":21.7,"onGround":false,"type":"Unknown","desc":"OpenSky cat 0","military":false,"spi":false,"category":0,"source":"opensky"}},{"type":"Feature","geometry":{"type":"Point","coordinates":[73.8613,15.3864]},"properties":{"callsign":"AIC5GH","hex":"8013b2","origin":"India","altitude":175.26,"velocity":67.6,"heading":259.03,"onGround":false,"type":"Unknown","desc":"OpenSky cat 0","military":false,"spi":false,"category":0,"source":"opensky"}},{"type":"Feature","geometry":{"type":"Point","coordinates":[-82.724,28.5909]},"properties":{"callsign":"N709WY","hex":"a97808","origin":"United States","altitude":5775.96,"velocity":112.05,"heading":352.61,"onGround":false,"type":"Unknown","desc":"OpenSky cat 0","military":false,"spi":false,"category":0,"source":"opensky"}},{"type":"Feature","geometry":{"type":"Point","coordinates":[-78.404,25.9689]},"properties":{"callsign":"JBU59","hex":"a35592","origin":"United States","altitude":10363.2,"velocity":236.81,"heading":159.79,"onGround":false,"type":"Unknown","desc":"OpenSky cat 0","military":false,"spi":false,"category":0,"source":"opensky"}},{"type":"Feature","geometry":{"type":"Point","coordinates":[-81.3193,29.9539]},"properties":{"callsign":"ERU963","hex":"ad67bf","origin":"United States","altitude":144.78,"velocity":40.02,"heading":223.96,"onGround":false,"type":"Unknown","desc":"OpenSky cat 0","military":false,"spi":false,"category":0,"source":"opensky"}},{"type":"Feature","geometry":{"type":"Point","coordinates":[-80.298,25.7998]},"properties":{"callsign":"AAL1780","hex":"a4d7e4","origin":"United States","altitude":0,"velocity":7.72,"heading":267.19,"onGround":true,"type":"Unknown","desc":"OpenSky cat 0","military":true,"spi":true,"category":0,"source":"opensky"}},{"type":"Feature","geometry":{"type":"Point","coordinates":[-88.3695,20.7321]},"properties":{"callsign":"VIV2102","hex":"0d123a","origin":"Mexico","altitude":8458.2,"velocity":230.9,"heading":259.99,"onGround":false,"type":"Unknown","desc":"OpenSky cat 0","military":false,"spi":false,"category":0,"source":"opensky"}},{"type":"Feature","geometry":{"type":"Point","coordinates":[-80.0938,26.5837]},"properties":{"callsign":"N101LU","hex":"a00978","origin":"United States","altitude":83.82,"velocity":32.96,"heading":34.19,"onGround":false,"type":"Unknown","desc":"OpenSky cat 0","military":false,"spi":false,"category":0,"source":"opensky"}},{"type":"Feature","geometry":{"type":"Point","coordinates":[-83.109,29.3251]},"properties":{"callsign":"FFT1853","hex":"a46345","origin":"United States","altitude":10523.22,"velocity":224.27,"heading":329.08,"onGround":false,"type":"Unknown","desc":"OpenSky cat 0","military":false,"spi":false,"category":0,"source":"opensky"}},{"type":"Feature","geometry":{"type":"Point","coordinates":[-80.5154,26.0033]},"properties":{"callsign":"N62218","hex":"a82047","origin":"United States","altitude":640.08,"velocity":40.13,"heading":216.14,"onGround":false,"type":"Unknown","desc":"OpenSky cat 0","military":false,"spi":false,"category":0,"source":"opensky"}},{"type":"Feature","geometry":{"type":"Point","coordinates":[-82.272,27.6254]},"properties":{"callsign":"SWA3797","hex":"abae2c","origin":"United States","altitude":2720.34,"velocity":142,"heading":32.42,"onGround":false,"type":"Unknown","desc":"OpenSky cat 0","military":false,"spi":false,"category":0,"source":"opensky"}},{"type":"Feature","geometry":{"type":"Point","coordinates":[-80.2191,27.2769]},"properties":{"callsign":"N433AL","hex":"a52e4e","origin":"United States","altitude":1516.38,"velocity":82.95,"heading":262.87,"onGround":false,"type":"Light","desc":"OpenSky cat 2","military":false,"spi":false,"category":2,"source":"opensky"}},{"type":"Feature","geometry":{"type":"Point","coordinates":[-81.6521,27.1416]},"properties":{"callsign":"FTT9","hex":"aa08a2","origin":"United States","altitude":914.4,"velocity":47.85,"heading":91.23,"onGround":false,"type":"Unknown","desc":"OpenSky cat 0","military":false,"spi":false,"category":0,"source":"opensky"}},{"type":"Feature","geometry":{"type":"Point","coordinates":[-81.9519,26.859]},"properties":{"callsign":"N17CK","hex":"a11710","origin":"United States","altitude":3543.3,"velocity":88.61,"heading":115.08,"onGround":false,"type":"Unknown","desc":"OpenSky cat 0","military":false,"spi":false,"category":0,"source":"opensky"}},{"type":"Feature","geometry":{"type":"Point","coordinates":[-80.6304,28.2098]},"properties":{"callsign":"N6272E","hex":"a832e1","origin":"United States","altitude":731.52,"velocity":54.01,"heading":162.26,"onGround":false,"type":"Unknown","desc":"OpenSky cat 0","military":false,"spi":false,"category":0,"source":"opensky"}},{"type":"Feature","geometry":{"type":"Point","coordinates":[-80.4544,25.669]},"properties":{"callsign":"N4325R","hex":"a52da3","origin":"United States","altitude":243.84,"velocity":43.88,"heading":265.29,"onGround":false,"type":"Unknown","desc":"OpenSky cat 0","military":false,"spi":false,"category":0,"source":"opensky"}},{"type":"Feature","geometry":{"type":"Point","coordinates":[-80.8717,29.0572]},"properties":{"callsign":"LFA524","hex":"a2376e","origin":"United States","altitude":739.14,"velocity":45.26,"heading":148.48,"onGround":false,"type":"Unknown","desc":"OpenSky cat 0","military":false,"spi":false,"category":0,"source":"opensky"}},{"type":"Feature","geometry":{"type":"Point","coordinates":[-81.3455,29.6331]},"properties":{"callsign":"ROU1671","hex":"c058cb","origin":"Canada","altitude":6431.28,"velocity":208.14,"heading":356.88,"onGround":false,"type":"Unknown","desc":"OpenSky cat 0","military":false,"spi":false,"category":0,"source":"opensky"}},{"type":"Feature","geometry":{"type":"Point","coordinates":[-81.3996,29.0567]},"properties":{"callsign":"ERU818","hex":"ab2788","origin":"United States","altitude":754.38,"velocity":53.91,"heading":66.37,"onGround":false,"type":"Unknown","desc":"OpenSky cat 0","military":false,"spi":false,"category":0,"source":"opensky"}},{"type":"Feature","geometry":{"type":"Point","coordinates":[-80.2899,26.4406]},"properties":{"callsign":"N100LU","hex":"a005c1","origin":"United States","altitude":1356.36,"velocity":54.57,"heading":298.74,"onGround":false,"type":"Unknown","desc":"OpenSky cat 0","military":false,"spi":false,"category":0,"source":"opensky"}},{"type":"Feature","geometry":{"type":"Point","coordinates":[-81.7608,28.0686]},"properties":{"callsign":"N401AA","hex":"a4b059","origin":"United States","altitude":1341.12,"velocity":52.06,"heading":281.98,"onGround":false,"type":"Unknown","desc":"OpenSky cat 0","military":false,"spi":false,"category":0,"source":"opensky"}},{"type":"Feature","geometry":{"type":"Point","coordinates":[-81.247,29.2863]},"properties":{"callsign":"ERU958","hex":"ad52d3","origin":"United States","altitude":586.74,"velocity":55.32,"heading":157.01,"onGround":false,"type":"Unknown","desc":"OpenSky cat 0","military":false,"spi":false,"category":0,"source":"opensky"}},{"type":"Feature","geometry":{"type":"Point","coordinates":[-80.4808,28.0218]},"properties":{"callsign":"TCF641","hex":"a86981","origin":"United States","altitude":579.12,"velocity":46.43,"heading":15.42,"onGround":false,"type":"Unknown","desc":"OpenSky cat 0","military":false,"spi":false,"category":0,"source":"opensky"}},{"type":"Feature","geometry":{"type":"Point","coordinates":[-78.5121,25.6378]},"properties":{"callsign":"GLG7395","hex":"ab2728","origin":"United States","altitude":11277.6,"velocity":238.7,"heading":197.3,"onGround":false,"type":"Unknown","desc":"OpenSky cat 0","military":false,"spi":false,"category":0,"source":"opensky"}},{"type":"Feature","geometry":{"type":"Point","coordinates":[-80.4249,25.9058]},"properties":{"callsign":"N65645","hex":"a8a606","origin":"United States","altitude":487.68,"velocity":46.4,"heading":86.19,"onGround":false,"type":"Unknown","desc":"OpenSky cat 0","military":false,"spi":false,"category":0,"source":"opensky"}},{"type":"Feature","geometry":{"type":"Point","coordinates":[-115.6035,36.4525]},"properties":{"callsign":"JANET33","hex":"a3685d","origin":"United States","altitude":4267.2,"velocity":198.96,"heading":348.52,"onGround":false,"type":"Unknown","desc":"OpenSky cat 0","military":false,"spi":false,"category":0,"source":"opensky"}},{"type":"Feature","geometry":{"type":"Point","coordinates":[-110.3822,39.4339]},"properties":{"callsign":"AAL1214","hex":"a6f00d","origin":"United States","altitude":9951.72,"velocity":246.26,"heading":121.76,"onGround":false,"type":"Unknown","desc":"OpenSky cat 0","military":false,"spi":false,"category":0,"source":"opensky"}},{"type":"Feature","geometry":{"type":"Point","coordinates":[-112.3526,33.7056]},"properties":{"callsign":"N119GX","hex":"a04e4e","origin":"United States","altitude":1775.46,"velocity":38.59,"heading":270.76,"onGround":false,"type":"Unknown","desc":"OpenSky cat 0","military":false,"spi":false,"category":0,"source":"opensky"}},{"type":"Feature","geometry":{"type":"Point","coordinates":[-117.1983,32.7346]},"properties":{"callsign":"FDX1889","hex":"adc95d","origin":"United States","altitude":0,"velocity":13.38,"heading":106.88,"onGround":true,"type":"Unknown","desc":"OpenSky cat 0","military":false,"spi":false,"category":0,"source":"opensky"}},{"type":"Feature","geometry":{"type":"Point","coordinates":[-111.1485,42.0359]},"properties":{"callsign":"UAL1552","hex":"a12710","origin":"United States","altitude":10668,"velocity":245.41,"heading":127.59,"onGround":false,"type":"Unknown","desc":"OpenSky cat 0","military":true,"spi":true,"category":0,"source":"opensky"}},{"type":"Feature","geometry":{"type":"Point","coordinates":[-117.44,34.4491]},"properties":{"callsign":"REH13","hex":"a40b80","origin":"United States","altitude":2461.26,"velocity":50.2,"heading":204.2,"onGround":false,"type":"Unknown","desc":"OpenSky cat 0","military":false,"spi":false,"category":0,"source":"opensky"}},{"type":"Feature","geometry":{"type":"Point","coordinates":[-117.0887,38.2034]},"properties":{"callsign":"FDX1545","hex":"a1010c","origin":"United States","altitude":9761.22,"velocity":221.64,"heading":257.12,"onGround":false,"type":"Unknown","desc":"OpenSky cat 0","military":false,"spi":false,"category":0,"source":"opensky"}},{"type":"Feature","geometry":{"type":"Point","coordinates":[-107.0257,31.8654]},"properties":{"callsign":"N339CA","hex":"a3b771","origin":"United States","altitude":4069.08,"velocity":95.18,"heading":66.76,"onGround":false,"type":"Unknown","desc":"OpenSky cat 0","military":false,"spi":false,"category":0,"source":"opensky"}},{"type":"Feature","geometry":{"type":"Point","coordinates":[-111.8584,33.3087]},"properties":{"callsign":"N805LF","hex":"aaf570","origin":"United States","altitude":731.52,"velocity":65.16,"heading":317.24,"onGround":false,"type":"Unknown","desc":"OpenSky cat 0","military":false,"spi":false,"category":0,"source":"opensky"}},{"type":"Feature","geometry":{"type":"Point","coordinates":[-105.1182,39.912]},"properties":{"callsign":"N5771V","hex":"a76af9","origin":"United States","altitude":1676.4,"velocity":0,"heading":0,"onGround":false,"type":"Unknown","desc":"OpenSky cat 0","military":false,"spi":false,"category":0,"source":"opensky"}},{"type":"Feature","geometry":{"type":"Point","coordinates":[-115.2903,41.4136]},"properties":{"callsign":"ELY005","hex":"7380c3","origin":"Israel","altitude":11582.4,"velocity":231.15,"heading":210.79,"onGround":false,"type":"Heavy","desc":"OpenSky cat 6","military":false,"spi":false,"category":6,"source":"opensky"}},{"type":"Feature","geometry":{"type":"Point","coordinates":[-117.6524,34.6745]},"properties":{"callsign":"FDX1417","hex":"a1288b","origin":"United States","altitude":4693.92,"velocity":185.49,"heading":263.15,"onGround":false,"type":"Unknown","desc":"OpenSky cat 0","military":false,"spi":false,"category":0,"source":"opensky"}},{"type":"Feature","geometry":{"type":"Point","coordinates":[-116.66,34.3412]},"properties":{"callsign":"UPS904","hex":"a3dcd6","origin":"United States","altitude":8854.44,"velocity":202.46,"heading":243.43,"onGround":false,"type":"Heavy","desc":"OpenSky cat 6","military":false,"spi":false,"category":6,"source":"opensky"}},{"type":"Feature","geometry":{"type":"Point","coordinates":[-117.5877,33.9035]},"properties":{"callsign":"ATN9730","hex":"a81045","origin":"United States","altitude":2148.84,"velocity":132.95,"heading":72.9,"onGround":false,"type":"Unknown","desc":"OpenSky cat 0","military":false,"spi":false,"category":0,"source":"opensky"}},{"type":"Feature","geometry":{"type":"Point","coordinates":[-107.7358,37.348]},"properties":{"callsign":"SKW4641","hex":"a968c8","origin":"United States","altitude":5234.94,"velocity":208.89,"heading":38.9,"onGround":false,"type":"Unknown","desc":"OpenSky cat 0","military":false,"spi":false,"category":0,"source":"opensky"}},{"type":"Feature","geometry":{"type":"Point","coordinates":[-117.3445,37.6645]},"properties":{"callsign":"ASA1336","hex":"a6f5b5","origin":"United States","altitude":10485.12,"velocity":229.65,"heading":148.84,"onGround":false,"type":"Unknown","desc":"OpenSky cat 0","military":false,"spi":false,"category":0,"source":"opensky"}},{"type":"Feature","geometry":{"type":"Point","coordinates":[-113.6594,32.8242]},"properties":{"callsign":"N480LP","hex":"a5e9a1","origin":"United States","altitude":1950.72,"velocity":40.25,"heading":94.4,"onGround":false,"type":"Unknown","desc":"OpenSky cat 0","military":false,"spi":false,"category":0,"source":"opensky"}},{"type":"Feature","geometry":{"type":"Point","coordinates":[-114.9136,36.0559]},"properties":{"callsign":"SWA3035","hex":"ac00d6","origin":"United States","altitude":1668.78,"velocity":122.21,"heading":328.25,"onGround":false,"type":"Unknown","desc":"OpenSky cat 0","military":false,"spi":false,"category":0,"source":"opensky"}},{"type":"Feature","geometry":{"type":"Point","coordinates":[-114.9177,40.709]},"properties":{"callsign":"UPS896","hex":"a4ec3a","origin":"United States","altitude":12192,"velocity":204.9,"heading":265.39,"onGround":false,"type":"Unknown","desc":"OpenSky cat 0","military":false,"spi":false,"category":0,"source":"opensky"}},{"type":"Feature","geometry":{"type":"Point","coordinates":[-114.7275,32.1272]},"properties":{"callsign":"CSG2652","hex":"781f03","origin":"China","altitude":10363.2,"velocity":236.13,"heading":306.5,"onGround":false,"type":"Unknown","desc":"OpenSky cat 0","military":false,"spi":false,"category":0,"source":"opensky"}},{"type":"Feature","geometry":{"type":"Point","coordinates":[-117.7243,34.1081]},"properties":{"callsign":"UPS914","hex":"a129d9","origin":"United States","altitude":3032.76,"velocity":147.61,"heading":280.64,"onGround":false,"type":"Unknown","desc":"OpenSky cat 0","military":false,"spi":false,"category":0,"source":"opensky"}},{"type":"Feature","geometry":{"type":"Point","coordinates":[-113.2683,38.504]},"properties":{"callsign":"FDX1419","hex":"a27f7f","origin":"United States","altitude":9761.22,"velocity":222.75,"heading":270,"onGround":false,"type":"Unknown","desc":"OpenSky cat 0","military":false,"spi":false,"category":0,"source":"opensky"}},{"type":"Feature","geometry":{"type":"Point","coordinates":[-112.6907,33.3292]},"properties":{"callsign":"FDX1865","hex":"a15ee6","origin":"United States","altitude":3299.46,"velocity":160.47,"heading":65.57,"onGround":false,"type":"Unknown","desc":"OpenSky cat 0","military":false,"spi":false,"category":0,"source":"opensky"}},{"type":"Feature","geometry":{"type":"Point","coordinates":[101.4342,2.8746]},"properties":{"callsign":"AWQ130","hex":"8a02cb","origin":"Indonesia","altitude":815.34,"velocity":116.34,"heading":70.36,"onGround":false,"type":"Unknown","desc":"OpenSky cat 0","military":false,"spi":false,"category":0,"source":"opensky"}},{"type":"Feature","geometry":{"type":"Point","coordinates":[104.0667,1.015]},"properties":{"callsign":"ANZ283","hex":"c81d82","origin":"New Zealand","altitude":3070.86,"velocity":151.65,"heading":113.17,"onGround":false,"type":"Unknown","desc":"OpenSky cat 0","military":false,"spi":false,"category":0,"source":"opensky"}},{"type":"Feature","geometry":{"type":"Point","coordinates":[97.5696,14.4029]},"properties":{"callsign":"IGO1059","hex":"80173e","origin":"India","altitude":10058.4,"velocity":225.34,"heading":93.93,"onGround":false,"type":"Unknown","desc":"OpenSky cat 0","military":false,"spi":false,"category":0,"source":"opensky"}},{"type":"Feature","geometry":{"type":"Point","coordinates":[100.7826,13.774]},"properties":{"callsign":"THA029","hex":"885313","origin":"Thailand","altitude":510.54,"velocity":72.62,"heading":193.94,"onGround":false,"type":"Unknown","desc":"OpenSky cat 0","military":false,"spi":false,"category":0,"source":"opensky"}},{"type":"Feature","geometry":{"type":"Point","coordinates":[100.841,14.3337]},"properties":{"callsign":"THA564","hex":"885315","origin":"Thailand","altitude":6446.52,"velocity":221.35,"heading":25.61,"onGround":false,"type":"Unknown","desc":"OpenSky cat 0","military":false,"spi":false,"category":0,"source":"opensky"}},{"type":"Feature","geometry":{"type":"Point","coordinates":[102.4706,1.729]},"properties":{"callsign":"BTK7251","hex":"8a04e4","origin":"Indonesia","altitude":8732.52,"velocity":224.44,"heading":123.69,"onGround":false,"type":"Unknown","desc":"OpenSky cat 0","military":false,"spi":false,"category":0,"source":"opensky"}},{"type":"Feature","geometry":{"type":"Point","coordinates":[101.8911,2.7839]},"properties":{"callsign":"BTK7163","hex":"8a04ce","origin":"Indonesia","altitude":10972.8,"velocity":247.65,"heading":306.89,"onGround":false,"type":"Unknown","desc":"OpenSky cat 0","military":false,"spi":false,"category":0,"source":"opensky"}},{"type":"Feature","geometry":{"type":"Point","coordinates":[100.1743,14.582]},"properties":{"callsign":"BKP219","hex":"8840ee","origin":"Thailand","altitude":8945.88,"velocity":220.61,"heading":343.89,"onGround":false,"type":"Unknown","desc":"OpenSky cat 0","military":false,"spi":false,"category":0,"source":"opensky"}},{"type":"Feature","geometry":{"type":"Point","coordinates":[104.0701,1.5662]},"properties":{"callsign":"BKP961","hex":"8840f9","origin":"Thailand","altitude":1021.08,"velocity":100.11,"heading":207.88,"onGround":false,"type":"Unknown","desc":"OpenSky cat 0","military":false,"spi":false,"category":0,"source":"opensky"}},{"type":"Feature","geometry":{"type":"Point","coordinates":[100.8283,13.9476]},"properties":{"callsign":"CSC3771","hex":"781b79","origin":"China","altitude":1531.62,"velocity":95.08,"heading":194.41,"onGround":false,"type":"Unknown","desc":"OpenSky cat 0","military":false,"spi":false,"category":0,"source":"opensky"}},{"type":"Feature","geometry":{"type":"Point","coordinates":[100.3127,10.52]},"properties":{"callsign":"BKP166","hex":"884214","origin":"Thailand","altitude":7360.92,"velocity":226.36,"heading":5.48,"onGround":false,"type":"Unknown","desc":"OpenSky cat 0","military":false,"spi":false,"category":0,"source":"opensky"}},{"type":"Feature","geometry":{"type":"Point","coordinates":[100.486,13.1061]},"properties":{"callsign":"BKP284","hex":"884215","origin":"Thailand","altitude":5920.74,"velocity":178.83,"heading":36.34,"onGround":false,"type":"Unknown","desc":"OpenSky cat 0","military":false,"spi":false,"category":0,"source":"opensky"}},{"type":"Feature","geometry":{"type":"Point","coordinates":[100.6393,11.5551]},"properties":{"callsign":"BKP169","hex":"884202","origin":"Thailand","altitude":9448.8,"velocity":218.7,"heading":181.35,"onGround":false,"type":"Unknown","desc":"OpenSky cat 0","military":false,"spi":false,"category":0,"source":"opensky"}},{"type":"Feature","geometry":{"type":"Point","coordinates":[100.8762,14.2517]},"properties":{"callsign":"THY68","hex":"4bb0f0","origin":"Turkey","altitude":3108.96,"velocity":139.49,"heading":157.22,"onGround":false,"type":"Unknown","desc":"OpenSky cat 0","military":false,"spi":false,"category":0,"source":"opensky"}},{"type":"Feature","geometry":{"type":"Point","coordinates":[101.7605,13.6245]},"properties":{"callsign":"UAE334","hex":"896305","origin":"United Arab Emirates","altitude":10668,"velocity":251.32,"heading":110.36,"onGround":false,"type":"Unknown","desc":"OpenSky cat 0","military":false,"spi":false,"category":0,"source":"opensky"}},{"type":"Feature","geometry":{"type":"Point","coordinates":[97.2557,14.3376]},"properties":{"callsign":"UAE370","hex":"896308","origin":"United Arab Emirates","altitude":11277.6,"velocity":247.3,"heading":104.21,"onGround":false,"type":"Unknown","desc":"OpenSky cat 0","military":false,"spi":false,"category":0,"source":"opensky"}},{"type":"Feature","geometry":{"type":"Point","coordinates":[100.7669,13.7141]},"properties":{"callsign":"BKP308","hex":"884346","origin":"Thailand","altitude":167.64,"velocity":51.41,"heading":193.9,"onGround":false,"type":"Unknown","desc":"OpenSky cat 0","military":false,"spi":false,"category":0,"source":"opensky"}},{"type":"Feature","geometry":{"type":"Point","coordinates":[103.9059,0.984]},"properties":{"callsign":"AWQ210","hex":"8a07ad","origin":"Indonesia","altitude":10980.42,"velocity":233.98,"heading":348.07,"onGround":false,"type":"Unknown","desc":"OpenSky cat 0","military":false,"spi":false,"category":0,"source":"opensky"}},{"type":"Feature","geometry":{"type":"Point","coordinates":[100.1291,14.831]},"properties":{"callsign":"TLM518","hex":"8830ef","origin":"Thailand","altitude":7780.02,"velocity":218.44,"heading":343.44,"onGround":false,"type":"Unknown","desc":"OpenSky cat 0","military":false,"spi":false,"category":0,"source":"opensky"}},{"type":"Feature","geometry":{"type":"Point","coordinates":[100.6145,10.5873]},"properties":{"callsign":"TLM792","hex":"8830ea","origin":"Thailand","altitude":9456.42,"velocity":234.14,"heading":181.38,"onGround":false,"type":"Unknown","desc":"OpenSky cat 0","military":false,"spi":false,"category":0,"source":"opensky"}},{"type":"Feature","geometry":{"type":"Point","coordinates":[100.2719,13.1251]},"properties":{"callsign":"TLM827","hex":"8830f6","origin":"Thailand","altitude":7193.28,"velocity":207.91,"heading":15.21,"onGround":false,"type":"Unknown","desc":"OpenSky cat 0","military":false,"spi":false,"category":0,"source":"opensky"}},{"type":"Feature","geometry":{"type":"Point","coordinates":[100.2579,13.4215]},"properties":{"callsign":"TLM813","hex":"8830f1","origin":"Thailand","altitude":6118.86,"velocity":201.49,"heading":10.59,"onGround":false,"type":"Unknown","desc":"OpenSky cat 0","military":false,"spi":false,"category":0,"source":"opensky"}},{"type":"Feature","geometry":{"type":"Point","coordinates":[102.7142,1.566]},"properties":{"callsign":"AWQ205","hex":"8a074e","origin":"Indonesia","altitude":9136.38,"velocity":214.88,"heading":123.58,"onGround":false,"type":"Unknown","desc":"OpenSky cat 0","military":false,"spi":false,"category":0,"source":"opensky"}},{"type":"Feature","geometry":{"type":"Point","coordinates":[-73.7722,40.6347]},"properties":{"callsign":"ASA40","hex":"a2228b","origin":"United States","altitude":0,"velocity":3.09,"heading":300.94,"onGround":true,"type":"Unknown","desc":"OpenSky cat 0","military":false,"spi":false,"category":0,"source":"opensky"}},{"type":"Feature","geometry":{"type":"Point","coordinates":[-70.9949,42.3858]},"properties":{"callsign":"JBU96","hex":"a3556f","origin":"United States","altitude":60.96,"velocity":68.04,"heading":200.35,"onGround":false,"type":"Unknown","desc":"OpenSky cat 0","military":false,"spi":false,"category":0,"source":"opensky"}},{"type":"Feature","geometry":{"type":"Point","coordinates":[-74.3781,40.2531]},"properties":{"callsign":"DAL2042","hex":"ac21e4","origin":"United States","altitude":5166.36,"velocity":200.87,"heading":240.55,"onGround":false,"type":"Unknown","desc":"OpenSky cat 0","military":false,"spi":false,"category":0,"source":"opensky"}},{"type":"Feature","geometry":{"type":"Point","coordinates":[-71.0143,42.368]},"properties":{"callsign":"JBU198","hex":"a85887","origin":"United States","altitude":0,"velocity":0,"heading":258.75,"onGround":true,"type":"Unknown","desc":"OpenSky cat 0","military":false,"spi":false,"category":0,"source":"opensky"}},{"type":"Feature","geometry":{"type":"Point","coordinates":[-74.4299,39.8199]},"properties":{"callsign":"JBU599","hex":"a64d4d","origin":"United States","altitude":6377.94,"velocity":204.06,"heading":220.19,"onGround":false,"type":"Unknown","desc":"OpenSky cat 0","military":false,"spi":false,"category":0,"source":"opensky"}},{"type":"Feature","geometry":{"type":"Point","coordinates":[-74.0284,40.2835]},"properties":{"callsign":"N360KK","hex":"a40d37","origin":"United States","altitude":1493.52,"velocity":86.59,"heading":29.15,"onGround":false,"type":"Unknown","desc":"OpenSky cat 0","military":false,"spi":false,"category":0,"source":"opensky"}},{"type":"Feature","geometry":{"type":"Point","coordinates":[-73.8655,40.7741]},"properties":{"callsign":"DAL873","hex":"a46304","origin":"United States","altitude":0,"velocity":3.09,"heading":357.19,"onGround":true,"type":"Unknown","desc":"OpenSky cat 0","military":false,"spi":false,"category":0,"source":"opensky"}},{"type":"Feature","geometry":{"type":"Point","coordinates":[-71.9722,42.1812]},"properties":{"callsign":"DAL695","hex":"a977bb","origin":"United States","altitude":8199.12,"velocity":209.49,"heading":268.17,"onGround":false,"type":"Unknown","desc":"OpenSky cat 0","military":false,"spi":false,"category":0,"source":"opensky"}},{"type":"Feature","geometry":{"type":"Point","coordinates":[-73.9687,39.632]},"properties":{"callsign":"AAL2951","hex":"a977d4","origin":"United States","altitude":4244.34,"velocity":198.46,"heading":230.57,"onGround":false,"type":"Unknown","desc":"OpenSky cat 0","military":false,"spi":false,"category":0,"source":"opensky"}},{"type":"Feature","geometry":{"type":"Point","coordinates":[-74.183,40.6665]},"properties":{"callsign":"UAL1890","hex":"a2dffe","origin":"United States","altitude":381,"velocity":87.04,"heading":197.9,"onGround":false,"type":"Unknown","desc":"OpenSky cat 0","military":false,"spi":false,"category":0,"source":"opensky"}},{"type":"Feature","geometry":{"type":"Point","coordinates":[-72.9343,41.9821]},"properties":{"callsign":"MXY540","hex":"a1f00e","origin":"United States","altitude":3208.02,"velocity":145.51,"heading":254.83,"onGround":false,"type":"Unknown","desc":"OpenSky cat 0","military":false,"spi":false,"category":0,"source":"opensky"}},{"type":"Feature","geometry":{"type":"Point","coordinates":[-71.2742,42.6469]},"properties":{"callsign":"T7MAHA","hex":"500388","origin":"San Marino","altitude":12489.18,"velocity":228.98,"heading":31.87,"onGround":false,"type":"Unknown","desc":"OpenSky cat 0","military":false,"spi":false,"category":0,"source":"opensky"}},{"type":"Feature","geometry":{"type":"Point","coordinates":[-74.0914,40.8362]},"properties":{"callsign":"RPA5764","hex":"a1acdb","origin":"United States","altitude":876.3,"velocity":102.67,"heading":170.77,"onGround":false,"type":"Unknown","desc":"OpenSky cat 0","military":false,"spi":false,"category":0,"source":"opensky"}},{"type":"Feature","geometry":{"type":"Point","coordinates":[-74.3901,40.2857]},"properties":{"callsign":"RPA4682","hex":"a52cc8","origin":"United States","altitude":2773.68,"velocity":150.62,"heading":44.17,"onGround":false,"type":"Large","desc":"OpenSky cat 4","military":false,"spi":false,"category":4,"source":"opensky"}},{"type":"Feature","geometry":{"type":"Point","coordinates":[-71.0213,42.3628]},"properties":{"callsign":"ASA459","hex":"a2ce05","origin":"United States","altitude":0,"velocity":0.13,"heading":253.12,"onGround":true,"type":"Unknown","desc":"OpenSky cat 0","military":false,"spi":false,"category":0,"source":"opensky"}},{"type":"Feature","geometry":{"type":"Point","coordinates":[-69.7434,43.8023]},"properties":{"callsign":"AIC119","hex":"8015a5","origin":"India","altitude":11582.4,"velocity":229.29,"heading":221.27,"onGround":false,"type":"Unknown","desc":"OpenSky cat 0","military":false,"spi":false,"category":0,"source":"opensky"}},{"type":"Feature","geometry":{"type":"Point","coordinates":[-73.4547,41.16]},"properties":{"callsign":"UAL593","hex":"a2bb83","origin":"United States","altitude":5158.74,"velocity":180.55,"heading":47.08,"onGround":false,"type":"Unknown","desc":"OpenSky cat 0","military":false,"spi":false,"category":0,"source":"opensky"}},{"type":"Feature","geometry":{"type":"Point","coordinates":[-71.0148,42.3602]},"properties":{"callsign":"AAL1259","hex":"a0e431","origin":"United States","altitude":0,"velocity":7.72,"heading":19.69,"onGround":true,"type":"Unknown","desc":"OpenSky cat 0","military":false,"spi":false,"category":0,"source":"opensky"}},{"type":"Feature","geometry":{"type":"Point","coordinates":[-74.1838,42.3268]},"properties":{"callsign":"CGOFS","hex":"c06a35","origin":"Canada","altitude":4541.52,"velocity":146.79,"heading":182.81,"onGround":false,"type":"Unknown","desc":"OpenSky cat 0","military":false,"spi":false,"category":0,"source":"opensky"}},{"type":"Feature","geometry":{"type":"Point","coordinates":[-70.2472,41.6875]},"properties":{"callsign":"N47448","hex":"a5d2fb","origin":"United States","altitude":121.92,"velocity":52.96,"heading":219.88,"onGround":false,"type":"Unknown","desc":"OpenSky cat 0","military":false,"spi":false,"category":0,"source":"opensky"}},{"type":"Feature","geometry":{"type":"Point","coordinates":[-74.1531,42.0952]},"properties":{"callsign":"MXY542","hex":"a1cffd","origin":"United States","altitude":8534.4,"velocity":205.34,"heading":252.65,"onGround":false,"type":"Unknown","desc":"OpenSky cat 0","military":false,"spi":false,"category":0,"source":"opensky"}},{"type":"Feature","geometry":{"type":"Point","coordinates":[-74.127,40.7518]},"properties":{"callsign":"N80RP","hex":"aae109","origin":"United States","altitude":342.9,"velocity":72.93,"heading":206.38,"onGround":false,"type":"Unknown","desc":"OpenSky cat 0","military":false,"spi":false,"category":0,"source":"opensky"}},{"type":"Feature","geometry":{"type":"Point","coordinates":[-74.46,44.9713]},"properties":{"callsign":"CFMFL","hex":"c0203e","origin":"Canada","altitude":12496.8,"velocity":250.76,"heading":72.94,"onGround":false,"type":"Unknown","desc":"OpenSky cat 0","military":false,"spi":false,"category":0,"source":"opensky"}},{"type":"Feature","geometry":{"type":"Point","coordinates":[17.2016,57.4958]},"properties":{"callsign":"NSZ4506","hex":"4acb03","origin":"Sweden","altitude":10668,"velocity":238.73,"heading":15.11,"onGround":false,"type":"Unknown","desc":"OpenSky cat 0","military":false,"spi":false,"category":0,"source":"opensky"}},{"type":"Feature","geometry":{"type":"Point","coordinates":[15.1447,47.9117]},"properties":{"callsign":"PGT62LH","hex":"4bc8c8","origin":"Turkey","altitude":10370.82,"velocity":213.95,"heading":293.98,"onGround":false,"type":"Unknown","desc":"OpenSky cat 0","military":false,"spi":false,"category":0,"source":"opensky"}},{"type":"Feature","geometry":{"type":"Point","coordinates":[22.5038,45.2456]},"properties":{"callsign":"PGT706H","hex":"4bc8d6","origin":"Turkey","altitude":9753.6,"velocity":204.03,"heading":306.7,"onGround":false,"type":"Unknown","desc":"OpenSky cat 0","military":false,"spi":false,"category":0,"source":"opensky"}},{"type":"Feature","geometry":{"type":"Point","coordinates":[17.3568,54.6484]},"properties":{"callsign":"AUA965R","hex":"44029f","origin":"Austria","altitude":10972.8,"velocity":229.35,"heading":353.56,"onGround":false,"type":"Unknown","desc":"OpenSky cat 0","military":false,"spi":false,"category":0,"source":"opensky"}},{"type":"Feature","geometry":{"type":"Point","coordinates":[19.1809,47.6828]},"properties":{"callsign":"AEE2WD","hex":"46b83a","origin":"Greece","altitude":10058.4,"velocity":241.63,"heading":157.2,"onGround":false,"type":"Unknown","desc":"OpenSky cat 0","military":false,"spi":false,"category":0,"source":"opensky"}},{"type":"Feature","geometry":{"type":"Point","coordinates":[15.8207,47.6784]},"properties":{"callsign":"OEDDG","hex":"44025e","origin":"Austria","altitude":1920.24,"velocity":45.52,"heading":304.41,"onGround":false,"type":"Unknown","desc":"OpenSky cat 0","military":false,"spi":false,"category":0,"source":"opensky"}},{"type":"Feature","geometry":{"type":"Point","coordinates":[17.1566,57.3198]},"properties":{"callsign":"NSZ2621","hex":"4aca83","origin":"Sweden","altitude":11887.2,"velocity":237.82,"heading":14.28,"onGround":false,"type":"Unknown","desc":"OpenSky cat 0","military":false,"spi":false,"category":0,"source":"opensky"}},{"type":"Feature","geometry":{"type":"Point","coordinates":[22.7338,52.7451]},"properties":{"callsign":"NSZ6FV","hex":"4aca85","origin":"Sweden","altitude":11887.2,"velocity":247.65,"heading":6.8,"onGround":false,"type":"Unknown","desc":"OpenSky cat 0","military":false,"spi":false,"category":0,"source":"opensky"}},{"type":"Feature","geometry":{"type":"Point","coordinates":[16.6811,50.8229]},"properties":{"callsign":"NSZ3FZ","hex":"4aca94","origin":"Sweden","altitude":11277.6,"velocity":244,"heading":155.33,"onGround":false,"type":"Unknown","desc":"OpenSky cat 0","military":false,"spi":false,"category":0,"source":"opensky"}},{"type":"Feature","geometry":{"type":"Point","coordinates":[17.3547,55.1937]},"properties":{"callsign":"NOZ4TL","hex":"4aca8f","origin":"Sweden","altitude":11582.4,"velocity":233.56,"heading":343.36,"onGround":false,"type":"Unknown","desc":"OpenSky cat 0","military":false,"spi":false,"category":0,"source":"opensky"}},{"type":"Feature","geometry":{"type":"Point","coordinates":[19.5838,49.0352]},"properties":{"callsign":"WZZ5107","hex":"471f6a","origin":"Hungary","altitude":10965.18,"velocity":210.34,"heading":218.94,"onGround":false,"type":"Unknown","desc":"OpenSky cat 0","military":false,"spi":false,"category":0,"source":"opensky"}},{"type":"Feature","geometry":{"type":"Point","coordinates":[16.6239,46.9699]},"properties":{"callsign":"HLJ1LP","hex":"4a2022","origin":"Romania","altitude":10660.38,"velocity":231.83,"heading":162.17,"onGround":false,"type":"Unknown","desc":"OpenSky cat 0","military":false,"spi":false,"category":0,"source":"opensky"}},{"type":"Feature","geometry":{"type":"Point","coordinates":[17.8434,45.3916]},"properties":{"callsign":"WMT1HA","hex":"471f63","origin":"Hungary","altitude":11285.22,"velocity":241.7,"heading":155.34,"onGround":false,"type":"Unknown","desc":"OpenSky cat 0","military":false,"spi":false,"category":0,"source":"opensky"}},{"type":"Feature","geometry":{"type":"Point","coordinates":[22.2546,47.2448]},"properties":{"callsign":"WMT2YZ","hex":"471f5d","origin":"Hungary","altitude":10363.2,"velocity":202.67,"heading":293.96,"onGround":false,"type":"Unknown","desc":"OpenSky cat 0","military":false,"spi":false,"category":0,"source":"opensky"}},{"type":"Feature","geometry":{"type":"Point","coordinates":[17.2192,47.9316]},"properties":{"callsign":"MBU7SE","hex":"51119b","origin":"Estonia","altitude":11582.4,"velocity":216.36,"heading":321.47,"onGround":false,"type":"Unknown","desc":"OpenSky cat 0","military":false,"spi":false,"category":0,"source":"opensky"}},{"type":"Feature","geometry":{"type":"Point","coordinates":[16.0039,51.4389]},"properties":{"callsign":"WZZ172","hex":"471f41","origin":"Hungary","altitude":10972.8,"velocity":198.31,"heading":288.29,"onGround":false,"type":"Unknown","desc":"OpenSky cat 0","military":false,"spi":false,"category":0,"source":"opensky"}},{"type":"Feature","geometry":{"type":"Point","coordinates":[18.2712,45.3172]},"properties":{"callsign":"WMT177","hex":"471f36","origin":"Hungary","altitude":10972.8,"velocity":195.79,"heading":266.84,"onGround":false,"type":"Unknown","desc":"OpenSky cat 0","military":false,"spi":false,"category":0,"source":"opensky"}},{"type":"Feature","geometry":{"type":"Point","coordinates":[16.4001,48.2286]},"properties":{"callsign":"WMT8585","hex":"471f37","origin":"Hungary","altitude":10972.8,"velocity":213.79,"heading":308.55,"onGround":false,"type":"Unknown","desc":"OpenSky cat 0","military":false,"spi":false,"category":0,"source":"opensky"}},{"type":"Feature","geometry":{"type":"Point","coordinates":[21.9937,48.3118]},"properties":{"callsign":"WZZ4QA","hex":"471f38","origin":"Hungary","altitude":10363.2,"velocity":214.56,"heading":318.01,"onGround":false,"type":"Unknown","desc":"OpenSky cat 0","military":false,"spi":false,"category":0,"source":"opensky"}},{"type":"Feature","geometry":{"type":"Point","coordinates":[17.3645,47.5354]},"properties":{"callsign":"WMT8016","hex":"471f31","origin":"Hungary","altitude":10363.2,"velocity":213.24,"heading":301.08,"onGround":false,"type":"Unknown","desc":"OpenSky cat 0","military":false,"spi":false,"category":0,"source":"opensky"}},{"type":"Feature","geometry":{"type":"Point","coordinates":[18.325,48.9575]},"properties":{"callsign":"WZZ2929","hex":"471f32","origin":"Hungary","altitude":9669.78,"velocity":209.99,"heading":230.07,"onGround":false,"type":"Unknown","desc":"OpenSky cat 0","military":false,"spi":false,"category":0,"source":"opensky"}},{"type":"Feature","geometry":{"type":"Point","coordinates":[21.5592,50.8237]},"properties":{"callsign":"SPWLB","hex":"48d161","origin":"Poland","altitude":876.3,"velocity":52.97,"heading":65.92,"onGround":false,"type":"Unknown","desc":"OpenSky cat 0","military":false,"spi":false,"category":0,"source":"opensky"}},{"type":"Feature","geometry":{"type":"Point","coordinates":[20.0362,45.7558]},"properties":{"callsign":"WZZ67PG","hex":"471f01","origin":"Hungary","altitude":10668,"velocity":226.46,"heading":185.74,"onGround":false,"type":"Unknown","desc":"OpenSky cat 0","military":false,"spi":false,"category":0,"source":"opensky"}},{"type":"Feature","geometry":{"type":"Point","coordinates":[-0.1653,51.1554]},"properties":{"callsign":"NSZ5WU","hex":"4acb02","origin":"Sweden","altitude":0,"velocity":0.51,"heading":345.94,"onGround":true,"type":"Unknown","desc":"OpenSky cat 0","military":false,"spi":false,"category":0,"source":"opensky"}},{"type":"Feature","geometry":{"type":"Point","coordinates":[-0.6533,47.2117]},"properties":{"callsign":"MBU3PK","hex":"511172","origin":"Estonia","altitude":11277.6,"velocity":202.26,"heading":224.79,"onGround":false,"type":"Unknown","desc":"OpenSky cat 0","military":false,"spi":false,"category":0,"source":"opensky"}},{"type":"Feature","geometry":{"type":"Point","coordinates":[-0.0717,46.1717]},"properties":{"callsign":"VOE2335","hex":"3455d7","origin":"Spain","altitude":9654.54,"velocity":180,"heading":274.1,"onGround":false,"type":"No emitter category","desc":"OpenSky cat 1","military":false,"spi":false,"category":1,"source":"opensky"}},{"type":"Feature","geometry":{"type":"Point","coordinates":[-1.9584,52.772]},"properties":{"callsign":"UAL938","hex":"a8a87e","origin":"United States","altitude":9425.94,"velocity":244.15,"heading":152.25,"onGround":false,"type":"No emitter category","desc":"OpenSky cat 1","military":false,"spi":false,"category":1,"source":"opensky"}},{"type":"Feature","geometry":{"type":"Point","coordinates":[-7.6736,53.6302]},"properties":{"callsign":"DAL233","hex":"a0f4b5","origin":"United States","altitude":10363.2,"velocity":216.95,"heading":301.13,"onGround":false,"type":"Unknown","desc":"OpenSky cat 0","military":false,"spi":false,"category":0,"source":"opensky"}},{"type":"Feature","geometry":{"type":"Point","coordinates":[-3.3501,55.9576]},"properties":{"callsign":"NOZ3UF","hex":"47880f","origin":"Norway","altitude":83.82,"velocity":76.14,"heading":239.1,"onGround":false,"type":"Unknown","desc":"OpenSky cat 0","military":false,"spi":false,"category":0,"source":"opensky"}},{"type":"Feature","geometry":{"type":"Point","coordinates":[-0.094,51.3141]},"properties":{"callsign":"GCFLH","hex":"40587f","origin":"United Kingdom","altitude":228.6,"velocity":30.35,"heading":90,"onGround":false,"type":"Unknown","desc":"OpenSky cat 0","military":false,"spi":false,"category":0,"source":"opensky"}},{"type":"Feature","geometry":{"type":"Point","coordinates":[-0.1353,45.8776]},"properties":{"callsign":"NSZ83AH","hex":"4aca84","origin":"Sweden","altitude":11582.4,"velocity":254.25,"heading":25.79,"onGround":false,"type":"Unknown","desc":"OpenSky cat 0","military":false,"spi":false,"category":0,"source":"opensky"}},{"type":"Feature","geometry":{"type":"Point","coordinates":[-0.7378,50.5262]},"properties":{"callsign":"NSZ5708","hex":"4aca98","origin":"Sweden","altitude":11277.6,"velocity":240.25,"heading":29.36,"onGround":false,"type":"Unknown","desc":"OpenSky cat 0","military":false,"spi":false,"category":0,"source":"opensky"}},{"type":"Feature","geometry":{"type":"Point","coordinates":[-0.0974,49.3967]},"properties":{"callsign":"FGIDA","hex":"392060","origin":"France","altitude":1554.48,"velocity":73,"heading":29.09,"onGround":false,"type":"Unknown","desc":"OpenSky cat 0","military":false,"spi":false,"category":0,"source":"opensky"}},{"type":"Feature","geometry":{"type":"Point","coordinates":[-1.7373,51.9545]},"properties":{"callsign":"GBZXS","hex":"404595","origin":"United Kingdom","altitude":426.72,"velocity":37.56,"heading":179.22,"onGround":false,"type":"Unknown","desc":"OpenSky cat 0","military":false,"spi":false,"category":0,"source":"opensky"}},{"type":"Feature","geometry":{"type":"Point","coordinates":[-2.682,48.0866]},"properties":{"callsign":"IBS1862","hex":"343141","origin":"Spain","altitude":11285.22,"velocity":231.2,"heading":194.04,"onGround":false,"type":"Unknown","desc":"OpenSky cat 0","military":false,"spi":false,"category":0,"source":"opensky"}},{"type":"Feature","geometry":{"type":"Point","coordinates":[-0.4562,52.1737]},"properties":{"callsign":"871","hex":"ddda04","origin":"","altitude":716.28,"velocity":33.47,"heading":315,"onGround":false,"type":"Unknown","desc":"OpenSky cat 0","military":false,"spi":false,"category":0,"source":"opensky"}},{"type":"Feature","geometry":{"type":"Point","coordinates":[-0.0923,51.3142]},"properties":{"callsign":"GCJMP","hex":"40581d","origin":"United Kingdom","altitude":205.74,"velocity":21.3,"heading":217.15,"onGround":false,"type":"Unknown","desc":"OpenSky cat 0","military":false,"spi":false,"category":0,"source":"opensky"}},{"type":"Feature","geometry":{"type":"Point","coordinates":[-2.1996,57.2097]},"properties":{"callsign":"NHZ654","hex":"407b4d","origin":"United Kingdom","altitude":0,"velocity":1.8,"heading":25.31,"onGround":true,"type":"Unknown","desc":"OpenSky cat 0","military":false,"spi":false,"category":0,"source":"opensky"}},{"type":"Feature","geometry":{"type":"Point","coordinates":[-1.9114,51.8206]},"properties":{"callsign":"SFY4PC","hex":"407b4b","origin":"United Kingdom","altitude":1188.72,"velocity":59.93,"heading":78.11,"onGround":false,"type":"Unknown","desc":"OpenSky cat 0","military":false,"spi":false,"category":0,"source":"opensky"}},{"type":"Feature","geometry":{"type":"Point","coordinates":[-8.6147,56.299]},"properties":{"callsign":"AAL279","hex":"ab4ae9","origin":"United States","altitude":11574.78,"velocity":228.56,"heading":275.81,"onGround":false,"type":"Unknown","desc":"OpenSky cat 0","military":false,"spi":false,"category":0,"source":"opensky"}},{"type":"Feature","geometry":{"type":"Point","coordinates":[-10.4264,55.9821]},"properties":{"callsign":"DLH462","hex":"3c4b30","origin":"Germany","altitude":10058.4,"velocity":235.63,"heading":293.82,"onGround":false,"type":"Unknown","desc":"OpenSky cat 0","military":false,"spi":false,"category":0,"source":"opensky"}},{"type":"Feature","geometry":{"type":"Point","coordinates":[-3.6089,55.076]},"properties":{"callsign":"DLH430","hex":"3c4b34","origin":"Germany","altitude":9753.6,"velocity":227.71,"heading":300.85,"onGround":false,"type":"Unknown","desc":"OpenSky cat 0","military":false,"spi":false,"category":0,"source":"opensky"}},{"type":"Feature","geometry":{"type":"Point","coordinates":[-5.3384,51.1619]},"properties":{"callsign":"DLH499","hex":"3c4b28","origin":"Germany","altitude":11277.6,"velocity":272.87,"heading":92.27,"onGround":false,"type":"Heavy","desc":"OpenSky cat 6","military":false,"spi":false,"category":6,"source":"opensky"}},{"type":"Feature","geometry":{"type":"Point","coordinates":[-1.4034,59.6785]},"properties":{"callsign":"DLH454","hex":"3c4b2f","origin":"Germany","altitude":9753.6,"velocity":255.44,"heading":329.77,"onGround":false,"type":"Unknown","desc":"OpenSky cat 0","military":false,"spi":false,"category":0,"source":"opensky"}},{"type":"Feature","geometry":{"type":"Point","coordinates":[-2.3101,47.6344]},"properties":{"callsign":"CRL948","hex":"39cc8a","origin":"France","altitude":11277.6,"velocity":218.99,"heading":249.22,"onGround":false,"type":"Unknown","desc":"OpenSky cat 0","military":false,"spi":false,"category":0,"source":"opensky"}},{"type":"Feature","geometry":{"type":"Point","coordinates":[-0.4413,52.1698]},"properties":{"callsign":"GLDR909","hex":"4058b8","origin":"United Kingdom","altitude":1036.32,"velocity":23.15,"heading":216.87,"onGround":false,"type":"Unknown","desc":"OpenSky cat 0","military":false,"spi":false,"category":0,"source":"opensky"}},{"type":"Feature","geometry":{"type":"Point","coordinates":[-74.1464,4.7025]},"properties":{"callsign":"ARE4060","hex":"e8024c","origin":"Chile","altitude":0,"velocity":0,"heading":216.56,"onGround":true,"type":"Unknown","desc":"OpenSky cat 0","military":false,"spi":false,"category":0,"source":"opensky"}},{"type":"Feature","geometry":{"type":"Point","coordinates":[-74.1446,4.6987]},"properties":{"callsign":"adda25","hex":"adda25","origin":"United States","altitude":0,"velocity":0,"heading":227.81,"onGround":true,"type":"Unknown","desc":"OpenSky cat 0","military":false,"spi":false,"category":0,"source":"opensky"}},{"type":"Feature","geometry":{"type":"Point","coordinates":[-74.5177,4.9832]},"properties":{"callsign":"ARE4119","hex":"e80238","origin":"Chile","altitude":4305.3,"velocity":156.11,"heading":124.53,"onGround":false,"type":"Unknown","desc":"OpenSky cat 0","military":false,"spi":false,"category":0,"source":"opensky"}},{"type":"Feature","geometry":{"type":"Point","coordinates":[-73.7056,6.2764]},"properties":{"callsign":"ARE4106","hex":"e80246","origin":"Chile","altitude":9220.2,"velocity":236.39,"heading":11.68,"onGround":false,"type":"Unknown","desc":"OpenSky cat 0","military":false,"spi":false,"category":0,"source":"opensky"}},{"type":"Feature","geometry":{"type":"Point","coordinates":[-73.6078,5.9754]},"properties":{"callsign":"AVA9454","hex":"a4a095","origin":"United States","altitude":8587.74,"velocity":221.42,"heading":29.66,"onGround":false,"type":"Unknown","desc":"OpenSky cat 0","military":false,"spi":false,"category":0,"source":"opensky"}},{"type":"Feature","geometry":{"type":"Point","coordinates":[-73.1321,6.421]},"properties":{"callsign":"AVA9459","hex":"0ac3d1","origin":"Colombia","altitude":8526.78,"velocity":219.19,"heading":210,"onGround":false,"type":"Unknown","desc":"OpenSky cat 0","military":false,"spi":false,"category":0,"source":"opensky"}},{"type":"Feature","geometry":{"type":"Point","coordinates":[-73.9583,5.1322]},"properties":{"callsign":"TPA4092","hex":"a39af6","origin":"United States","altitude":5562.6,"velocity":172.93,"heading":14.12,"onGround":false,"type":"No emitter category","desc":"OpenSky cat 1","military":false,"spi":false,"category":1,"source":"opensky"}},{"type":"Feature","geometry":{"type":"Point","coordinates":[-74.2799,4.5992]},"properties":{"callsign":"AVA8599","hex":"a1ac91","origin":"United States","altitude":3589.02,"velocity":147.5,"heading":244.6,"onGround":false,"type":"Unknown","desc":"OpenSky cat 0","military":false,"spi":false,"category":0,"source":"opensky"}},{"type":"Feature","geometry":{"type":"Point","coordinates":[-73.1534,4.4163]},"properties":{"callsign":"HK4476","hex":"0ac16c","origin":"Colombia","altitude":6431.28,"velocity":112.13,"heading":118.8,"onGround":false,"type":"Unknown","desc":"OpenSky cat 0","military":false,"spi":false,"category":0,"source":"opensky"}},{"type":"Feature","geometry":{"type":"Point","coordinates":[-74.699,8.7167]},"properties":{"callsign":"JEC5158","hex":"e80600","origin":"Chile","altitude":8420.1,"velocity":223.21,"heading":332.25,"onGround":false,"type":"Large","desc":"OpenSky cat 4","military":false,"spi":false,"category":4,"source":"opensky"}},{"type":"Feature","geometry":{"type":"Point","coordinates":[-74.984,9.0391]},"properties":{"callsign":"JEC5154","hex":"e80601","origin":"Chile","altitude":6621.78,"velocity":203.67,"heading":336.48,"onGround":false,"type":"Large","desc":"OpenSky cat 4","military":false,"spi":false,"category":4,"source":"opensky"}},{"type":"Feature","geometry":{"type":"Point","coordinates":[-74.0125,4.899]},"properties":{"callsign":"NSE8796","hex":"0ac02b","origin":"Colombia","altitude":4297.68,"velocity":145.83,"heading":50.58,"onGround":false,"type":"Unknown","desc":"OpenSky cat 0","military":false,"spi":false,"category":0,"source":"opensky"}},{"type":"Feature","geometry":{"type":"Point","coordinates":[-74.436,4.3811]},"properties":{"callsign":"EFY9040","hex":"0ac425","origin":"Colombia","altitude":4183.38,"velocity":125.28,"heading":210.88,"onGround":false,"type":"Unknown","desc":"OpenSky cat 0","military":false,"spi":false,"category":0,"source":"opensky"}},{"type":"Feature","geometry":{"type":"Point","coordinates":[-74.9448,5.2603]},"properties":{"callsign":"ARE4003","hex":"e80426","origin":"Chile","altitude":5783.58,"velocity":188.8,"heading":157.07,"onGround":false,"type":"Unknown","desc":"OpenSky cat 0","military":false,"spi":false,"category":0,"source":"opensky"}},{"type":"Feature","geometry":{"type":"Point","coordinates":[-73.7017,4.8503]},"properties":{"callsign":"NSE8710","hex":"0ac326","origin":"Colombia","altitude":5501.64,"velocity":107.01,"heading":89.72,"onGround":false,"type":"Unknown","desc":"OpenSky cat 0","military":false,"spi":false,"category":0,"source":"opensky"}},{"type":"Feature","geometry":{"type":"Point","coordinates":[-74.1745,10.2276]},"properties":{"callsign":"FAC5748","hex":"0ac35d","origin":"Colombia","altitude":6858,"velocity":107.92,"heading":138.87,"onGround":false,"type":"Unknown","desc":"OpenSky cat 0","military":false,"spi":false,"category":0,"source":"opensky"}},{"type":"Feature","geometry":{"type":"Point","coordinates":[-74.155,4.6459]},"properties":{"callsign":"AVR4833","hex":"a50321","origin":"United States","altitude":3337.56,"velocity":95.02,"heading":239.41,"onGround":false,"type":"Large","desc":"OpenSky cat 4","military":false,"spi":false,"category":4,"source":"opensky"}},{"type":"Feature","geometry":{"type":"Point","coordinates":[-73.8156,5.7408]},"properties":{"callsign":"AVA9542","hex":"0acac0","origin":"Colombia","altitude":7879.08,"velocity":217.53,"heading":11.74,"onGround":false,"type":"Unknown","desc":"OpenSky cat 0","military":false,"spi":false,"category":0,"source":"opensky"}},{"type":"Feature","geometry":{"type":"Point","coordinates":[-74.1943,10.4907]},"properties":{"callsign":"AVA9763","hex":"0aca8d","origin":"Colombia","altitude":5455.92,"velocity":193.61,"heading":173.59,"onGround":false,"type":"Unknown","desc":"OpenSky cat 0","military":false,"spi":false,"category":0,"source":"opensky"}},{"type":"Feature","geometry":{"type":"Point","coordinates":[-74.103,4.6883]},"properties":{"callsign":"EFY9194","hex":"0ac956","origin":"Colombia","altitude":2827.02,"velocity":86.76,"heading":57.35,"onGround":false,"type":"Unknown","desc":"OpenSky cat 0","military":false,"spi":false,"category":0,"source":"opensky"}},{"type":"Feature","geometry":{"type":"Point","coordinates":[-74.7109,10.4137]},"properties":{"callsign":"AVA9531","hex":"ad5273","origin":"United States","altitude":5280.66,"velocity":191.29,"heading":183.86,"onGround":false,"type":"Unknown","desc":"OpenSky cat 0","military":false,"spi":false,"category":0,"source":"opensky"}},{"type":"Feature","geometry":{"type":"Point","coordinates":[-74.1356,4.695]},"properties":{"callsign":"AVA160","hex":"ad0d3c","origin":"United States","altitude":0,"velocity":2.31,"heading":306.56,"onGround":true,"type":"Unknown","desc":"OpenSky cat 0","military":false,"spi":false,"category":0,"source":"opensky"}},{"type":"Feature","geometry":{"type":"Point","coordinates":[-74.1368,4.6973]},"properties":{"callsign":"AVA218","hex":"0ac9c3","origin":"Colombia","altitude":0,"velocity":2.57,"heading":202.5,"onGround":true,"type":"Unknown","desc":"OpenSky cat 0","military":false,"spi":false,"category":0,"source":"opensky"}},{"type":"Feature","geometry":{"type":"Point","coordinates":[-62.8515,45.0964]},"properties":{"callsign":"SPR812","hex":"c02298","origin":"Canada","altitude":3291.84,"velocity":140.51,"heading":60.62,"onGround":false,"type":"Unknown","desc":"OpenSky cat 0","military":false,"spi":false,"category":0,"source":"opensky"}},{"type":"Feature","geometry":{"type":"Point","coordinates":[-69.0669,46.6531]},"properties":{"callsign":"AIC105","hex":"801665","origin":"India","altitude":12192,"velocity":245.18,"heading":224.66,"onGround":false,"type":"Unknown","desc":"OpenSky cat 0","military":false,"spi":false,"category":0,"source":"opensky"}},{"type":"Feature","geometry":{"type":"Point","coordinates":[-64.4358,47.2638]},"properties":{"callsign":"AIC101","hex":"801666","origin":"India","altitude":12192,"velocity":248.42,"heading":231.14,"onGround":false,"type":"Unknown","desc":"OpenSky cat 0","military":false,"spi":false,"category":0,"source":"opensky"}},{"type":"Feature","geometry":{"type":"Point","coordinates":[-65.3911,49.4947]},"properties":{"callsign":"c06b38","hex":"c06b38","origin":"Canada","altitude":2834.64,"velocity":67.26,"heading":68.93,"onGround":false,"type":"Unknown","desc":"OpenSky cat 0","military":false,"spi":false,"category":0,"source":"opensky"}},{"type":"Feature","geometry":{"type":"Point","coordinates":[-73.5911,45.8671]},"properties":{"callsign":"CFTKO","hex":"c0333f","origin":"Canada","altitude":335.28,"velocity":64.08,"heading":237.46,"onGround":false,"type":"Unknown","desc":"OpenSky cat 0","military":false,"spi":false,"category":0,"source":"opensky"}},{"type":"Feature","geometry":{"type":"Point","coordinates":[-68.5446,45.3248]},"properties":{"callsign":"N8302J","hex":"ab5b01","origin":"United States","altitude":335.28,"velocity":43.24,"heading":357.95,"onGround":false,"type":"Unknown","desc":"OpenSky cat 0","military":false,"spi":false,"category":0,"source":"opensky"}},{"type":"Feature","geometry":{"type":"Point","coordinates":[-72.3667,46.3875]},"properties":{"callsign":"UAE3MX","hex":"89610f","origin":"United Arab Emirates","altitude":10972.8,"velocity":229.25,"heading":221.45,"onGround":false,"type":"Unknown","desc":"OpenSky cat 0","military":false,"spi":false,"category":0,"source":"opensky"}},{"type":"Feature","geometry":{"type":"Point","coordinates":[-74.2874,45.812]},"properties":{"callsign":"UAL2681","hex":"a12733","origin":"United States","altitude":3200.4,"velocity":178.71,"heading":159.79,"onGround":false,"type":"Unknown","desc":"OpenSky cat 0","military":false,"spi":false,"category":0,"source":"opensky"}},{"type":"Feature","geometry":{"type":"Point","coordinates":[-73.3768,45.52]},"properties":{"callsign":"CGACV","hex":"c044f2","origin":"Canada","altitude":335.28,"velocity":30.32,"heading":104.74,"onGround":false,"type":"Unknown","desc":"OpenSky cat 0","military":false,"spi":false,"category":0,"source":"opensky"}},{"type":"Feature","geometry":{"type":"Point","coordinates":[-73.1739,45.9768]},"properties":{"callsign":"CGACW","hex":"c044f3","origin":"Canada","altitude":487.68,"velocity":35.62,"heading":79.18,"onGround":false,"type":"Unknown","desc":"OpenSky cat 0","military":false,"spi":false,"category":0,"source":"opensky"}},{"type":"Feature","geometry":{"type":"Point","coordinates":[-72.683,45.7888]},"properties":{"callsign":"CGUIL","hex":"c07a54","origin":"Canada","altitude":518.16,"velocity":48.24,"heading":248.09,"onGround":false,"type":"Unknown","desc":"OpenSky cat 0","military":false,"spi":false,"category":0,"source":"opensky"}},{"type":"Feature","geometry":{"type":"Point","coordinates":[-73.5366,45.5164]},"properties":{"callsign":"TSC538","hex":"c03493","origin":"Canada","altitude":1600.2,"velocity":136.51,"heading":162.45,"onGround":false,"type":"Unknown","desc":"OpenSky cat 0","military":false,"spi":false,"category":0,"source":"opensky"}},{"type":"Feature","geometry":{"type":"Point","coordinates":[-73.7485,45.4593]},"properties":{"callsign":"ACA328","hex":"c07b0a","origin":"Canada","altitude":0,"velocity":0.06,"heading":180,"onGround":true,"type":"Unknown","desc":"OpenSky cat 0","military":false,"spi":false,"category":0,"source":"opensky"}},{"type":"Feature","geometry":{"type":"Point","coordinates":[-73.7454,45.4588]},"properties":{"callsign":"ACA483","hex":"c0130c","origin":"Canada","altitude":0,"velocity":0,"heading":177.19,"onGround":true,"type":"Unknown","desc":"OpenSky cat 0","military":false,"spi":false,"category":0,"source":"opensky"}},{"type":"Feature","geometry":{"type":"Point","coordinates":[-61.6658,45.2051]},"properties":{"callsign":"WJA33","hex":"c07fbb","origin":"Canada","altitude":8481.06,"velocity":168.33,"heading":276.67,"onGround":false,"type":"Unknown","desc":"OpenSky cat 0","military":false,"spi":false,"category":0,"source":"opensky"}},{"type":"Feature","geometry":{"type":"Point","coordinates":[-64.7732,45.368]},"properties":{"callsign":"WJA669","hex":"c07fb0","origin":"Canada","altitude":8336.28,"velocity":206.79,"heading":302.5,"onGround":false,"type":"Unknown","desc":"OpenSky cat 0","military":false,"spi":false,"category":0,"source":"opensky"}},{"type":"Feature","geometry":{"type":"Point","coordinates":[-65.8806,48.742]},"properties":{"callsign":"UAE8ER","hex":"896474","origin":"United Arab Emirates","altitude":12192,"velocity":254.22,"heading":215.36,"onGround":false,"type":"Unknown","desc":"OpenSky cat 0","military":false,"spi":false,"category":0,"source":"opensky"}},{"type":"Feature","geometry":{"type":"Point","coordinates":[-73.7444,45.4589]},"properties":{"callsign":"ACA316","hex":"c01401","origin":"Canada","altitude":0,"velocity":0.9,"heading":177.19,"onGround":true,"type":"Unknown","desc":"OpenSky cat 0","military":false,"spi":false,"category":0,"source":"opensky"}},{"type":"Feature","geometry":{"type":"Point","coordinates":[-73.7415,45.4591]},"properties":{"callsign":"CGOKI","hex":"c06aad","origin":"Canada","altitude":0,"velocity":3.09,"heading":135,"onGround":true,"type":"Unknown","desc":"OpenSky cat 0","military":false,"spi":false,"category":0,"source":"opensky"}},{"type":"Feature","geometry":{"type":"Point","coordinates":[-73.9684,45.2517]},"properties":{"callsign":"DAL2643","hex":"a38c60","origin":"United States","altitude":5608.32,"velocity":189.98,"heading":241.01,"onGround":false,"type":"Large","desc":"OpenSky cat 4","military":false,"spi":false,"category":4,"source":"opensky"}},{"type":"Feature","geometry":{"type":"Point","coordinates":[-72.8306,46.0507]},"properties":{"callsign":"CGOVG","hex":"c06bc9","origin":"Canada","altitude":1005.84,"velocity":35.96,"heading":70.79,"onGround":false,"type":"Unknown","desc":"OpenSky cat 0","military":false,"spi":false,"category":0,"source":"opensky"}},{"type":"Feature","geometry":{"type":"Point","coordinates":[-70.3149,47.4876]},"properties":{"callsign":"UAE88F","hex":"896679","origin":"United Arab Emirates","altitude":12192,"velocity":247.92,"heading":222.73,"onGround":false,"type":"Unknown","desc":"OpenSky cat 0","military":false,"spi":false,"category":0,"source":"opensky"}},{"type":"Feature","geometry":{"type":"Point","coordinates":[-73.3819,45.437]},"properties":{"callsign":"TSC894","hex":"c051cc","origin":"Canada","altitude":3360.42,"velocity":155.7,"heading":160.91,"onGround":false,"type":"Unknown","desc":"OpenSky cat 0","military":false,"spi":false,"category":0,"source":"opensky"}},{"type":"Feature","geometry":{"type":"Point","coordinates":[126.6719,34.843]},"properties":{"callsign":"ESR231","hex":"71c784","origin":"Republic of Korea","altitude":6492.24,"velocity":190.54,"heading":184.96,"onGround":false,"type":"Unknown","desc":"OpenSky cat 0","military":false,"spi":false,"category":0,"source":"opensky"}},{"type":"Feature","geometry":{"type":"Point","coordinates":[134.4214,34.8682]},"properties":{"callsign":"JAL615V","hex":"851958","origin":"Japan","altitude":11582.4,"velocity":223.8,"heading":254.4,"onGround":false,"type":"Unknown","desc":"OpenSky cat 0","military":false,"spi":false,"category":0,"source":"opensky"}},{"type":"Feature","geometry":{"type":"Point","coordinates":[131.2291,34.2408]},"properties":{"callsign":"ANA269","hex":"87453a","origin":"Japan","altitude":6050.28,"velocity":209.59,"heading":254.19,"onGround":false,"type":"Unknown","desc":"OpenSky cat 0","military":false,"spi":false,"category":0,"source":"opensky"}},{"type":"Feature","geometry":{"type":"Point","coordinates":[120.6826,38.2225]},"properties":{"callsign":"CSN6525","hex":"7809f6","origin":"China","altitude":6614.16,"velocity":181.74,"heading":229.59,"onGround":false,"type":"Unknown","desc":"OpenSky cat 0","military":false,"spi":false,"category":0,"source":"opensky"}},{"type":"Feature","geometry":{"type":"Point","coordinates":[129.0624,33.0032]},"properties":{"callsign":"CQH6582","hex":"781a9c","origin":"China","altitude":9151.62,"velocity":226.99,"heading":247.62,"onGround":false,"type":"Unknown","desc":"OpenSky cat 0","military":false,"spi":false,"category":0,"source":"opensky"}},{"type":"Feature","geometry":{"type":"Point","coordinates":[131.7373,33.2637]},"properties":{"callsign":"JAL638","hex":"8518ae","origin":"Japan","altitude":8641.08,"velocity":240.21,"heading":67.06,"onGround":false,"type":"Unknown","desc":"OpenSky cat 0","military":false,"spi":false,"category":0,"source":"opensky"}},{"type":"Feature","geometry":{"type":"Point","coordinates":[126.3044,37.1792]},"properties":{"callsign":"UAE322","hex":"8960f6","origin":"United Arab Emirates","altitude":1722.12,"velocity":149.21,"heading":89.01,"onGround":false,"type":"Unknown","desc":"OpenSky cat 0","military":false,"spi":false,"category":0,"source":"opensky"}},{"type":"Feature","geometry":{"type":"Point","coordinates":[123.3538,36.8461]},"properties":{"callsign":"CSN8635","hex":"781b6e","origin":"China","altitude":10713.72,"velocity":213.54,"heading":178.76,"onGround":false,"type":"Unknown","desc":"OpenSky cat 0","military":false,"spi":false,"category":0,"source":"opensky"}},{"type":"Feature","geometry":{"type":"Point","coordinates":[127.5489,32.4662]},"properties":{"callsign":"GTI895","hex":"a96412","origin":"United States","altitude":11582.4,"velocity":234.13,"heading":246.7,"onGround":false,"type":"Unknown","desc":"OpenSky cat 0","military":false,"spi":false,"category":0,"source":"opensky"}},{"type":"Feature","geometry":{"type":"Point","coordinates":[133.431,35.2782]},"properties":{"callsign":"B651H","hex":"781c0b","origin":"China","altitude":12496.8,"velocity":242.28,"heading":41.82,"onGround":false,"type":"Unknown","desc":"OpenSky cat 0","military":false,"spi":false,"category":0,"source":"opensky"}},{"type":"Feature","geometry":{"type":"Point","coordinates":[133.6065,34.7179]},"properties":{"callsign":"JAL333","hex":"840a7c","origin":"Japan","altitude":10363.2,"velocity":249.21,"heading":258.09,"onGround":false,"type":"Unknown","desc":"OpenSky cat 0","military":false,"spi":false,"category":0,"source":"opensky"}},{"type":"Feature","geometry":{"type":"Point","coordinates":[127.0255,36.7508]},"properties":{"callsign":"JDL2703","hex":"781d57","origin":"China","altitude":4069.08,"velocity":190.43,"heading":6.2,"onGround":false,"type":"Unknown","desc":"OpenSky cat 0","military":false,"spi":false,"category":0,"source":"opensky"}},{"type":"Feature","geometry":{"type":"Point","coordinates":[132.1455,31.9996]},"properties":{"callsign":"780a57","hex":"780a57","origin":"China","altitude":10058.4,"velocity":240.51,"heading":59.54,"onGround":false,"type":"Unknown","desc":"OpenSky cat 0","military":false,"spi":false,"category":0,"source":"opensky"}},{"type":"Feature","geometry":{"type":"Point","coordinates":[120.4382,37.3624]},"properties":{"callsign":"QDA6130","hex":"781cd8","origin":"China","altitude":9776.46,"velocity":217.02,"heading":186.67,"onGround":false,"type":"Unknown","desc":"OpenSky cat 0","military":false,"spi":false,"category":0,"source":"opensky"}},{"type":"Feature","geometry":{"type":"Point","coordinates":[129.6046,37.2895]},"properties":{"callsign":"UAE316","hex":"8964b6","origin":"United Arab Emirates","altitude":11887.2,"velocity":260.19,"heading":121.33,"onGround":false,"type":"Unknown","desc":"OpenSky cat 0","military":false,"spi":false,"category":0,"source":"opensky"}},{"type":"Feature","geometry":{"type":"Point","coordinates":[127.1111,37.4517]},"properties":{"callsign":"CARD47","hex":"ae647d","origin":"United States","altitude":15.24,"velocity":3,"heading":300.96,"onGround":false,"type":"Unknown","desc":"OpenSky cat 0","military":false,"spi":false,"category":0,"source":"opensky"}},{"type":"Feature","geometry":{"type":"Point","coordinates":[133.1352,33.9017]},"properties":{"callsign":"CES729","hex":"780d22","origin":"China","altitude":6263.64,"velocity":206.06,"heading":74.51,"onGround":false,"type":"Unknown","desc":"OpenSky cat 0","military":false,"spi":false,"category":0,"source":"opensky"}},{"type":"Feature","geometry":{"type":"Point","coordinates":[133.7,35.7077]},"properties":{"callsign":"CKK221","hex":"781ed3","origin":"China","altitude":8839.2,"velocity":273.57,"heading":60.98,"onGround":false,"type":"Unknown","desc":"OpenSky cat 0","military":false,"spi":false,"category":0,"source":"opensky"}},{"type":"Feature","geometry":{"type":"Point","coordinates":[127.1327,36.8903]},"properties":{"callsign":"TALON08","hex":"ae64a4","origin":"United States","altitude":609.6,"velocity":54.3,"heading":311.54,"onGround":false,"type":"Unknown","desc":"OpenSky cat 0","military":false,"spi":false,"category":0,"source":"opensky"}},{"type":"Feature","geometry":{"type":"Point","coordinates":[130.6646,32.3807]},"properties":{"callsign":"EVA101","hex":"899070","origin":"Taiwan","altitude":6697.98,"velocity":200.1,"heading":185.75,"onGround":false,"type":"Unknown","desc":"OpenSky cat 0","military":false,"spi":false,"category":0,"source":"opensky"}},{"type":"Feature","geometry":{"type":"Point","coordinates":[133.7873,35.304]},"properties":{"callsign":"TTW255","hex":"899058","origin":"Taiwan","altitude":10972.8,"velocity":222.34,"heading":233.18,"onGround":false,"type":"Unknown","desc":"OpenSky cat 0","military":false,"spi":false,"category":0,"source":"opensky"}},{"type":"Feature","geometry":{"type":"Point","coordinates":[130.7483,32.5762]},"properties":{"callsign":"TTW767","hex":"899028","origin":"Taiwan","altitude":4411.98,"velocity":170.34,"heading":189.04,"onGround":false,"type":"Unknown","desc":"OpenSky cat 0","military":false,"spi":false,"category":0,"source":"opensky"}},{"type":"Feature","geometry":{"type":"Point","coordinates":[130.6218,33.3119]},"properties":{"callsign":"ANA1217","hex":"86da5c","origin":"Japan","altitude":3268.98,"velocity":149.32,"heading":152.73,"onGround":false,"type":"Unknown","desc":"OpenSky cat 0","military":false,"spi":false,"category":0,"source":"opensky"}},{"type":"Feature","geometry":{"type":"Point","coordinates":[-75.7779,5.0389]},"properties":{"callsign":"ARE4344","hex":"e80267","origin":"Chile","altitude":6705.6,"velocity":190.08,"heading":205.32,"onGround":false,"type":"Unknown","desc":"OpenSky cat 0","military":false,"spi":false,"category":0,"source":"opensky"}},{"type":"Feature","geometry":{"type":"Point","coordinates":[-75.7853,6.2324]},"properties":{"callsign":"ARE4316","hex":"e80201","origin":"Chile","altitude":6614.16,"velocity":193.07,"heading":304.58,"onGround":false,"type":"Unknown","desc":"OpenSky cat 0","military":false,"spi":false,"category":0,"source":"opensky"}},{"type":"Feature","geometry":{"type":"Point","coordinates":[-75.5104,10.446]},"properties":{"callsign":"HK5316","hex":"0ac434","origin":"Colombia","altitude":0,"velocity":0,"heading":272.81,"onGround":true,"type":"Unknown","desc":"OpenSky cat 0","military":false,"spi":false,"category":0,"source":"opensky"}},{"type":"Feature","geometry":{"type":"Point","coordinates":[-75.4126,5.6056]},"properties":{"callsign":"JEC5135","hex":"e80617","origin":"Chile","altitude":4617.72,"velocity":154.07,"heading":356.75,"onGround":false,"type":"Unknown","desc":"OpenSky cat 0","military":false,"spi":false,"category":0,"source":"opensky"}},{"type":"Feature","geometry":{"type":"Point","coordinates":[-75.4082,5.5253]},"properties":{"callsign":"JEC5110","hex":"e80627","origin":"Chile","altitude":4747.26,"velocity":172.1,"heading":356.74,"onGround":false,"type":"Unknown","desc":"OpenSky cat 0","military":false,"spi":false,"category":0,"source":"opensky"}},{"type":"Feature","geometry":{"type":"Point","coordinates":[-75.8701,4.6819]},"properties":{"callsign":"JEC5320","hex":"e80629","origin":"Chile","altitude":3307.08,"velocity":132.26,"heading":251.64,"onGround":false,"type":"Unknown","desc":"OpenSky cat 0","military":false,"spi":false,"category":0,"source":"opensky"}},{"type":"Feature","geometry":{"type":"Point","coordinates":[-75.5893,6.226]},"properties":{"callsign":"EFY6912","hex":"0ac424","origin":"Colombia","altitude":0,"velocity":8.75,"heading":33.75,"onGround":true,"type":"Unknown","desc":"OpenSky cat 0","military":false,"spi":false,"category":0,"source":"opensky"}},{"type":"Feature","geometry":{"type":"Point","coordinates":[-75.0384,7.4993]},"properties":{"callsign":"ARE4111","hex":"e8043f","origin":"Chile","altitude":11887.2,"velocity":241.03,"heading":172.03,"onGround":false,"type":"No emitter category","desc":"OpenSky cat 1","military":false,"spi":false,"category":1,"source":"opensky"}},{"type":"Feature","geometry":{"type":"Point","coordinates":[-75.0124,6.3267]},"properties":{"callsign":"AVA9785","hex":"a92e81","origin":"United States","altitude":10645.14,"velocity":245.95,"heading":178.92,"onGround":false,"type":"Unknown","desc":"OpenSky cat 0","military":false,"spi":false,"category":0,"source":"opensky"}},{"type":"Feature","geometry":{"type":"Point","coordinates":[-84.2096,9.9956]},"properties":{"callsign":"TNO4273","hex":"a3b140","origin":"United States","altitude":0,"velocity":1.03,"heading":340.31,"onGround":true,"type":"Unknown","desc":"OpenSky cat 0","military":false,"spi":false,"category":0,"source":"opensky"}},{"type":"Feature","geometry":{"type":"Point","coordinates":[-84.9185,10.5055]},"properties":{"callsign":"LRC650","hex":"ac76ae","origin":"United States","altitude":6957.06,"velocity":218.61,"heading":304.55,"onGround":false,"type":"Unknown","desc":"OpenSky cat 0","military":false,"spi":false,"category":0,"source":"opensky"}},{"type":"Feature","geometry":{"type":"Point","coordinates":[-75.0847,7.8009]},"properties":{"callsign":"AVA9541","hex":"0acac1","origin":"Colombia","altitude":10782.3,"velocity":243.45,"heading":160.11,"onGround":false,"type":"Unknown","desc":"OpenSky cat 0","military":false,"spi":false,"category":0,"source":"opensky"}},{"type":"Feature","geometry":{"type":"Point","coordinates":[-75.0024,10.4831]},"properties":{"callsign":"AVA8593","hex":"0ac98a","origin":"Colombia","altitude":2202.18,"velocity":145.48,"heading":19.84,"onGround":false,"type":"Unknown","desc":"OpenSky cat 0","military":false,"spi":false,"category":0,"source":"opensky"}},{"type":"Feature","geometry":{"type":"Point","coordinates":[-75.4968,5.5355]},"properties":{"callsign":"EFY9104","hex":"0ac9ad","origin":"Colombia","altitude":4373.88,"velocity":158.75,"heading":333.02,"onGround":false,"type":"Unknown","desc":"OpenSky cat 0","military":false,"spi":false,"category":0,"source":"opensky"}},{"type":"Feature","geometry":{"type":"Point","coordinates":[-75.5883,6.2187]},"properties":{"callsign":"NSE8912","hex":"0accd7","origin":"Colombia","altitude":0,"velocity":0,"heading":278.44,"onGround":true,"type":"Unknown","desc":"OpenSky cat 0","military":false,"spi":false,"category":0,"source":"opensky"}},{"type":"Feature","geometry":{"type":"Point","coordinates":[-76.0248,6.6336]},"properties":{"callsign":"RER9711","hex":"e840ac","origin":"Ecuador","altitude":10972.8,"velocity":215.54,"heading":15.36,"onGround":false,"type":"Unknown","desc":"OpenSky cat 0","military":false,"spi":false,"category":0,"source":"opensky"}},{"type":"Feature","geometry":{"type":"Point","coordinates":[-75.7043,6.0641]},"properties":{"callsign":"EFY9109","hex":"0acccb","origin":"Colombia","altitude":3596.64,"velocity":108.16,"heading":244.65,"onGround":false,"type":"Unknown","desc":"OpenSky cat 0","military":false,"spi":false,"category":0,"source":"opensky"}},{"type":"Feature","geometry":{"type":"Point","coordinates":[-86.9497,8.8753]},"properties":{"callsign":"TAI428","hex":"a511fd","origin":"United States","altitude":10972.8,"velocity":236.74,"heading":333.55,"onGround":false,"type":"Unknown","desc":"OpenSky cat 0","military":false,"spi":false,"category":0,"source":"opensky"}},{"type":"Feature","geometry":{"type":"Point","coordinates":[-75.7936,4.7953]},"properties":{"callsign":"AVA8515","hex":"aa1056","origin":"United States","altitude":1554.48,"velocity":79.55,"heading":71.92,"onGround":false,"type":"No emitter category","desc":"OpenSky cat 1","military":false,"spi":false,"category":1,"source":"opensky"}},{"type":"Feature","geometry":{"type":"Point","coordinates":[-76.1177,3.8891]},"properties":{"callsign":"AVA9544","hex":"a9f29e","origin":"United States","altitude":5295.9,"velocity":143.32,"heading":45,"onGround":false,"type":"No emitter category","desc":"OpenSky cat 1","military":false,"spi":false,"category":1,"source":"opensky"}},{"type":"Feature","geometry":{"type":"Point","coordinates":[-75.127,12.4455]},"properties":{"callsign":"0c21b8","hex":"0c21b8","origin":"Panama","altitude":10972.8,"velocity":222.17,"heading":230.45,"onGround":false,"type":"Unknown","desc":"OpenSky cat 0","military":false,"spi":false,"category":0,"source":"opensky"}},{"type":"Feature","geometry":{"type":"Point","coordinates":[-75.9405,2.7435]},"properties":{"callsign":"CMP789","hex":"0c21fc","origin":"Panama","altitude":11582.4,"velocity":228.68,"heading":328.99,"onGround":false,"type":"Unknown","desc":"OpenSky cat 0","military":false,"spi":false,"category":0,"source":"opensky"}},{"type":"Feature","geometry":{"type":"Point","coordinates":[-75.5651,12.8001]},"properties":{"callsign":"CMP108","hex":"0c21dd","origin":"Panama","altitude":10972.8,"velocity":225.17,"heading":225.28,"onGround":false,"type":"Unknown","desc":"OpenSky cat 0","military":false,"spi":false,"category":0,"source":"opensky"}},{"type":"Feature","geometry":{"type":"Point","coordinates":[34.9437,31.9742]},"properties":{"callsign":"WZZ9YX","hex":"471eff","origin":"Hungary","altitude":373.38,"velocity":72.43,"heading":300.75,"onGround":false,"type":"Unknown","desc":"OpenSky cat 0","military":false,"spi":false,"category":0,"source":"opensky"}},{"type":"Feature","geometry":{"type":"Point","coordinates":[36.8851,41.2409]},"properties":{"callsign":"T7CDS","hex":"500469","origin":"San Marino","altitude":14325.6,"velocity":210.9,"heading":275.6,"onGround":false,"type":"Unknown","desc":"OpenSky cat 0","military":false,"spi":false,"category":0,"source":"opensky"}},{"type":"Feature","geometry":{"type":"Point","coordinates":[36.286,31.5575]},"properties":{"callsign":"JAV818","hex":"742838","origin":"Jordan","altitude":1920.24,"velocity":130.72,"heading":334.85,"onGround":false,"type":"Unknown","desc":"OpenSky cat 0","military":false,"spi":false,"category":0,"source":"opensky"}},{"type":"Feature","geometry":{"type":"Point","coordinates":[31.2965,32.1092]},"properties":{"callsign":"CES224","hex":"7809b9","origin":"China","altitude":8717.28,"velocity":229.39,"heading":15.35,"onGround":false,"type":"No emitter category","desc":"OpenSky cat 1","military":false,"spi":false,"category":1,"source":"opensky"}},{"type":"Feature","geometry":{"type":"Point","coordinates":[44.9634,41.6682]},"properties":{"callsign":"JAV441","hex":"742824","origin":"Jordan","altitude":0,"velocity":3.6,"heading":50.62,"onGround":true,"type":"Unknown","desc":"OpenSky cat 0","military":false,"spi":false,"category":0,"source":"opensky"}},{"type":"Feature","geometry":{"type":"Point","coordinates":[31.3303,31.8875]},"properties":{"callsign":"SQY8312","hex":"505cea","origin":"Slovakia","altitude":10972.8,"velocity":245.87,"heading":354.84,"onGround":false,"type":"Unknown","desc":"OpenSky cat 0","military":false,"spi":false,"category":0,"source":"opensky"}},{"type":"Feature","geometry":{"type":"Point","coordinates":[35.198,32.9017]},"properties":{"callsign":"4XBCQ","hex":"73926a","origin":"Israel","altitude":137.16,"velocity":5.25,"heading":281.31,"onGround":false,"type":"Unknown","desc":"OpenSky cat 0","military":false,"spi":false,"category":0,"source":"opensky"}},{"type":"Feature","geometry":{"type":"Point","coordinates":[30.7994,36.8901]},"properties":{"callsign":"MGH886","hex":"4bb4f4","origin":"Turkey","altitude":0,"velocity":1.54,"heading":98.44,"onGround":true,"type":"Unknown","desc":"OpenSky cat 0","military":false,"spi":false,"category":0,"source":"opensky"}},{"type":"Feature","geometry":{"type":"Point","coordinates":[33.4525,36.9503]},"properties":{"callsign":"HMZ725","hex":"4bb51a","origin":"Turkey","altitude":12192,"velocity":233.43,"heading":235.96,"onGround":false,"type":"Unknown","desc":"OpenSky cat 0","military":false,"spi":false,"category":0,"source":"opensky"}},{"type":"Feature","geometry":{"type":"Point","coordinates":[32.7677,33.2825]},"properties":{"callsign":"CYF243","hex":"4521bf","origin":"Bulgaria","altitude":9212.58,"velocity":254.82,"heading":125.55,"onGround":false,"type":"Unknown","desc":"OpenSky cat 0","military":false,"spi":false,"category":0,"source":"opensky"}},{"type":"Feature","geometry":{"type":"Point","coordinates":[33.8957,32.2364]},"properties":{"callsign":"ELY371","hex":"73806e","origin":"Israel","altitude":5417.82,"velocity":212.84,"heading":295.64,"onGround":false,"type":"Unknown","desc":"OpenSky cat 0","military":false,"spi":false,"category":0,"source":"opensky"}},{"type":"Feature","geometry":{"type":"Point","coordinates":[34.7453,32.173]},"properties":{"callsign":"ELY386","hex":"738069","origin":"Israel","altitude":2202.18,"velocity":139.35,"heading":133.95,"onGround":false,"type":"Unknown","desc":"OpenSky cat 0","military":false,"spi":false,"category":0,"source":"opensky"}},{"type":"Feature","geometry":{"type":"Point","coordinates":[34.8907,31.997]},"properties":{"callsign":"ELY5031","hex":"73805b","origin":"Israel","altitude":0,"velocity":8.23,"heading":19.69,"onGround":true,"type":"Unknown","desc":"OpenSky cat 0","military":false,"spi":false,"category":0,"source":"opensky"}},{"type":"Feature","geometry":{"type":"Point","coordinates":[33.6887,32.7022]},"properties":{"callsign":"ELY322","hex":"738051","origin":"Israel","altitude":5303.52,"velocity":217.1,"heading":127.01,"onGround":false,"type":"Unknown","desc":"OpenSky cat 0","military":false,"spi":false,"category":0,"source":"opensky"}},{"type":"Feature","geometry":{"type":"Point","coordinates":[32.9207,33.6607]},"properties":{"callsign":"ELY354","hex":"738059","origin":"Israel","altitude":10668,"velocity":245.97,"heading":144.45,"onGround":false,"type":"Unknown","desc":"OpenSky cat 0","military":false,"spi":false,"category":0,"source":"opensky"}},{"type":"Feature","geometry":{"type":"Point","coordinates":[36.4138,34.2724]},"properties":{"callsign":"MEA425","hex":"500205","origin":"San Marino","altitude":7223.76,"velocity":212.13,"heading":272.36,"onGround":false,"type":"Unknown","desc":"OpenSky cat 0","military":false,"spi":false,"category":0,"source":"opensky"}},{"type":"Feature","geometry":{"type":"Point","coordinates":[37.9335,33.8247]},"properties":{"callsign":"MEA427","hex":"5001d3","origin":"San Marino","altitude":9761.22,"velocity":236.7,"heading":321.88,"onGround":false,"type":"Unknown","desc":"OpenSky cat 0","military":false,"spi":false,"category":0,"source":"opensky"}},{"type":"Feature","geometry":{"type":"Point","coordinates":[32.0725,35.4926]},"properties":{"callsign":"MEA232","hex":"5001dc","origin":"San Marino","altitude":10058.4,"velocity":250.24,"heading":118.62,"onGround":false,"type":"Unknown","desc":"OpenSky cat 0","military":false,"spi":false,"category":0,"source":"opensky"}},{"type":"Feature","geometry":{"type":"Point","coordinates":[40.3459,41.6068]},"properties":{"callsign":"WZZ3061","hex":"471d68","origin":"Hungary","altitude":9753.6,"velocity":190.99,"heading":262.42,"onGround":false,"type":"Unknown","desc":"OpenSky cat 0","military":false,"spi":false,"category":0,"source":"opensky"}},{"type":"Feature","geometry":{"type":"Point","coordinates":[38.7923,30.269]},"properties":{"callsign":"TKJ1569","hex":"4bd8c7","origin":"Turkey","altitude":11277.6,"velocity":219.79,"heading":178.12,"onGround":false,"type":"Unknown","desc":"OpenSky cat 0","military":false,"spi":false,"category":0,"source":"opensky"}},{"type":"Feature","geometry":{"type":"Point","coordinates":[32.008,36.9158]},"properties":{"callsign":"TKJ14N","hex":"4bd8c5","origin":"Turkey","altitude":10363.2,"velocity":231.51,"heading":328.82,"onGround":false,"type":"Unknown","desc":"OpenSky cat 0","military":false,"spi":false,"category":0,"source":"opensky"}},{"type":"Feature","geometry":{"type":"Point","coordinates":[30.9065,38.0385]},"properties":{"callsign":"TKJ4FC","hex":"4bb2a5","origin":"Turkey","altitude":10066.02,"velocity":240.57,"heading":136.82,"onGround":false,"type":"Unknown","desc":"OpenSky cat 0","military":false,"spi":false,"category":0,"source":"opensky"}},{"type":"Feature","geometry":{"type":"Point","coordinates":[31.2785,30.6917]},"properties":{"callsign":"ENT7031","hex":"4892c8","origin":"Poland","altitude":10668,"velocity":229.79,"heading":170.85,"onGround":false,"type":"Unknown","desc":"OpenSky cat 0","military":false,"spi":false,"category":0,"source":"opensky"}},{"type":"Feature","geometry":{"type":"Point","coordinates":[-57.2445,-34.0124]},"properties":{"callsign":"LPE2399","hex":"e80273","origin":"Chile","altitude":8115.3,"velocity":205.73,"heading":310.74,"onGround":false,"type":"Unknown","desc":"OpenSky cat 0","military":false,"spi":false,"category":0,"source":"opensky"}},{"type":"Feature","geometry":{"type":"Point","coordinates":[-58.7489,-36.1209]},"properties":{"callsign":"ARG1880","hex":"e0b254","origin":"Argentina","altitude":8877.3,"velocity":209.73,"heading":197.41,"onGround":false,"type":"Unknown","desc":"OpenSky cat 0","military":false,"spi":false,"category":0,"source":"opensky"}},{"type":"Feature","geometry":{"type":"Point","coordinates":[-58.3557,-34.5634]},"properties":{"callsign":"ARG1512","hex":"e07543","origin":"Argentina","altitude":617.22,"velocity":118,"heading":33.62,"onGround":false,"type":"Unknown","desc":"OpenSky cat 0","military":false,"spi":false,"category":0,"source":"opensky"}},{"type":"Feature","geometry":{"type":"Point","coordinates":[-59.4479,-34.4884]},"properties":{"callsign":"LVFEE","hex":"e06145","origin":"Argentina","altitude":6705.6,"velocity":123.43,"heading":275.02,"onGround":false,"type":"Unknown","desc":"OpenSky cat 0","military":false,"spi":false,"category":0,"source":"opensky"}},{"type":"Feature","geometry":{"type":"Point","coordinates":[-58.5301,-34.8233]},"properties":{"callsign":"e8062c","hex":"e8062c","origin":"Chile","altitude":-15.24,"velocity":86.88,"heading":102.31,"onGround":false,"type":"Unknown","desc":"OpenSky cat 0","military":false,"spi":false,"category":0,"source":"opensky"}},{"type":"Feature","geometry":{"type":"Point","coordinates":[-58.6187,-34.2368]},"properties":{"callsign":"ARG1494","hex":"e0664b","origin":"Argentina","altitude":4892.04,"velocity":188.45,"heading":314.12,"onGround":false,"type":"Unknown","desc":"OpenSky cat 0","military":false,"spi":false,"category":0,"source":"opensky"}},{"type":"Feature","geometry":{"type":"Point","coordinates":[-58.3803,-32.8679]},"properties":{"callsign":"ARG1770","hex":"e0b2c4","origin":"Argentina","altitude":10073.64,"velocity":255.19,"heading":13.17,"onGround":false,"type":"Unknown","desc":"OpenSky cat 0","military":false,"spi":false,"category":0,"source":"opensky"}},{"type":"Feature","geometry":{"type":"Point","coordinates":[-58.7407,-34.3409]},"properties":{"callsign":"SKX5811","hex":"e8033d","origin":"Chile","altitude":1432.56,"velocity":133.5,"heading":134.84,"onGround":false,"type":"Unknown","desc":"OpenSky cat 0","military":false,"spi":false,"category":0,"source":"opensky"}},{"type":"Feature","geometry":{"type":"Point","coordinates":[-58.7882,-34.7767]},"properties":{"callsign":"AAL907","hex":"aaaa92","origin":"United States","altitude":1150.62,"velocity":113.72,"heading":102.28,"onGround":false,"type":"Unknown","desc":"OpenSky cat 0","military":false,"spi":false,"category":0,"source":"opensky"}},{"type":"Feature","geometry":{"type":"Point","coordinates":[-58.5544,-34.3626]},"properties":{"callsign":"AVA088","hex":"ad63a8","origin":"United States","altitude":7002.78,"velocity":214.68,"heading":357.8,"onGround":false,"type":"Unknown","desc":"OpenSky cat 0","military":false,"spi":false,"category":0,"source":"opensky"}},{"type":"Feature","geometry":{"type":"Point","coordinates":[-58.8169,-35.1152]},"properties":{"callsign":"ANS626","hex":"e1040d","origin":"Argentina","altitude":5242.56,"velocity":193.49,"heading":243.98,"onGround":false,"type":"Unknown","desc":"OpenSky cat 0","military":false,"spi":false,"category":0,"source":"opensky"}},{"type":"Feature","geometry":{"type":"Point","coordinates":[-58.4111,-34.5595]},"properties":{"callsign":"ARG1762","hex":"e02659","origin":"Argentina","altitude":0,"velocity":0,"heading":309.38,"onGround":true,"type":"Unknown","desc":"OpenSky cat 0","military":false,"spi":false,"category":0,"source":"opensky"}},{"type":"Feature","geometry":{"type":"Point","coordinates":[-59.6894,-32.9404]},"properties":{"callsign":"LNE1436","hex":"e84074","origin":"Ecuador","altitude":10980.42,"velocity":227.98,"heading":329.04,"onGround":false,"type":"Unknown","desc":"OpenSky cat 0","military":false,"spi":false,"category":0,"source":"opensky"}},{"type":"Feature","geometry":{"type":"Point","coordinates":[-58.5586,-34.8181]},"properties":{"callsign":"DWI6266","hex":"0c43b9","origin":"Dominican Republic","altitude":7.62,"velocity":72.88,"heading":103.06,"onGround":false,"type":"Unknown","desc":"OpenSky cat 0","military":false,"spi":false,"category":0,"source":"opensky"}},{"type":"Feature","geometry":{"type":"Point","coordinates":[-58.9979,-34.7479]},"properties":{"callsign":"LCO1511","hex":"a6d8e5","origin":"United States","altitude":1828.8,"velocity":127.87,"heading":71.71,"onGround":false,"type":"Unknown","desc":"OpenSky cat 0","military":false,"spi":false,"category":0,"source":"opensky"}},{"type":"Feature","geometry":{"type":"Point","coordinates":[15.2684,66.9302]},"properties":{"callsign":"SAS4546","hex":"4acb42","origin":"Sweden","altitude":11902.44,"velocity":246.27,"heading":24.96,"onGround":false,"type":"Unknown","desc":"OpenSky cat 0","military":false,"spi":false,"category":0,"source":"opensky"}},{"type":"Feature","geometry":{"type":"Point","coordinates":[15.8342,67.4003]},"properties":{"callsign":"NOZ375","hex":"47875c","origin":"Norway","altitude":11582.4,"velocity":218.35,"heading":205.84,"onGround":false,"type":"Unknown","desc":"OpenSky cat 0","military":false,"spi":false,"category":0,"source":"opensky"}},{"type":"Feature","geometry":{"type":"Point","coordinates":[19.0827,60.7591]},"properties":{"callsign":"NOZ9HZ","hex":"47875a","origin":"Norway","altitude":11582.4,"velocity":224.1,"heading":277.39,"onGround":false,"type":"Unknown","desc":"OpenSky cat 0","military":false,"spi":false,"category":0,"source":"opensky"}},{"type":"Feature","geometry":{"type":"Point","coordinates":[23.7219,61.5209]},"properties":{"callsign":"N32","hex":"467896","origin":"Finland","altitude":274.32,"velocity":72.46,"heading":227.59,"onGround":false,"type":"Unknown","desc":"OpenSky cat 0","military":false,"spi":false,"category":0,"source":"opensky"}},{"type":"Feature","geometry":{"type":"Point","coordinates":[24.9741,60.3284]},"properties":{"callsign":"4676d8","hex":"4676d8","origin":"Finland","altitude":0,"velocity":17.49,"heading":225,"onGround":true,"type":"Unknown","desc":"OpenSky cat 0","military":false,"spi":false,"category":0,"source":"opensky"}},{"type":"Feature","geometry":{"type":"Point","coordinates":[18.559,60.286]},"properties":{"callsign":"SAS4225","hex":"4ab5d5","origin":"Sweden","altitude":5044.44,"velocity":154.97,"heading":193.44,"onGround":false,"type":"Unknown","desc":"OpenSky cat 0","military":false,"spi":false,"category":0,"source":"opensky"}},{"type":"Feature","geometry":{"type":"Point","coordinates":[17.9757,69.116]},"properties":{"callsign":"SAS53F","hex":"4780c9","origin":"Norway","altitude":3200.4,"velocity":164.43,"heading":44.49,"onGround":false,"type":"Unknown","desc":"OpenSky cat 0","military":false,"spi":false,"category":0,"source":"opensky"}},{"type":"Feature","geometry":{"type":"Point","coordinates":[25.375,60.4047]},"properties":{"callsign":"FIN2RA","hex":"461f9d","origin":"Finland","altitude":1158.24,"velocity":125.65,"heading":25.2,"onGround":false,"type":"Unknown","desc":"OpenSky cat 0","military":false,"spi":false,"category":0,"source":"opensky"}},{"type":"Feature","geometry":{"type":"Point","coordinates":[25.2204,60.4395]},"properties":{"callsign":"FIN7YC","hex":"461f69","origin":"Finland","altitude":1021.08,"velocity":90.4,"heading":228.69,"onGround":false,"type":"Unknown","desc":"OpenSky cat 0","military":false,"spi":false,"category":0,"source":"opensky"}},{"type":"Feature","geometry":{"type":"Point","coordinates":[24.1835,60.457]},"properties":{"callsign":"FIN5P","hex":"461f63","origin":"Finland","altitude":3771.9,"velocity":159.99,"heading":82.05,"onGround":false,"type":"Unknown","desc":"OpenSky cat 0","military":false,"spi":false,"category":0,"source":"opensky"}},{"type":"Feature","geometry":{"type":"Point","coordinates":[15.7302,60.3085]},"properties":{"callsign":"FIN76U","hex":"461f35","origin":"Finland","altitude":11887.2,"velocity":238.95,"heading":84.07,"onGround":false,"type":"Unknown","desc":"OpenSky cat 0","military":false,"spi":false,"category":0,"source":"opensky"}},{"type":"Feature","geometry":{"type":"Point","coordinates":[25.2058,60.244]},"properties":{"callsign":"FIN1YB","hex":"461f36","origin":"Finland","altitude":2628.9,"velocity":150.57,"heading":22.71,"onGround":false,"type":"Unknown","desc":"OpenSky cat 0","military":false,"spi":false,"category":0,"source":"opensky"}},{"type":"Feature","geometry":{"type":"Point","coordinates":[25.3424,64.6671]},"properties":{"callsign":"FIN2PD","hex":"461fa8","origin":"Finland","altitude":3672.84,"velocity":161.02,"heading":179.82,"onGround":false,"type":"Unknown","desc":"OpenSky cat 0","military":false,"spi":false,"category":0,"source":"opensky"}},{"type":"Feature","geometry":{"type":"Point","coordinates":[24.9582,60.3209]},"properties":{"callsign":"FIN4LK","hex":"461fa4","origin":"Finland","altitude":0,"velocity":10.29,"heading":199.69,"onGround":true,"type":"Unknown","desc":"OpenSky cat 0","military":false,"spi":false,"category":0,"source":"opensky"}},{"type":"Feature","geometry":{"type":"Point","coordinates":[24.3951,60.0287]},"properties":{"callsign":"FIN8CA","hex":"461fa1","origin":"Finland","altitude":4815.84,"velocity":163.24,"heading":65.62,"onGround":false,"type":"Unknown","desc":"OpenSky cat 0","military":false,"spi":false,"category":0,"source":"opensky"}},{"type":"Feature","geometry":{"type":"Point","coordinates":[24.1012,60.2131]},"properties":{"callsign":"FIN4PE","hex":"461faa","origin":"Finland","altitude":3924.3,"velocity":178.69,"heading":256.68,"onGround":false,"type":"Unknown","desc":"OpenSky cat 0","military":false,"spi":false,"category":0,"source":"opensky"}},{"type":"Feature","geometry":{"type":"Point","coordinates":[24.9703,60.3213]},"properties":{"callsign":"RYR7JX","hex":"48e9f3","origin":"Poland","altitude":0,"velocity":9.26,"heading":151.88,"onGround":true,"type":"Unknown","desc":"OpenSky cat 0","military":false,"spi":false,"category":0,"source":"opensky"}},{"type":"Feature","geometry":{"type":"Point","coordinates":[20.1335,65.2102]},"properties":{"callsign":"SPSGP","hex":"48c4cf","origin":"Poland","altitude":533.4,"velocity":30.97,"heading":221.63,"onGround":false,"type":"Unknown","desc":"OpenSky cat 0","military":false,"spi":false,"category":0,"source":"opensky"}},{"type":"Feature","geometry":{"type":"Point","coordinates":[18.2124,61.6358]},"properties":{"callsign":"FIN33V","hex":"45ab23","origin":"Denmark","altitude":11277.6,"velocity":240.28,"heading":108.47,"onGround":false,"type":"Unknown","desc":"OpenSky cat 0","military":false,"spi":false,"category":0,"source":"opensky"}},{"type":"Feature","geometry":{"type":"Point","coordinates":[20.7826,64.5631]},"properties":{"callsign":"SWE31A","hex":"4acac3","origin":"Sweden","altitude":10751.82,"velocity":217.18,"heading":18.22,"onGround":false,"type":"Unknown","desc":"OpenSky cat 0","military":false,"spi":false,"category":0,"source":"opensky"}},{"type":"Feature","geometry":{"type":"Point","coordinates":[24.9564,60.3314]},"properties":{"callsign":"IJM572","hex":"4403bd","origin":"Austria","altitude":0,"velocity":7.72,"heading":317.81,"onGround":true,"type":"Unknown","desc":"OpenSky cat 0","military":false,"spi":false,"category":0,"source":"opensky"}},{"type":"Feature","geometry":{"type":"Point","coordinates":[23.7665,60.0542]},"properties":{"callsign":"LHX849","hex":"3c654a","origin":"Germany","altitude":6309.36,"velocity":196.07,"heading":242.16,"onGround":false,"type":"Unknown","desc":"OpenSky cat 0","military":false,"spi":false,"category":0,"source":"opensky"}},{"type":"Feature","geometry":{"type":"Point","coordinates":[24.3026,60.3388]},"properties":{"callsign":"OHCPG","hex":"4606d4","origin":"Finland","altitude":144.78,"velocity":22.99,"heading":220.46,"onGround":false,"type":"Unknown","desc":"OpenSky cat 0","military":false,"spi":false,"category":0,"source":"opensky"}},{"type":"Feature","geometry":{"type":"Point","coordinates":[-101.167,18.4004]},"properties":{"callsign":"LAN602","hex":"e8020d","origin":"Chile","altitude":12184.38,"velocity":228.69,"heading":320.29,"onGround":false,"type":"Unknown","desc":"OpenSky cat 0","military":false,"spi":false,"category":0,"source":"opensky"}},{"type":"Feature","geometry":{"type":"Point","coordinates":[-98.7232,26.4392]},"properties":{"callsign":"N72L","hex":"a9a22d","origin":"United States","altitude":1981.2,"velocity":84.21,"heading":296.1,"onGround":false,"type":"Unknown","desc":"OpenSky cat 0","military":false,"spi":false,"category":0,"source":"opensky"}},{"type":"Feature","geometry":{"type":"Point","coordinates":[-90.2574,29.251]},"properties":{"callsign":"PHM036","hex":"a9ea08","origin":"United States","altitude":518.16,"velocity":59.88,"heading":126.97,"onGround":false,"type":"Unknown","desc":"OpenSky cat 0","military":false,"spi":false,"category":0,"source":"opensky"}},{"type":"Feature","geometry":{"type":"Point","coordinates":[-99.471,27.3842]},"properties":{"callsign":"FDX1517","hex":"a89fcf","origin":"United States","altitude":914.4,"velocity":104.07,"heading":3.12,"onGround":false,"type":"Unknown","desc":"OpenSky cat 0","military":false,"spi":false,"category":0,"source":"opensky"}},{"type":"Feature","geometry":{"type":"Point","coordinates":[-97.6566,26.3792]},"properties":{"callsign":"FDX1537","hex":"a0f5e7","origin":"United States","altitude":807.72,"velocity":93.18,"heading":182.21,"onGround":false,"type":"Unknown","desc":"OpenSky cat 0","military":false,"spi":false,"category":0,"source":"opensky"}},{"type":"Feature","geometry":{"type":"Point","coordinates":[-98.2733,29.602]},"properties":{"callsign":"N332PH","hex":"a39e8a","origin":"United States","altitude":548.64,"velocity":55.46,"heading":229.51,"onGround":false,"type":"Unknown","desc":"OpenSky cat 0","military":false,"spi":false,"category":0,"source":"opensky"}},{"type":"Feature","geometry":{"type":"Point","coordinates":[-98.0036,26.506]},"properties":{"callsign":"UPS796","hex":"a51b27","origin":"United States","altitude":2895.6,"velocity":152.01,"heading":228.7,"onGround":false,"type":"Unknown","desc":"OpenSky cat 0","military":false,"spi":false,"category":0,"source":"opensky"}},{"type":"Feature","geometry":{"type":"Point","coordinates":[-99.0668,19.4422]},"properties":{"callsign":"VOI711","hex":"0d111b","origin":"Mexico","altitude":0,"velocity":8.75,"heading":239.06,"onGround":true,"type":"Unknown","desc":"OpenSky cat 0","military":false,"spi":false,"category":0,"source":"opensky"}},{"type":"Feature","geometry":{"type":"Point","coordinates":[-98.5989,21.5245]},"properties":{"callsign":"UAL1085","hex":"ac4717","origin":"United States","altitude":11277.6,"velocity":237.49,"heading":12.89,"onGround":false,"type":"Unknown","desc":"OpenSky cat 0","military":false,"spi":false,"category":0,"source":"opensky"}},{"type":"Feature","geometry":{"type":"Point","coordinates":[-100.1164,25.7806]},"properties":{"callsign":"CCDBO","hex":"e80048","origin":"Chile","altitude":0,"velocity":0,"heading":236.25,"onGround":true,"type":"Unknown","desc":"OpenSky cat 0","military":false,"spi":false,"category":0,"source":"opensky"}},{"type":"Feature","geometry":{"type":"Point","coordinates":[-95.3229,29.6825]},"properties":{"callsign":"N978TC","hex":"ada309","origin":"United States","altitude":274.32,"velocity":77.85,"heading":134.46,"onGround":false,"type":"Unknown","desc":"OpenSky cat 0","military":false,"spi":false,"category":0,"source":"opensky"}},{"type":"Feature","geometry":{"type":"Point","coordinates":[-98.8384,27.0714]},"properties":{"callsign":"N75Z","hex":"aa19ef","origin":"United States","altitude":3208.02,"velocity":97.18,"heading":313.07,"onGround":false,"type":"Unknown","desc":"OpenSky cat 0","military":false,"spi":false,"category":0,"source":"opensky"}},{"type":"Feature","geometry":{"type":"Point","coordinates":[-99.0308,23.606]},"properties":{"callsign":"VTM7520","hex":"0d0019","origin":"Mexico","altitude":10058.4,"velocity":230.28,"heading":347.49,"onGround":false,"type":"Unknown","desc":"OpenSky cat 0","military":false,"spi":false,"category":0,"source":"opensky"}},{"type":"Feature","geometry":{"type":"Point","coordinates":[-90.4006,29.3283]},"properties":{"callsign":"BTZ328","hex":"a38da0","origin":"United States","altitude":891.54,"velocity":67.7,"heading":136.85,"onGround":false,"type":"Unknown","desc":"OpenSky cat 0","military":false,"spi":false,"category":0,"source":"opensky"}},{"type":"Feature","geometry":{"type":"Point","coordinates":[-93.4091,26.0045]},"properties":{"callsign":"THY182","hex":"4bb181","origin":"Turkey","altitude":11582.4,"velocity":263.33,"heading":237.77,"onGround":false,"type":"Unknown","desc":"OpenSky cat 0","military":false,"spi":false,"category":0,"source":"opensky"}},{"type":"Feature","geometry":{"type":"Point","coordinates":[-98.4069,29.4836]},"properties":{"callsign":"SKW4951","hex":"a63f4e","origin":"United States","altitude":906.78,"velocity":107.04,"heading":129.74,"onGround":false,"type":"Unknown","desc":"OpenSky cat 0","military":false,"spi":false,"category":0,"source":"opensky"}},{"type":"Feature","geometry":{"type":"Point","coordinates":[-90.1648,29.3695]},"properties":{"callsign":"BTZ92E","hex":"acbc3d","origin":"United States","altitude":1508.76,"velocity":70.26,"heading":113.75,"onGround":false,"type":"Unknown","desc":"OpenSky cat 0","military":false,"spi":false,"category":0,"source":"opensky"}},{"type":"Feature","geometry":{"type":"Point","coordinates":[-90.1037,28.9752]},"properties":{"callsign":"AMX071","hex":"0d085c","origin":"Mexico","altitude":12184.38,"velocity":256.14,"heading":176.55,"onGround":false,"type":"Unknown","desc":"OpenSky cat 0","military":false,"spi":false,"category":0,"source":"opensky"}},{"type":"Feature","geometry":{"type":"Point","coordinates":[-90.4963,28.941]},"properties":{"callsign":"CVR243","hex":"a2fe03","origin":"United States","altitude":1196.34,"velocity":64.17,"heading":192.03,"onGround":false,"type":"Unknown","desc":"OpenSky cat 0","military":false,"spi":false,"category":0,"source":"opensky"}},{"type":"Feature","geometry":{"type":"Point","coordinates":[-98.674,19.5525]},"properties":{"callsign":"AVA045","hex":"0acac2","origin":"Colombia","altitude":4831.08,"velocity":160,"heading":114.5,"onGround":false,"type":"Unknown","desc":"OpenSky cat 0","military":false,"spi":false,"category":0,"source":"opensky"}},{"type":"Feature","geometry":{"type":"Point","coordinates":[-90.2715,15.525]},"properties":{"callsign":"FAG630","hex":"0b4116","origin":"Guatemala","altitude":3261.36,"velocity":80.73,"heading":14.39,"onGround":false,"type":"Unknown","desc":"OpenSky cat 0","military":false,"spi":false,"category":0,"source":"opensky"}},{"type":"Feature","geometry":{"type":"Point","coordinates":[-99.3055,29.918]},"properties":{"callsign":"SWA3494","hex":"a143c6","origin":"United States","altitude":6697.98,"velocity":233.92,"heading":290.47,"onGround":false,"type":"Unknown","desc":"OpenSky cat 0","military":false,"spi":false,"category":0,"source":"opensky"}},{"type":"Feature","geometry":{"type":"Point","coordinates":[-101.3045,24.3759]},"properties":{"callsign":"VOI1703","hex":"a6cc54","origin":"United States","altitude":10363.2,"velocity":222.89,"heading":217.87,"onGround":false,"type":"Unknown","desc":"OpenSky cat 0","military":false,"spi":false,"category":0,"source":"opensky"}},{"type":"Feature","geometry":{"type":"Point","coordinates":[113.9262,22.7367]},"properties":{"callsign":"THA678","hex":"8851e1","origin":"Thailand","altitude":4206.24,"velocity":154.03,"heading":8.64,"onGround":false,"type":"Unknown","desc":"OpenSky cat 0","military":true,"spi":true,"category":0,"source":"opensky"}},{"type":"Feature","geometry":{"type":"Point","coordinates":[115.119,23.6454]},"properties":{"callsign":"CDG4912","hex":"7809a2","origin":"China","altitude":6888.48,"velocity":209.87,"heading":77.97,"onGround":false,"type":"Unknown","desc":"OpenSky cat 0","military":false,"spi":false,"category":0,"source":"opensky"}},{"type":"Feature","geometry":{"type":"Point","coordinates":[114.0367,22.8544]},"properties":{"callsign":"CSN3235","hex":"7809b2","origin":"China","altitude":3863.34,"velocity":165.35,"heading":69.99,"onGround":false,"type":"Unknown","desc":"OpenSky cat 0","military":false,"spi":false,"category":0,"source":"opensky"}},{"type":"Feature","geometry":{"type":"Point","coordinates":[117.7973,21.0472]},"properties":{"callsign":"THA673","hex":"885283","origin":"Thailand","altitude":11582.4,"velocity":256.76,"heading":293.12,"onGround":false,"type":"Unknown","desc":"OpenSky cat 0","military":false,"spi":false,"category":0,"source":"opensky"}},{"type":"Feature","geometry":{"type":"Point","coordinates":[119.5366,25.1763]},"properties":{"callsign":"DKH1353","hex":"781a94","origin":"China","altitude":11010.9,"velocity":234.81,"heading":217.52,"onGround":false,"type":"Unknown","desc":"OpenSky cat 0","military":false,"spi":false,"category":0,"source":"opensky"}},{"type":"Feature","geometry":{"type":"Point","coordinates":[110.9349,23.3434]},"properties":{"callsign":"896185","hex":"896185","origin":"United Arab Emirates","altitude":11917.68,"velocity":256.46,"heading":102.87,"onGround":false,"type":"Unknown","desc":"OpenSky cat 0","military":false,"spi":false,"category":0,"source":"opensky"}},{"type":"Feature","geometry":{"type":"Point","coordinates":[113.929,23.0644]},"properties":{"callsign":"CSZ9966","hex":"781c77","origin":"China","altitude":3474.72,"velocity":147.78,"heading":352.8,"onGround":false,"type":"Unknown","desc":"OpenSky cat 0","military":false,"spi":false,"category":0,"source":"opensky"}},{"type":"Feature","geometry":{"type":"Point","coordinates":[113.9257,22.3226]},"properties":{"callsign":"CPA341","hex":"780a4b","origin":"China","altitude":0,"velocity":5.4,"heading":70.31,"onGround":true,"type":"Unknown","desc":"OpenSky cat 0","military":false,"spi":false,"category":0,"source":"opensky"}},{"type":"Feature","geometry":{"type":"Point","coordinates":[113.9312,22.3187]},"properties":{"callsign":"CPA867","hex":"780a65","origin":"China","altitude":0,"velocity":4.89,"heading":101.25,"onGround":true,"type":"Unknown","desc":"OpenSky cat 0","military":false,"spi":false,"category":0,"source":"opensky"}},{"type":"Feature","geometry":{"type":"Point","coordinates":[114.0141,21.4086]},"properties":{"callsign":"CPA603","hex":"780a93","origin":"China","altitude":6088.38,"velocity":218.61,"heading":214.55,"onGround":false,"type":"Unknown","desc":"OpenSky cat 0","military":false,"spi":false,"category":0,"source":"opensky"}},{"type":"Feature","geometry":{"type":"Point","coordinates":[113.7393,22.1845]},"properties":{"callsign":"CPA539","hex":"780a94","origin":"China","altitude":1120.14,"velocity":89.91,"heading":329.77,"onGround":false,"type":"Unknown","desc":"OpenSky cat 0","military":false,"spi":false,"category":0,"source":"opensky"}},{"type":"Feature","geometry":{"type":"Point","coordinates":[113.7911,23.3796]},"properties":{"callsign":"CPA331","hex":"780a0d","origin":"China","altitude":9273.54,"velocity":234.87,"heading":188.95,"onGround":false,"type":"Unknown","desc":"OpenSky cat 0","military":false,"spi":false,"category":0,"source":"opensky"}},{"type":"Feature","geometry":{"type":"Point","coordinates":[118.8127,23.1146]},"properties":{"callsign":"CPA3291","hex":"780a1c","origin":"China","altitude":11582.4,"velocity":249.32,"heading":237.56,"onGround":false,"type":"Heavy","desc":"OpenSky cat 6","military":false,"spi":false,"category":6,"source":"opensky"}},{"type":"Feature","geometry":{"type":"Point","coordinates":[118.1351,22.3534]},"properties":{"callsign":"CPA882","hex":"780a2a","origin":"China","altitude":9448.8,"velocity":260.61,"heading":57.66,"onGround":false,"type":"Unknown","desc":"OpenSky cat 0","military":false,"spi":false,"category":0,"source":"opensky"}},{"type":"Feature","geometry":{"type":"Point","coordinates":[112.1149,23.1484]},"properties":{"callsign":"CCA4335","hex":"781ca9","origin":"China","altitude":6461.76,"velocity":215.66,"heading":102.68,"onGround":false,"type":"Unknown","desc":"OpenSky cat 0","military":false,"spi":false,"category":0,"source":"opensky"}},{"type":"Feature","geometry":{"type":"Point","coordinates":[113.2713,23.2345]},"properties":{"callsign":"CSZ9826","hex":"780b8e","origin":"China","altitude":906.78,"velocity":76.74,"heading":13.57,"onGround":false,"type":"Unknown","desc":"OpenSky cat 0","military":false,"spi":false,"category":0,"source":"opensky"}},{"type":"Feature","geometry":{"type":"Point","coordinates":[113.2469,23.1436]},"properties":{"callsign":"CES6992","hex":"780b2b","origin":"China","altitude":1028.7,"velocity":82.6,"heading":13.69,"onGround":false,"type":"Unknown","desc":"OpenSky cat 0","military":false,"spi":false,"category":0,"source":"opensky"}},{"type":"Feature","geometry":{"type":"Point","coordinates":[118.6814,15.8225]},"properties":{"callsign":"CXA8722","hex":"780b41","origin":"China","altitude":9144,"velocity":250.63,"heading":320.33,"onGround":false,"type":"Unknown","desc":"OpenSky cat 0","military":false,"spi":false,"category":0,"source":"opensky"}},{"type":"Feature","geometry":{"type":"Point","coordinates":[114.3708,22.6272]},"properties":{"callsign":"CSZ9074","hex":"781f38","origin":"China","altitude":2263.14,"velocity":156.28,"heading":262.24,"onGround":false,"type":"Unknown","desc":"OpenSky cat 0","military":false,"spi":false,"category":0,"source":"opensky"}},{"type":"Feature","geometry":{"type":"Point","coordinates":[113.3988,23.2766]},"properties":{"callsign":"CCA1865","hex":"781f2f","origin":"China","altitude":2392.68,"velocity":123.02,"heading":194.04,"onGround":false,"type":"Unknown","desc":"OpenSky cat 0","military":false,"spi":false,"category":0,"source":"opensky"}},{"type":"Feature","geometry":{"type":"Point","coordinates":[113.7425,23.1501]},"properties":{"callsign":"CCA4312","hex":"781dc0","origin":"China","altitude":4594.86,"velocity":197.55,"heading":0.3,"onGround":false,"type":"Unknown","desc":"OpenSky cat 0","military":false,"spi":false,"category":0,"source":"opensky"}},{"type":"Feature","geometry":{"type":"Point","coordinates":[115.6033,22.3744]},"properties":{"callsign":"780aab","hex":"780aab","origin":"China","altitude":6957.06,"velocity":215.13,"heading":261.89,"onGround":false,"type":"Unknown","desc":"OpenSky cat 0","military":false,"spi":false,"category":0,"source":"opensky"}},{"type":"Feature","geometry":{"type":"Point","coordinates":[113.9296,22.312]},"properties":{"callsign":"CPA135","hex":"780abb","origin":"China","altitude":0,"velocity":0.26,"heading":253.12,"onGround":true,"type":"Unknown","desc":"OpenSky cat 0","military":false,"spi":false,"category":0,"source":"opensky"}},{"type":"Feature","geometry":{"type":"Point","coordinates":[-26.5716,64.7731]},"properties":{"callsign":"ICE27M","hex":"4cc2a6","origin":"Iceland","altitude":10142.22,"velocity":215.89,"heading":293.45,"onGround":false,"type":"Unknown","desc":"OpenSky cat 0","military":false,"spi":false,"category":0,"source":"opensky"}},{"type":"Feature","geometry":{"type":"Point","coordinates":[-28.7823,65.0646]},"properties":{"callsign":"GRL781","hex":"459d6e","origin":"Denmark","altitude":11582.4,"velocity":231.1,"heading":274.21,"onGround":false,"type":"Unknown","desc":"OpenSky cat 0","military":false,"spi":false,"category":0,"source":"opensky"}},{"type":"Feature","geometry":{"type":"Point","coordinates":[-18.9168,63.6529]},"properties":{"callsign":"SAS596","hex":"45aa4b","origin":"Denmark","altitude":8610.6,"velocity":240.29,"heading":95.41,"onGround":false,"type":"Unknown","desc":"OpenSky cat 0","military":false,"spi":false,"category":0,"source":"opensky"}},{"type":"Feature","geometry":{"type":"Point","coordinates":[-20.3055,63.0764]},"properties":{"callsign":"AFR338","hex":"39cf0c","origin":"France","altitude":12192,"velocity":239.86,"heading":298.43,"onGround":false,"type":"Unknown","desc":"OpenSky cat 0","military":false,"spi":false,"category":0,"source":"opensky"}},{"type":"Feature","geometry":{"type":"Point","coordinates":[-22.4821,64.6777]},"properties":{"callsign":"FNA571","hex":"4cc543","origin":"Iceland","altitude":1524,"velocity":131.22,"heading":151.43,"onGround":false,"type":"Unknown","desc":"OpenSky cat 0","military":false,"spi":false,"category":0,"source":"opensky"}},{"type":"Feature","geometry":{"type":"Point","coordinates":[-22.1795,63.7359]},"properties":{"callsign":"ICE580","hex":"4cc50f","origin":"Iceland","altitude":3680.46,"velocity":180.58,"heading":161.05,"onGround":false,"type":"Unknown","desc":"OpenSky cat 0","military":false,"spi":false,"category":0,"source":"opensky"}},{"type":"Feature","geometry":{"type":"Point","coordinates":[-19.3781,63.096]},"properties":{"callsign":"ICE6EZ","hex":"4cc576","origin":"Iceland","altitude":9486.9,"velocity":249.02,"heading":125.92,"onGround":false,"type":"Unknown","desc":"OpenSky cat 0","military":false,"spi":false,"category":0,"source":"opensky"}},{"type":"Feature","geometry":{"type":"Point","coordinates":[-21.276,63.8568]},"properties":{"callsign":"ICE82B","hex":"4cc57b","origin":"Iceland","altitude":5364.48,"velocity":195.09,"heading":111.02,"onGround":false,"type":"Unknown","desc":"OpenSky cat 0","military":false,"spi":false,"category":0,"source":"opensky"}},{"type":"Feature","geometry":{"type":"Point","coordinates":[-26.7792,65.1929]},"properties":{"callsign":"ICE663","hex":"4cc57c","origin":"Iceland","altitude":10492.74,"velocity":216.77,"heading":302.6,"onGround":false,"type":"Unknown","desc":"OpenSky cat 0","military":false,"spi":false,"category":0,"source":"opensky"}},{"type":"Feature","geometry":{"type":"Point","coordinates":[-20.4442,64.6981]},"properties":{"callsign":"ICE36R","hex":"4cc57e","origin":"Iceland","altitude":6400.8,"velocity":166.43,"heading":54.69,"onGround":false,"type":"Unknown","desc":"OpenSky cat 0","military":false,"spi":false,"category":0,"source":"opensky"}},{"type":"Feature","geometry":{"type":"Point","coordinates":[-17.9232,63.1708]},"properties":{"callsign":"BAW801","hex":"4080e4","origin":"United Kingdom","altitude":11201.4,"velocity":247.78,"heading":116.78,"onGround":false,"type":"Unknown","desc":"OpenSky cat 0","military":false,"spi":false,"category":0,"source":"opensky"}},{"type":"Feature","geometry":{"type":"Point","coordinates":[-23.2275,64.1077]},"properties":{"callsign":"DAL205","hex":"a16273","origin":"United States","altitude":9753.6,"velocity":226.18,"heading":252.8,"onGround":false,"type":"Unknown","desc":"OpenSky cat 0","military":false,"spi":false,"category":0,"source":"opensky"}},{"type":"Feature","geometry":{"type":"Point","coordinates":[-24.4827,64.0802]},"properties":{"callsign":"UAL139","hex":"a0a8de","origin":"United States","altitude":7338.06,"velocity":205.27,"heading":270.57,"onGround":false,"type":"Unknown","desc":"OpenSky cat 0","military":false,"spi":false,"category":0,"source":"opensky"}},{"type":"Feature","geometry":{"type":"Point","coordinates":[152.2642,-26.2231]},"properties":{"callsign":"AL421","hex":"7c1c55","origin":"Australia","altitude":4572,"velocity":133.92,"heading":139.52,"onGround":false,"type":"Unknown","desc":"OpenSky cat 0","military":false,"spi":false,"category":0,"source":"opensky"}},{"type":"Feature","geometry":{"type":"Point","coordinates":[152.6512,-27.4898]},"properties":{"callsign":"DRGN21","hex":"7cf9c8","origin":"Australia","altitude":670.56,"velocity":90.4,"heading":174.78,"onGround":false,"type":"Unknown","desc":"OpenSky cat 13","military":false,"spi":false,"category":13,"source":"opensky"}},{"type":"Feature","geometry":{"type":"Point","coordinates":[153.3339,-27.3525]},"properties":{"callsign":"UAE75T","hex":"896194","origin":"United Arab Emirates","altitude":2072.64,"velocity":137.18,"heading":223.63,"onGround":false,"type":"Unknown","desc":"OpenSky cat 0","military":false,"spi":false,"category":0,"source":"opensky"}},{"type":"Feature","geometry":{"type":"Point","coordinates":[153.1156,-26.9046]},"properties":{"callsign":"XIL","hex":"7c759b","origin":"Australia","altitude":-60.96,"velocity":13.85,"heading":58.67,"onGround":false,"type":"Unknown","desc":"OpenSky cat 0","military":false,"spi":false,"category":0,"source":"opensky"}},{"type":"Feature","geometry":{"type":"Point","coordinates":[152.5521,-27.0939]},"properties":{"callsign":"CPA028","hex":"780a6e","origin":"China","altitude":6896.1,"velocity":226.9,"heading":297.84,"onGround":false,"type":"Heavy","desc":"OpenSky cat 6","military":false,"spi":false,"category":6,"source":"opensky"}},{"type":"Feature","geometry":{"type":"Point","coordinates":[153.7091,-27.8291]},"properties":{"callsign":"UAE5AM","hex":"8964e3","origin":"United Arab Emirates","altitude":10363.2,"velocity":244.07,"heading":299.97,"onGround":false,"type":"Unknown","desc":"OpenSky cat 0","military":false,"spi":false,"category":0,"source":"opensky"}},{"type":"Feature","geometry":{"type":"Point","coordinates":[150.5317,-25.4258]},"properties":{"callsign":"JST674","hex":"7c7888","origin":"Australia","altitude":10363.2,"velocity":237.66,"heading":310.17,"onGround":false,"type":"Unknown","desc":"OpenSky cat 0","military":false,"spi":false,"category":0,"source":"opensky"}},{"type":"Feature","geometry":{"type":"Point","coordinates":[152.8742,-29.9645]},"properties":{"callsign":"QLK1578","hex":"7c78ae","origin":"Australia","altitude":11277.6,"velocity":262.94,"heading":17.3,"onGround":false,"type":"Unknown","desc":"OpenSky cat 0","military":false,"spi":false,"category":0,"source":"opensky"}},{"type":"Feature","geometry":{"type":"Point","coordinates":[153.1215,-27.3757]},"properties":{"callsign":"QLK819D","hex":"7c530d","origin":"Australia","altitude":0,"velocity":12.86,"heading":115.31,"onGround":true,"type":"Unknown","desc":"OpenSky cat 0","military":false,"spi":false,"category":0,"source":"opensky"}},{"type":"Feature","geometry":{"type":"Point","coordinates":[152.5558,-26.5627]},"properties":{"callsign":"FD401","hex":"7c19bc","origin":"Australia","altitude":4572,"velocity":145.89,"heading":152.26,"onGround":false,"type":"Unknown","desc":"OpenSky cat 0","military":false,"spi":false,"category":0,"source":"opensky"}},{"type":"Feature","geometry":{"type":"Point","coordinates":[153.1173,-27.3979]},"properties":{"callsign":"7cf5ac","hex":"7cf5ac","origin":"Australia","altitude":0,"velocity":4.89,"heading":205.31,"onGround":true,"type":"Unknown","desc":"OpenSky cat 0","military":false,"spi":false,"category":0,"source":"opensky"}},{"type":"Feature","geometry":{"type":"Point","coordinates":[151.8308,-26.2791]},"properties":{"callsign":"WLBY31","hex":"7cf990","origin":"Australia","altitude":2644.14,"velocity":129.53,"heading":149.97,"onGround":false,"type":"No emitter category","desc":"OpenSky cat 1","military":false,"spi":false,"category":1,"source":"opensky"}},{"type":"Feature","geometry":{"type":"Point","coordinates":[152.697,-27.6021]},"properties":{"callsign":"STAL52","hex":"7cf86c","origin":"Australia","altitude":76.2,"velocity":66.41,"heading":159.6,"onGround":false,"type":"No emitter category","desc":"OpenSky cat 1","military":false,"spi":false,"category":1,"source":"opensky"}},{"type":"Feature","geometry":{"type":"Point","coordinates":[152.8667,-29.1376]},"properties":{"callsign":"JST421","hex":"7c6b38","origin":"Australia","altitude":9753.6,"velocity":196.23,"heading":214.86,"onGround":false,"type":"No emitter category","desc":"OpenSky cat 1","military":false,"spi":false,"category":1,"source":"opensky"}},{"type":"Feature","geometry":{"type":"Point","coordinates":[152.7662,-27.0464]},"properties":{"callsign":"JST889","hex":"7c6b0e","origin":"Australia","altitude":2644.14,"velocity":196.74,"heading":173.54,"onGround":false,"type":"No emitter category","desc":"OpenSky cat 1","military":false,"spi":false,"category":1,"source":"opensky"}},{"type":"Feature","geometry":{"type":"Point","coordinates":[153.122,-27.3812]},"properties":{"callsign":"QLK815D","hex":"7c39f7","origin":"Australia","altitude":0,"velocity":1.8,"heading":334.69,"onGround":true,"type":"Unknown","desc":"OpenSky cat 0","military":false,"spi":false,"category":0,"source":"opensky"}},{"type":"Feature","geometry":{"type":"Point","coordinates":[155.9068,-24.5005]},"properties":{"callsign":"QFA15","hex":"7c1470","origin":"Australia","altitude":10058.4,"velocity":257.92,"heading":45.4,"onGround":false,"type":"Heavy","desc":"OpenSky cat 6","military":false,"spi":false,"category":6,"source":"opensky"}},{"type":"Feature","geometry":{"type":"Point","coordinates":[152.4181,-26.384]},"properties":{"callsign":"QFA7493","hex":"7c0184","origin":"Australia","altitude":5181.6,"velocity":133.53,"heading":139.37,"onGround":false,"type":"Unknown","desc":"OpenSky cat 0","military":false,"spi":false,"category":0,"source":"opensky"}},{"type":"Feature","geometry":{"type":"Point","coordinates":[153.0192,-27.5362]},"properties":{"callsign":"VOZ1405","hex":"7cad4f","origin":"Australia","altitude":914.4,"velocity":95.94,"heading":27.11,"onGround":false,"type":"Unknown","desc":"OpenSky cat 0","military":false,"spi":false,"category":0,"source":"opensky"}},{"type":"Feature","geometry":{"type":"Point","coordinates":[153.2049,-27.6281]},"properties":{"callsign":"VOZ996","hex":"7c29d8","origin":"Australia","altitude":4556.76,"velocity":201.39,"heading":208.2,"onGround":false,"type":"Unknown","desc":"OpenSky cat 0","military":false,"spi":false,"category":0,"source":"opensky"}},{"type":"Feature","geometry":{"type":"Point","coordinates":[152.8942,-26.7572]},"properties":{"callsign":"YBW","hex":"7c79ba","origin":"Australia","altitude":2186.94,"velocity":69.25,"heading":228.61,"onGround":false,"type":"Light","desc":"OpenSky cat 2","military":false,"spi":false,"category":2,"source":"opensky"}},{"type":"Feature","geometry":{"type":"Point","coordinates":[153.1276,-27.3801]},"properties":{"callsign":"QFA7313","hex":"7c66cf","origin":"Australia","altitude":0,"velocity":7.72,"heading":208.12,"onGround":true,"type":"Unknown","desc":"OpenSky cat 0","military":false,"spi":false,"category":0,"source":"opensky"}},{"type":"Feature","geometry":{"type":"Point","coordinates":[152.8861,-26.0109]},"properties":{"callsign":"VOZ799","hex":"7c7a39","origin":"Australia","altitude":7734.3,"velocity":240.89,"heading":324.04,"onGround":false,"type":"Unknown","desc":"OpenSky cat 0","military":false,"spi":false,"category":0,"source":"opensky"}},{"type":"Feature","geometry":{"type":"Point","coordinates":[116.0032,-31.7114]},"properties":{"callsign":"VIPR41","hex":"7cf9dd","origin":"Australia","altitude":289.56,"velocity":84.12,"heading":355.44,"onGround":false,"type":"Light","desc":"OpenSky cat 2","military":false,"spi":false,"category":2,"source":"opensky"}},{"type":"Feature","geometry":{"type":"Point","coordinates":[115.8471,-31.6277]},"properties":{"callsign":"VIPR70","hex":"7cf9e1","origin":"Australia","altitude":830.58,"velocity":132.73,"heading":359.78,"onGround":false,"type":"Unknown","desc":"OpenSky cat 0","military":false,"spi":false,"category":0,"source":"opensky"}},{"type":"Feature","geometry":{"type":"Point","coordinates":[115.7761,-31.6032]},"properties":{"callsign":"TANG05","hex":"7cf9d8","origin":"Australia","altitude":1143,"velocity":125.45,"heading":112.67,"onGround":false,"type":"Light","desc":"OpenSky cat 2","military":false,"spi":false,"category":2,"source":"opensky"}},{"type":"Feature","geometry":{"type":"Point","coordinates":[115.9598,-31.9367]},"properties":{"callsign":"NWK1647","hex":"7c2fdb","origin":"Australia","altitude":0,"velocity":0.45,"heading":0,"onGround":true,"type":"Unknown","desc":"OpenSky cat 0","military":false,"spi":false,"category":0,"source":"opensky"}},{"type":"Feature","geometry":{"type":"Point","coordinates":[115.9751,-31.9402]},"properties":{"callsign":"8a03f3","hex":"8a03f3","origin":"Indonesia","altitude":0,"velocity":0,"heading":182.81,"onGround":true,"type":"Unknown","desc":"OpenSky cat 0","military":false,"spi":false,"category":0,"source":"opensky"}},{"type":"Feature","geometry":{"type":"Point","coordinates":[115.9573,-31.9395]},"properties":{"callsign":"QFA7398","hex":"7c7543","origin":"Australia","altitude":0,"velocity":1.03,"heading":345.94,"onGround":true,"type":"Unknown","desc":"OpenSky cat 0","military":false,"spi":false,"category":0,"source":"opensky"}},{"type":"Feature","geometry":{"type":"Point","coordinates":[115.9661,-31.9521]},"properties":{"callsign":"7cf630","hex":"7cf630","origin":"Australia","altitude":0,"velocity":0.13,"heading":270,"onGround":true,"type":"Unknown","desc":"OpenSky cat 0","military":false,"spi":false,"category":0,"source":"opensky"}},{"type":"Feature","geometry":{"type":"Point","coordinates":[119.0936,-33.129]},"properties":{"callsign":"TFX11","hex":"c82ae4","origin":"New Zealand","altitude":11887.2,"velocity":289.59,"heading":113.56,"onGround":false,"type":"Unknown","desc":"OpenSky cat 0","military":false,"spi":false,"category":0,"source":"opensky"}},{"type":"Feature","geometry":{"type":"Point","coordinates":[115.9621,-31.9317]},"properties":{"callsign":"TUG82","hex":"7cf5e7","origin":"Australia","altitude":0,"velocity":3.34,"heading":132.19,"onGround":true,"type":"Unknown","desc":"OpenSky cat 0","military":false,"spi":false,"category":0,"source":"opensky"}},{"type":"Feature","geometry":{"type":"Point","coordinates":[115.9656,-31.9259]},"properties":{"callsign":"7cf5e2","hex":"7cf5e2","origin":"Australia","altitude":0,"velocity":2.57,"heading":98.44,"onGround":true,"type":"Unknown","desc":"OpenSky cat 0","military":false,"spi":false,"category":0,"source":"opensky"}},{"type":"Feature","geometry":{"type":"Point","coordinates":[115.9684,-31.945]},"properties":{"callsign":"TD45","hex":"7cf65f","origin":"Australia","altitude":0,"velocity":4.89,"heading":36.56,"onGround":true,"type":"Unknown","desc":"OpenSky cat 0","military":false,"spi":false,"category":0,"source":"opensky"}},{"type":"Feature","geometry":{"type":"Point","coordinates":[115.9826,-31.9303]},"properties":{"callsign":"1DZA771","hex":"7cf62d","origin":"Australia","altitude":0,"velocity":0.06,"heading":120.94,"onGround":true,"type":"Unknown","desc":"OpenSky cat 0","military":false,"spi":false,"category":0,"source":"opensky"}},{"type":"Feature","geometry":{"type":"Point","coordinates":[115.9613,-31.9353]},"properties":{"callsign":"TUG27","hex":"7cf66c","origin":"Australia","altitude":0,"velocity":4.89,"heading":337.5,"onGround":true,"type":"Unknown","desc":"OpenSky cat 0","military":false,"spi":false,"category":0,"source":"opensky"}},{"type":"Feature","geometry":{"type":"Point","coordinates":[116.0017,-32.2344]},"properties":{"callsign":"RXA2133","hex":"7c80ae","origin":"Australia","altitude":2735.58,"velocity":96.88,"heading":154.52,"onGround":false,"type":"Unknown","desc":"OpenSky cat 0","military":false,"spi":false,"category":0,"source":"opensky"}},{"type":"Feature","geometry":{"type":"Point","coordinates":[115.9755,-31.9326]},"properties":{"callsign":"ZXM","hex":"7c81d8","origin":"Australia","altitude":-53.34,"velocity":48.7,"heading":238.83,"onGround":false,"type":"Unknown","desc":"OpenSky cat 0","military":false,"spi":false,"category":0,"source":"opensky"}},{"type":"Feature","geometry":{"type":"Point","coordinates":[116.178,-31.5983]},"properties":{"callsign":"UTY805","hex":"7c1ac2","origin":"Australia","altitude":2072.64,"velocity":143.66,"heading":208.68,"onGround":false,"type":"No emitter category","desc":"OpenSky cat 1","military":false,"spi":false,"category":1,"source":"opensky"}},{"type":"Feature","geometry":{"type":"Point","coordinates":[116.085,-31.7413]},"properties":{"callsign":"UTY879","hex":"7c1abe","origin":"Australia","altitude":1120.14,"velocity":122.23,"heading":208.4,"onGround":false,"type":"Unknown","desc":"OpenSky cat 0","military":false,"spi":false,"category":0,"source":"opensky"}},{"type":"Feature","geometry":{"type":"Point","coordinates":[118.9438,-31.8731]},"properties":{"callsign":"QFA651","hex":"7c6d94","origin":"Australia","altitude":9753.6,"velocity":157.66,"heading":246.95,"onGround":false,"type":"Unknown","desc":"OpenSky cat 0","military":false,"spi":false,"category":0,"source":"opensky"}},{"type":"Feature","geometry":{"type":"Point","coordinates":[116.3165,-31.3675]},"properties":{"callsign":"VOZ1728","hex":"7c6d32","origin":"Australia","altitude":3185.16,"velocity":148.08,"heading":202.47,"onGround":false,"type":"No emitter category","desc":"OpenSky cat 1","military":false,"spi":false,"category":1,"source":"opensky"}},{"type":"Feature","geometry":{"type":"Point","coordinates":[116.0762,-31.8808]},"properties":{"callsign":"NWK2953","hex":"7c6ca0","origin":"Australia","altitude":502.92,"velocity":81.26,"heading":238.73,"onGround":false,"type":"No emitter category","desc":"OpenSky cat 1","military":false,"spi":false,"category":1,"source":"opensky"}},{"type":"Feature","geometry":{"type":"Point","coordinates":[118.612,-32.3384]},"properties":{"callsign":"JST108","hex":"7c4a55","origin":"Australia","altitude":9144,"velocity":151.37,"heading":275.26,"onGround":false,"type":"Unknown","desc":"OpenSky cat 0","military":false,"spi":false,"category":0,"source":"opensky"}},{"type":"Feature","geometry":{"type":"Point","coordinates":[118.9805,-32.8017]},"properties":{"callsign":"VOZ9001","hex":"7caf19","origin":"Australia","altitude":11582.4,"velocity":151.91,"heading":290.83,"onGround":false,"type":"Unknown","desc":"OpenSky cat 0","military":false,"spi":false,"category":0,"source":"opensky"}},{"type":"Feature","geometry":{"type":"Point","coordinates":[116.6488,-30.911]},"properties":{"callsign":"CT353","hex":"7caf69","origin":"Australia","altitude":6819.9,"velocity":158.68,"heading":201.49,"onGround":false,"type":"Unknown","desc":"OpenSky cat 0","military":false,"spi":false,"category":0,"source":"opensky"}},{"type":"Feature","geometry":{"type":"Point","coordinates":[-60.0387,-33.8908]},"properties":{"callsign":"ARG1549","hex":"e07584","origin":"Argentina","altitude":7787.64,"velocity":203.75,"heading":124.09,"onGround":false,"type":"Unknown","desc":"OpenSky cat 0","military":false,"spi":false,"category":0,"source":"opensky"}},{"type":"Feature","geometry":{"type":"Point","coordinates":[-60.8035,-34.0468]},"properties":{"callsign":"ARG1401","hex":"e07582","origin":"Argentina","altitude":9837.42,"velocity":251.78,"heading":99.29,"onGround":false,"type":"Unknown","desc":"OpenSky cat 0","military":false,"spi":false,"category":0,"source":"opensky"}},{"type":"Feature","geometry":{"type":"Point","coordinates":[-60.1212,-33.3789]},"properties":{"callsign":"FAG517","hex":"e200f0","origin":"Argentina","altitude":9776.46,"velocity":208.08,"heading":310.19,"onGround":false,"type":"Unknown","desc":"OpenSky cat 0","military":false,"spi":false,"category":0,"source":"opensky"}},{"type":"Feature","geometry":{"type":"Point","coordinates":[-64.3019,-31.4933]},"properties":{"callsign":"E559","hex":"e200fe","origin":"Argentina","altitude":922.02,"velocity":37.53,"heading":208.67,"onGround":false,"type":"Unknown","desc":"OpenSky cat 0","military":false,"spi":false,"category":0,"source":"opensky"}},{"type":"Feature","geometry":{"type":"Point","coordinates":[-62.0831,-36.8511]},"properties":{"callsign":"JES3037","hex":"e80632","origin":"Chile","altitude":10965.18,"velocity":186.77,"heading":236,"onGround":false,"type":"Unknown","desc":"OpenSky cat 0","military":false,"spi":false,"category":0,"source":"opensky"}},{"type":"Feature","geometry":{"type":"Point","coordinates":[-63.3059,-35.5125]},"properties":{"callsign":"THY215","hex":"4bb0f3","origin":"Turkey","altitude":12192,"velocity":198.98,"heading":261.97,"onGround":false,"type":"Unknown","desc":"OpenSky cat 0","military":false,"spi":false,"category":0,"source":"opensky"}},{"type":"Feature","geometry":{"type":"Point","coordinates":[-70.9283,-33.1589]},"properties":{"callsign":"DAP502","hex":"e803d1","origin":"Chile","altitude":3878.58,"velocity":159.26,"heading":350.14,"onGround":false,"type":"Unknown","desc":"OpenSky cat 0","military":false,"spi":false,"category":0,"source":"opensky"}},{"type":"Feature","geometry":{"type":"Point","coordinates":[-71.0806,-33.781]},"properties":{"callsign":"LAN009","hex":"e80490","origin":"Chile","altitude":5029.2,"velocity":169.67,"heading":217.11,"onGround":false,"type":"Unknown","desc":"OpenSky cat 0","military":false,"spi":false,"category":0,"source":"opensky"}},{"type":"Feature","geometry":{"type":"Point","coordinates":[-70.9803,-35.2641]},"properties":{"callsign":"LAN1151","hex":"e8043d","origin":"Chile","altitude":9456.42,"velocity":178.76,"heading":188.11,"onGround":false,"type":"Unknown","desc":"OpenSky cat 0","military":false,"spi":false,"category":0,"source":"opensky"}},{"type":"Feature","geometry":{"type":"Point","coordinates":[-71.041,-33.0904]},"properties":{"callsign":"LAN126","hex":"e80453","origin":"Chile","altitude":5341.62,"velocity":191.57,"heading":353.52,"onGround":false,"type":"Unknown","desc":"OpenSky cat 0","military":false,"spi":false,"category":0,"source":"opensky"}},{"type":"Feature","geometry":{"type":"Point","coordinates":[-70.9277,-33.4983]},"properties":{"callsign":"LAN148","hex":"e8044c","origin":"Chile","altitude":2293.62,"velocity":137.1,"heading":311.04,"onGround":false,"type":"Unknown","desc":"OpenSky cat 0","military":false,"spi":false,"category":0,"source":"opensky"}},{"type":"Feature","geometry":{"type":"Point","coordinates":[-61.823,-33.7185]},"properties":{"callsign":"LAN718","hex":"e80488","origin":"Chile","altitude":11887.2,"velocity":285.08,"heading":47.41,"onGround":false,"type":"Unknown","desc":"OpenSky cat 0","military":false,"spi":false,"category":0,"source":"opensky"}},{"type":"Feature","geometry":{"type":"Point","coordinates":[-60.1668,-35.784]},"properties":{"callsign":"ARG1670","hex":"e06491","origin":"Argentina","altitude":11582.4,"velocity":201.54,"heading":234.77,"onGround":false,"type":"Unknown","desc":"OpenSky cat 0","military":false,"spi":false,"category":0,"source":"opensky"}},{"type":"Feature","geometry":{"type":"Point","coordinates":[-60.6653,-37.0318]},"properties":{"callsign":"ARG1617","hex":"e0645a","origin":"Argentina","altitude":8229.6,"velocity":246.01,"heading":34.52,"onGround":false,"type":"Unknown","desc":"OpenSky cat 0","military":false,"spi":false,"category":0,"source":"opensky"}},{"type":"Feature","geometry":{"type":"Point","coordinates":[-60.6134,-33.148]},"properties":{"callsign":"AAL933","hex":"aabf80","origin":"United States","altitude":11254.74,"velocity":237.7,"heading":149.72,"onGround":false,"type":"Unknown","desc":"OpenSky cat 0","military":false,"spi":false,"category":0,"source":"opensky"}},{"type":"Feature","geometry":{"type":"Point","coordinates":[-64.2785,-31.4228]},"properties":{"callsign":"E508","hex":"e20028","origin":"Argentina","altitude":609.6,"velocity":43.98,"heading":155.83,"onGround":false,"type":"Unknown","desc":"OpenSky cat 0","military":false,"spi":false,"category":0,"source":"opensky"}},{"type":"Feature","geometry":{"type":"Point","coordinates":[-64.3522,-31.8226]},"properties":{"callsign":"E504","hex":"e2001f","origin":"Argentina","altitude":1584.96,"velocity":60.81,"heading":273.39,"onGround":false,"type":"Unknown","desc":"OpenSky cat 0","military":false,"spi":false,"category":0,"source":"opensky"}},{"type":"Feature","geometry":{"type":"Point","coordinates":[-64.5613,-31.6241]},"properties":{"callsign":"e20053","hex":"e20053","origin":"Argentina","altitude":4442.46,"velocity":132.75,"heading":199,"onGround":false,"type":"Unknown","desc":"OpenSky cat 0","military":false,"spi":false,"category":0,"source":"opensky"}},{"type":"Feature","geometry":{"type":"Point","coordinates":[-60.8416,-31.2195]},"properties":{"callsign":"LVMIA","hex":"e0d241","origin":"Argentina","altitude":8534.4,"velocity":149.19,"heading":359.6,"onGround":false,"type":"Unknown","desc":"OpenSky cat 0","military":false,"spi":false,"category":0,"source":"opensky"}},{"type":"Feature","geometry":{"type":"Point","coordinates":[-62.2764,-35.4719]},"properties":{"callsign":"KLM701","hex":"48436a","origin":"Kingdom of the Netherlands","altitude":12192,"velocity":201.08,"heading":259.24,"onGround":false,"type":"No emitter category","desc":"OpenSky cat 1","military":false,"spi":false,"category":1,"source":"opensky"}},{"type":"Feature","geometry":{"type":"Point","coordinates":[-70.5001,-33.3653]},"properties":{"callsign":"CCDJZ","hex":"e809cf","origin":"Chile","altitude":1394.46,"velocity":42.97,"heading":58.21,"onGround":false,"type":"Unknown","desc":"OpenSky cat 0","military":false,"spi":false,"category":0,"source":"opensky"}},{"type":"Feature","geometry":{"type":"Point","coordinates":[-63.0782,-30.9895]},"properties":{"callsign":"UPS417","hex":"a36a10","origin":"United States","altitude":9151.62,"velocity":184.16,"heading":251.26,"onGround":false,"type":"Unknown","desc":"OpenSky cat 0","military":false,"spi":false,"category":0,"source":"opensky"}},{"type":"Feature","geometry":{"type":"Point","coordinates":[10.7012,62.1493]},"properties":{"callsign":"SAS355","hex":"4aca7a","origin":"Sweden","altitude":9624.06,"velocity":215.85,"heading":176.99,"onGround":false,"type":"Unknown","desc":"OpenSky cat 0","military":false,"spi":false,"category":0,"source":"opensky"}},{"type":"Feature","geometry":{"type":"Point","coordinates":[5.4336,60.1935]},"properties":{"callsign":"DOC33","hex":"4786e7","origin":"Norway","altitude":129.54,"velocity":10.61,"heading":202.83,"onGround":false,"type":"Unknown","desc":"OpenSky cat 0","military":false,"spi":false,"category":0,"source":"opensky"}},{"type":"Feature","geometry":{"type":"Point","coordinates":[11.269,63.6492]},"properties":{"callsign":"WIF8NY","hex":"4786c5","origin":"Norway","altitude":2011.68,"velocity":129.45,"heading":217.74,"onGround":false,"type":"Unknown","desc":"OpenSky cat 0","military":false,"spi":false,"category":0,"source":"opensky"}},{"type":"Feature","geometry":{"type":"Point","coordinates":[10.2806,60.2766]},"properties":{"callsign":"SAS58K","hex":"4aca69","origin":"Sweden","altitude":2994.66,"velocity":156.87,"heading":19.74,"onGround":false,"type":"Unknown","desc":"OpenSky cat 0","military":false,"spi":false,"category":0,"source":"opensky"}},{"type":"Feature","geometry":{"type":"Point","coordinates":[10.379,60.4574]},"properties":{"callsign":"SAS262","hex":"4aca76","origin":"Sweden","altitude":3215.64,"velocity":152.87,"heading":74.98,"onGround":false,"type":"Unknown","desc":"OpenSky cat 0","military":false,"spi":false,"category":0,"source":"opensky"}},{"type":"Feature","geometry":{"type":"Point","coordinates":[5.2093,60.3194]},"properties":{"callsign":"SAS4170","hex":"4aca6f","origin":"Sweden","altitude":190.5,"velocity":59.96,"heading":170.62,"onGround":false,"type":"Unknown","desc":"OpenSky cat 0","military":false,"spi":false,"category":0,"source":"opensky"}},{"type":"Feature","geometry":{"type":"Point","coordinates":[3.3054,60.829]},"properties":{"callsign":"HKS247","hex":"47860f","origin":"Norway","altitude":647.7,"velocity":71.34,"heading":303.23,"onGround":false,"type":"Unknown","desc":"OpenSky cat 0","military":false,"spi":false,"category":0,"source":"opensky"}},{"type":"Feature","geometry":{"type":"Point","coordinates":[5.1038,60.2482]},"properties":{"callsign":"NOR252","hex":"47c1ab","origin":"Norway","altitude":647.7,"velocity":63.07,"heading":264.38,"onGround":false,"type":"Unknown","desc":"OpenSky cat 0","military":false,"spi":false,"category":0,"source":"opensky"}},{"type":"Feature","geometry":{"type":"Point","coordinates":[1.1117,60.2202]},"properties":{"callsign":"UAL181","hex":"a2cb12","origin":"United States","altitude":10355.58,"velocity":253,"heading":325.44,"onGround":false,"type":"Unknown","desc":"OpenSky cat 0","military":false,"spi":false,"category":0,"source":"opensky"}},{"type":"Feature","geometry":{"type":"Point","coordinates":[11.1014,60.1995]},"properties":{"callsign":"NOZ2BE","hex":"47878d","origin":"Norway","altitude":0,"velocity":6.69,"heading":106.88,"onGround":true,"type":"Unknown","desc":"OpenSky cat 0","military":false,"spi":false,"category":0,"source":"opensky"}},{"type":"Feature","geometry":{"type":"Point","coordinates":[11.4765,60.0081]},"properties":{"callsign":"NOZ1951","hex":"47873f","origin":"Norway","altitude":2903.22,"velocity":144.07,"heading":358.98,"onGround":false,"type":"Unknown","desc":"OpenSky cat 0","military":false,"spi":false,"category":0,"source":"opensky"}},{"type":"Feature","geometry":{"type":"Point","coordinates":[14.3363,67.258]},"properties":{"callsign":"LNOYC","hex":"47870e","origin":"Norway","altitude":205.74,"velocity":55.77,"heading":37.5,"onGround":false,"type":"Unknown","desc":"OpenSky cat 0","military":false,"spi":false,"category":0,"source":"opensky"}},{"type":"Feature","geometry":{"type":"Point","coordinates":[11.618,65.5468]},"properties":{"callsign":"HKS341","hex":"478714","origin":"Norway","altitude":655.32,"velocity":68.17,"heading":294.05,"onGround":false,"type":"Unknown","desc":"OpenSky cat 0","military":false,"spi":false,"category":0,"source":"opensky"}},{"type":"Feature","geometry":{"type":"Point","coordinates":[10.8229,60.3993]},"properties":{"callsign":"WIF5FA","hex":"4785c2","origin":"Norway","altitude":7620,"velocity":163.99,"heading":172.43,"onGround":false,"type":"Unknown","desc":"OpenSky cat 0","military":false,"spi":false,"category":0,"source":"opensky"}},{"type":"Feature","geometry":{"type":"Point","coordinates":[11.1102,60.1897]},"properties":{"callsign":"SAS50G","hex":"4ac9e6","origin":"Sweden","altitude":0,"velocity":14.4,"heading":16.88,"onGround":true,"type":"Unknown","desc":"OpenSky cat 0","military":false,"spi":false,"category":0,"source":"opensky"}},{"type":"Feature","geometry":{"type":"Point","coordinates":[11.2979,60.3331]},"properties":{"callsign":"WIF7BW","hex":"478514","origin":"Norway","altitude":7620,"velocity":157.12,"heading":3,"onGround":false,"type":"Unknown","desc":"OpenSky cat 0","military":false,"spi":false,"category":0,"source":"opensky"}},{"type":"Feature","geometry":{"type":"Point","coordinates":[4.1475,60.6554]},"properties":{"callsign":"NOR930","hex":"47c18e","origin":"Norway","altitude":647.7,"velocity":75.45,"heading":311.41,"onGround":false,"type":"Unknown","desc":"OpenSky cat 0","military":false,"spi":false,"category":0,"source":"opensky"}},{"type":"Feature","geometry":{"type":"Point","coordinates":[12.4719,61.2858]},"properties":{"callsign":"SAS4473","hex":"4780c7","origin":"Norway","altitude":7178.04,"velocity":178.76,"heading":206.86,"onGround":false,"type":"Unknown","desc":"OpenSky cat 0","military":false,"spi":false,"category":0,"source":"opensky"}},{"type":"Feature","geometry":{"type":"Point","coordinates":[10.2017,60.1285]},"properties":{"callsign":"KLM41B","hex":"484c54","origin":"Kingdom of the Netherlands","altitude":3787.14,"velocity":162.81,"heading":16.14,"onGround":false,"type":"Unknown","desc":"OpenSky cat 0","military":false,"spi":false,"category":0,"source":"opensky"}},{"type":"Feature","geometry":{"type":"Point","coordinates":[14.9978,64.7643]},"properties":{"callsign":"FIN2","hex":"461f4f","origin":"Finland","altitude":12496.8,"velocity":254.66,"heading":135.82,"onGround":false,"type":"Unknown","desc":"OpenSky cat 0","military":false,"spi":false,"category":0,"source":"opensky"}},{"type":"Feature","geometry":{"type":"Point","coordinates":[10.4127,64.1389]},"properties":{"callsign":"47819e","hex":"47819e","origin":"Norway","altitude":2743.2,"velocity":200.62,"heading":26.5,"onGround":false,"type":"Unknown","desc":"OpenSky cat 0","military":false,"spi":false,"category":0,"source":"opensky"}},{"type":"Feature","geometry":{"type":"Point","coordinates":[12.5979,64.3345]},"properties":{"callsign":"NOZ374","hex":"47945c","origin":"Norway","altitude":11887.2,"velocity":244.59,"heading":19.92,"onGround":false,"type":"Unknown","desc":"OpenSky cat 0","military":false,"spi":false,"category":0,"source":"opensky"}},{"type":"Feature","geometry":{"type":"Point","coordinates":[10.6598,65.9617]},"properties":{"callsign":"MMF17","hex":"480c48","origin":"Kingdom of the Netherlands","altitude":8282.94,"velocity":235.57,"heading":123.69,"onGround":false,"type":"Unknown","desc":"OpenSky cat 0","military":false,"spi":false,"category":0,"source":"opensky"}},{"type":"Feature","geometry":{"type":"Point","coordinates":[-160.3178,18.8686]},"properties":{"callsign":"ASY694","hex":"7cf9c4","origin":"Australia","altitude":10058.4,"velocity":246.04,"heading":43.14,"onGround":false,"type":"Unknown","desc":"OpenSky cat 0","military":false,"spi":false,"category":0,"source":"opensky"}},{"type":"Feature","geometry":{"type":"Point","coordinates":[-40.9557,-20.8081]},"properties":{"callsign":"GLO1841","hex":"e49ef4","origin":"Brazil","altitude":8839.2,"velocity":198.23,"heading":228.37,"onGround":false,"type":"Unknown","desc":"OpenSky cat 0","military":false,"spi":false,"category":0,"source":"opensky"}},{"type":"Feature","geometry":{"type":"Point","coordinates":[-41.1191,-20.0058]},"properties":{"callsign":"PSSIP","hex":"e4a5ae","origin":"Brazil","altitude":2743.2,"velocity":78.3,"heading":29.09,"onGround":false,"type":"Unknown","desc":"OpenSky cat 0","military":false,"spi":false,"category":0,"source":"opensky"}},{"type":"Feature","geometry":{"type":"Point","coordinates":[-40.4877,-20.7043]},"properties":{"callsign":"PSZAK","hex":"e49e16","origin":"Brazil","altitude":342.9,"velocity":91.51,"heading":218.61,"onGround":false,"type":"Unknown","desc":"OpenSky cat 0","military":false,"spi":false,"category":0,"source":"opensky"}},{"type":"Feature","geometry":{"type":"Point","coordinates":[-44.1094,-24.0679]},"properties":{"callsign":"ARG1133","hex":"e072d0","origin":"Argentina","altitude":9144,"velocity":228.45,"heading":224.82,"onGround":false,"type":"Unknown","desc":"OpenSky cat 0","military":false,"spi":false,"category":0,"source":"opensky"}},{"type":"Feature","geometry":{"type":"Point","coordinates":[-44.0435,-23.7855]},"properties":{"callsign":"ARG1260","hex":"e06543","origin":"Argentina","altitude":7620,"velocity":224.34,"heading":64.32,"onGround":false,"type":"Unknown","desc":"OpenSky cat 0","military":false,"spi":false,"category":0,"source":"opensky"}},{"type":"Feature","geometry":{"type":"Point","coordinates":[-43.3833,-22.7606]},"properties":{"callsign":"GLO2094","hex":"e48f02","origin":"Brazil","altitude":1219.2,"velocity":137.43,"heading":294.55,"onGround":false,"type":"Unknown","desc":"OpenSky cat 0","military":false,"spi":false,"category":0,"source":"opensky"}},{"type":"Feature","geometry":{"type":"Point","coordinates":[-43.2698,-23.0965]},"properties":{"callsign":"AZU2777","hex":"e48e88","origin":"Brazil","altitude":5433.06,"velocity":143.34,"heading":242.88,"onGround":false,"type":"Unknown","desc":"OpenSky cat 0","military":false,"spi":false,"category":0,"source":"opensky"}},{"type":"Feature","geometry":{"type":"Point","coordinates":[-40.3354,-20.3992]},"properties":{"callsign":"PUSRU","hex":"a8b437","origin":"United States","altitude":190.5,"velocity":48.33,"heading":205.2,"onGround":false,"type":"Unknown","desc":"OpenSky cat 0","military":false,"spi":false,"category":0,"source":"opensky"}},{"type":"Feature","geometry":{"type":"Point","coordinates":[-41.8575,-22.0247]},"properties":{"callsign":"TAM3530","hex":"e48809","origin":"Brazil","altitude":10058.4,"velocity":233.65,"heading":43.22,"onGround":false,"type":"Unknown","desc":"OpenSky cat 0","military":false,"spi":false,"category":0,"source":"opensky"}},{"type":"Feature","geometry":{"type":"Point","coordinates":[-44.4569,-23.048]},"properties":{"callsign":"TAM3330","hex":"e485b0","origin":"Brazil","altitude":9974.58,"velocity":248.94,"heading":62.96,"onGround":false,"type":"Unknown","desc":"OpenSky cat 0","military":false,"spi":false,"category":0,"source":"opensky"}},{"type":"Feature","geometry":{"type":"Point","coordinates":[-41.6877,-20.0853]},"properties":{"callsign":"PSTHG","hex":"e4998e","origin":"Brazil","altitude":10058.4,"velocity":134.96,"heading":29.2,"onGround":false,"type":"Unknown","desc":"OpenSky cat 0","military":false,"spi":false,"category":0,"source":"opensky"}},{"type":"Feature","geometry":{"type":"Point","coordinates":[-43.126,-23.0391]},"properties":{"callsign":"GLO1053","hex":"e48618","origin":"Brazil","altitude":3467.1,"velocity":151.96,"heading":219.78,"onGround":false,"type":"Unknown","desc":"OpenSky cat 0","military":false,"spi":false,"category":0,"source":"opensky"}},{"type":"Feature","geometry":{"type":"Point","coordinates":[-41.7273,-19.8743]},"properties":{"callsign":"TAM3672","hex":"e49aaa","origin":"Brazil","altitude":11894.82,"velocity":247.47,"heading":19.3,"onGround":false,"type":"Unknown","desc":"OpenSky cat 0","military":false,"spi":false,"category":0,"source":"opensky"}},{"type":"Feature","geometry":{"type":"Point","coordinates":[-40.2538,-20.4337]},"properties":{"callsign":"PROOG","hex":"e49af0","origin":"Brazil","altitude":807.72,"velocity":58.64,"heading":352.44,"onGround":false,"type":"Unknown","desc":"OpenSky cat 0","military":false,"spi":false,"category":0,"source":"opensky"}},{"type":"Feature","geometry":{"type":"Point","coordinates":[-44.9069,-21.5637]},"properties":{"callsign":"TAM4702","hex":"e4a12b","origin":"Brazil","altitude":11170.92,"velocity":254.72,"heading":31.54,"onGround":false,"type":"Unknown","desc":"OpenSky cat 0","military":false,"spi":false,"category":0,"source":"opensky"}},{"type":"Feature","geometry":{"type":"Point","coordinates":[-41.9092,-22.7205]},"properties":{"callsign":"QTR8091","hex":"06a140","origin":"Qatar","altitude":11277.6,"velocity":274.53,"heading":62.19,"onGround":false,"type":"No emitter category","desc":"OpenSky cat 1","military":false,"spi":false,"category":1,"source":"opensky"}},{"type":"Feature","geometry":{"type":"Point","coordinates":[-43.4873,-22.939]},"properties":{"callsign":"e4919e","hex":"e4919e","origin":"Brazil","altitude":1737.36,"velocity":114.4,"heading":65.28,"onGround":false,"type":"Unknown","desc":"OpenSky cat 0","military":false,"spi":false,"category":0,"source":"opensky"}},{"type":"Feature","geometry":{"type":"Point","coordinates":[-43.8907,-22.5917]},"properties":{"callsign":"AZU4039","hex":"e4910c","origin":"Brazil","altitude":3055.62,"velocity":160.91,"heading":157.04,"onGround":false,"type":"Unknown","desc":"OpenSky cat 0","military":false,"spi":false,"category":0,"source":"opensky"}},{"type":"Feature","geometry":{"type":"Point","coordinates":[-42.8174,-18.9715]},"properties":{"callsign":"TAM3254","hex":"e495db","origin":"Brazil","altitude":11277.6,"velocity":258.77,"heading":37.33,"onGround":false,"type":"Unknown","desc":"OpenSky cat 0","military":false,"spi":false,"category":0,"source":"opensky"}},{"type":"Feature","geometry":{"type":"Point","coordinates":[-41.2098,-19.69]},"properties":{"callsign":"GLO2059","hex":"e48396","origin":"Brazil","altitude":10972.8,"velocity":228.02,"heading":191.06,"onGround":false,"type":"Unknown","desc":"OpenSky cat 0","military":false,"spi":false,"category":0,"source":"opensky"}},{"type":"Feature","geometry":{"type":"Point","coordinates":[-42.5045,-22.3143]},"properties":{"callsign":"PRODF","hex":"e48236","origin":"Brazil","altitude":11887.2,"velocity":261.57,"heading":45.72,"onGround":false,"type":"Unknown","desc":"OpenSky cat 0","military":false,"spi":false,"category":0,"source":"opensky"}},{"type":"Feature","geometry":{"type":"Point","coordinates":[-41.9294,-17.8556]},"properties":{"callsign":"GLO9612","hex":"e480db","origin":"Brazil","altitude":11887.2,"velocity":250.43,"heading":37.15,"onGround":false,"type":"Unknown","desc":"OpenSky cat 0","military":false,"spi":false,"category":0,"source":"opensky"}},{"type":"Feature","geometry":{"type":"Point","coordinates":[-40.2914,-20.2627]},"properties":{"callsign":"PRTLI","hex":"e493cf","origin":"Brazil","altitude":0,"velocity":1.54,"heading":351.56,"onGround":true,"type":"Unknown","desc":"OpenSky cat 0","military":false,"spi":false,"category":0,"source":"opensky"}},{"type":"Feature","geometry":{"type":"Point","coordinates":[138.3102,-33.2237]},"properties":{"callsign":"FD539","hex":"7c1c95","origin":"Australia","altitude":6096,"velocity":137.82,"heading":349.03,"onGround":false,"type":"Unknown","desc":"OpenSky cat 0","military":false,"spi":false,"category":0,"source":"opensky"}},{"type":"Feature","geometry":{"type":"Point","coordinates":[146.5042,-40.2127]},"properties":{"callsign":"QFA7365","hex":"7c7542","origin":"Australia","altitude":9799.32,"velocity":226.02,"heading":338.22,"onGround":false,"type":"Unknown","desc":"OpenSky cat 0","military":false,"spi":false,"category":0,"source":"opensky"}},{"type":"Feature","geometry":{"type":"Point","coordinates":[149.3612,-32.2086]},"properties":{"callsign":"AIC301","hex":"80073f","origin":"India","altitude":10972.8,"velocity":223.46,"heading":325.51,"onGround":false,"type":"Unknown","desc":"OpenSky cat 0","military":false,"spi":false,"category":0,"source":"opensky"}},{"type":"Feature","geometry":{"type":"Point","coordinates":[137.7531,-38.0699]},"properties":{"callsign":"UAE62P","hex":"896523","origin":"United Arab Emirates","altitude":12496.8,"velocity":293.21,"heading":95.84,"onGround":false,"type":"Unknown","desc":"OpenSky cat 0","military":false,"spi":false,"category":0,"source":"opensky"}},{"type":"Feature","geometry":{"type":"Point","coordinates":[144.8437,-37.6775]},"properties":{"callsign":"UAE43P","hex":"89647e","origin":"United Arab Emirates","altitude":0,"velocity":4.89,"heading":171.56,"onGround":true,"type":"Unknown","desc":"OpenSky cat 0","military":false,"spi":false,"category":0,"source":"opensky"}},{"type":"Feature","geometry":{"type":"Point","coordinates":[145.4224,-37.0412]},"properties":{"callsign":"JST634","hex":"7c7889","origin":"Australia","altitude":7901.94,"velocity":230.68,"heading":37.02,"onGround":false,"type":"Unknown","desc":"OpenSky cat 0","military":false,"spi":false,"category":0,"source":"opensky"}},{"type":"Feature","geometry":{"type":"Point","coordinates":[146.1578,-37.1781]},"properties":{"callsign":"QLK1515","hex":"7c78af","origin":"Australia","altitude":5836.92,"velocity":181.21,"heading":236.58,"onGround":false,"type":"Unknown","desc":"OpenSky cat 0","military":false,"spi":false,"category":0,"source":"opensky"}},{"type":"Feature","geometry":{"type":"Point","coordinates":[149.1941,-35.5233]},"properties":{"callsign":"QLK1530","hex":"7c78a9","origin":"Australia","altitude":1722.12,"velocity":91.58,"heading":359.03,"onGround":false,"type":"Unknown","desc":"OpenSky cat 0","military":false,"spi":false,"category":0,"source":"opensky"}},{"type":"Feature","geometry":{"type":"Point","coordinates":[144.849,-37.6664]},"properties":{"callsign":"QLK1599","hex":"7c78b4","origin":"Australia","altitude":0,"velocity":0,"heading":168.75,"onGround":true,"type":"Unknown","desc":"OpenSky cat 0","military":false,"spi":false,"category":0,"source":"opensky"}},{"type":"Feature","geometry":{"type":"Point","coordinates":[140.512,-37.7243]},"properties":{"callsign":"QFA770","hex":"7c77f5","origin":"Australia","altitude":11277.6,"velocity":270.68,"heading":97.21,"onGround":false,"type":"Unknown","desc":"OpenSky cat 0","military":false,"spi":false,"category":0,"source":"opensky"}},{"type":"Feature","geometry":{"type":"Point","coordinates":[144.8509,-37.6681]},"properties":{"callsign":"QFA696","hex":"7c77fb","origin":"Australia","altitude":0,"velocity":3.6,"heading":171.56,"onGround":true,"type":"Unknown","desc":"OpenSky cat 0","military":false,"spi":false,"category":0,"source":"opensky"}},{"type":"Feature","geometry":{"type":"Point","coordinates":[141.6603,-33.0938]},"properties":{"callsign":"CPA163","hex":"780220","origin":"China","altitude":10668,"velocity":268.26,"heading":145.55,"onGround":false,"type":"No emitter category","desc":"OpenSky cat 1","military":false,"spi":false,"category":1,"source":"opensky"}},{"type":"Feature","geometry":{"type":"Point","coordinates":[144.844,-37.6782]},"properties":{"callsign":"C4","hex":"7cf35b","origin":"Australia","altitude":0,"velocity":1.8,"heading":168.75,"onGround":true,"type":"Unknown","desc":"OpenSky cat 0","military":false,"spi":false,"category":0,"source":"opensky"}},{"type":"Feature","geometry":{"type":"Point","coordinates":[144.844,-37.6689]},"properties":{"callsign":"7cf336","hex":"7cf336","origin":"Australia","altitude":0,"velocity":3.09,"heading":104.06,"onGround":true,"type":"Unknown","desc":"OpenSky cat 0","military":false,"spi":false,"category":0,"source":"opensky"}},{"type":"Feature","geometry":{"type":"Point","coordinates":[144.844,-37.6692]},"properties":{"callsign":"BLACK 8","hex":"7cf713","origin":"Australia","altitude":0,"velocity":0.64,"heading":306.56,"onGround":true,"type":"Unknown","desc":"OpenSky cat 0","military":false,"spi":false,"category":0,"source":"opensky"}},{"type":"Feature","geometry":{"type":"Point","coordinates":[137.9308,-35.8049]},"properties":{"callsign":"VOZ008","hex":"06a063","origin":"Qatar","altitude":11277.6,"velocity":284.71,"heading":120.87,"onGround":false,"type":"Unknown","desc":"OpenSky cat 0","military":false,"spi":false,"category":0,"source":"opensky"}},{"type":"Feature","geometry":{"type":"Point","coordinates":[144.6773,-37.8013]},"properties":{"callsign":"VOZ1380","hex":"7c2bc5","origin":"Australia","altitude":3177.54,"velocity":163.84,"heading":149.01,"onGround":false,"type":"Unknown","desc":"OpenSky cat 0","military":false,"spi":false,"category":0,"source":"opensky"}},{"type":"Feature","geometry":{"type":"Point","coordinates":[147.33,-35.9918]},"properties":{"callsign":"RXA6783","hex":"7c80f6","origin":"Australia","altitude":1897.38,"velocity":93.64,"heading":243.58,"onGround":false,"type":"Unknown","desc":"OpenSky cat 0","military":false,"spi":false,"category":0,"source":"opensky"}},{"type":"Feature","geometry":{"type":"Point","coordinates":[143.3522,-35.6031]},"properties":{"callsign":"FD248","hex":"7c3fe2","origin":"Australia","altitude":7848.6,"velocity":141.66,"heading":336.23,"onGround":false,"type":"Unknown","desc":"OpenSky cat 0","military":false,"spi":false,"category":0,"source":"opensky"}},{"type":"Feature","geometry":{"type":"Point","coordinates":[140.5499,-36.3892]},"properties":{"callsign":"JST988","hex":"7c6b18","origin":"Australia","altitude":9753.6,"velocity":213.04,"heading":271.38,"onGround":false,"type":"Unknown","desc":"OpenSky cat 0","military":false,"spi":false,"category":0,"source":"opensky"}},{"type":"Feature","geometry":{"type":"Point","coordinates":[147.5538,-36.4261]},"properties":{"callsign":"VOZ892","hex":"7c6a8d","origin":"Australia","altitude":8488.68,"velocity":207.62,"heading":235.6,"onGround":false,"type":"Unknown","desc":"OpenSky cat 0","military":false,"spi":false,"category":0,"source":"opensky"}},{"type":"Feature","geometry":{"type":"Point","coordinates":[145.0946,-37.3359]},"properties":{"callsign":"JST532","hex":"7c6c92","origin":"Australia","altitude":4290.06,"velocity":200.4,"heading":54.72,"onGround":false,"type":"Unknown","desc":"OpenSky cat 0","military":false,"spi":false,"category":0,"source":"opensky"}},{"type":"Feature","geometry":{"type":"Point","coordinates":[144.7685,-37.3224]},"properties":{"callsign":"QFA637","hex":"7c6d9f","origin":"Australia","altitude":2827.02,"velocity":177.08,"heading":182,"onGround":false,"type":"No emitter category","desc":"OpenSky cat 1","military":false,"spi":false,"category":1,"source":"opensky"}},{"type":"Feature","geometry":{"type":"Point","coordinates":[128.3206,28.0202]},"properties":{"callsign":"SNJ86","hex":"86cec5","origin":"Japan","altitude":10058.4,"velocity":233.56,"heading":31.76,"onGround":false,"type":"Unknown","desc":"OpenSky cat 0","military":false,"spi":false,"category":0,"source":"opensky"}},{"type":"Feature","geometry":{"type":"Point","coordinates":[122.0712,23.2976]},"properties":{"callsign":"THA677","hex":"885281","origin":"Thailand","altitude":11582.4,"velocity":250.53,"heading":251.57,"onGround":false,"type":"Unknown","desc":"OpenSky cat 0","military":false,"spi":false,"category":0,"source":"opensky"}},{"type":"Feature","geometry":{"type":"Point","coordinates":[121.0302,24.9446]},"properties":{"callsign":"AMU616","hex":"781b47","origin":"China","altitude":4137.66,"velocity":148.28,"heading":32.53,"onGround":false,"type":"Unknown","desc":"OpenSky cat 0","military":false,"spi":false,"category":0,"source":"opensky"}},{"type":"Feature","geometry":{"type":"Point","coordinates":[122.9522,26.728]},"properties":{"callsign":"CPA430","hex":"780a0c","origin":"China","altitude":12496.8,"velocity":248.02,"heading":32.64,"onGround":false,"type":"Unknown","desc":"OpenSky cat 0","military":false,"spi":false,"category":0,"source":"opensky"}},{"type":"Feature","geometry":{"type":"Point","coordinates":[128.2791,27.618]},"properties":{"callsign":"JTA128","hex":"841f65","origin":"Japan","altitude":9448.8,"velocity":240.56,"heading":40.23,"onGround":false,"type":"Unknown","desc":"OpenSky cat 0","military":false,"spi":false,"category":0,"source":"opensky"}},{"type":"Feature","geometry":{"type":"Point","coordinates":[121.0107,24.3152]},"properties":{"callsign":"CRK619","hex":"780aa6","origin":"China","altitude":9761.22,"velocity":229.91,"heading":240.51,"onGround":false,"type":"Unknown","desc":"OpenSky cat 0","military":false,"spi":false,"category":0,"source":"opensky"}},{"type":"Feature","geometry":{"type":"Point","coordinates":[120.8378,24.2051]},"properties":{"callsign":"CRK691","hex":"780aa7","origin":"China","altitude":10355.58,"velocity":229.76,"heading":241.37,"onGround":false,"type":"Unknown","desc":"OpenSky cat 0","military":false,"spi":false,"category":0,"source":"opensky"}},{"type":"Feature","geometry":{"type":"Point","coordinates":[122.4954,26.5901]},"properties":{"callsign":"CCA190","hex":"780c9d","origin":"China","altitude":8839.2,"velocity":231.34,"heading":31.36,"onGround":false,"type":"Unknown","desc":"OpenSky cat 0","military":false,"spi":false,"category":0,"source":"opensky"}},{"type":"Feature","geometry":{"type":"Point","coordinates":[128.3925,28.0463]},"properties":{"callsign":"JTA46","hex":"840d81","origin":"Japan","altitude":10340.34,"velocity":223.2,"heading":40.89,"onGround":false,"type":"Unknown","desc":"OpenSky cat 0","military":false,"spi":false,"category":0,"source":"opensky"}},{"type":"Feature","geometry":{"type":"Point","coordinates":[120.1464,20.9715]},"properties":{"callsign":"SIA633","hex":"76cd16","origin":"Singapore","altitude":12192,"velocity":258.3,"heading":225.81,"onGround":false,"type":"Unknown","desc":"OpenSky cat 0","military":false,"spi":false,"category":0,"source":"opensky"}},{"type":"Feature","geometry":{"type":"Point","coordinates":[122.0633,25.2774]},"properties":{"callsign":"SIA606","hex":"76cd0f","origin":"Singapore","altitude":12496.8,"velocity":250.08,"heading":1.3,"onGround":false,"type":"Unknown","desc":"OpenSky cat 0","military":false,"spi":false,"category":0,"source":"opensky"}},{"type":"Feature","geometry":{"type":"Point","coordinates":[120.3983,16.9851]},"properties":{"callsign":"EVA238","hex":"89907b","origin":"Taiwan","altitude":11833.86,"velocity":246.76,"heading":4.78,"onGround":false,"type":"Unknown","desc":"OpenSky cat 0","military":false,"spi":false,"category":0,"source":"opensky"}},{"type":"Feature","geometry":{"type":"Point","coordinates":[121.6449,25.515]},"properties":{"callsign":"TTW721","hex":"89905d","origin":"Taiwan","altitude":2682.24,"velocity":130.39,"heading":256.07,"onGround":false,"type":"No emitter category","desc":"OpenSky cat 1","military":false,"spi":false,"category":1,"source":"opensky"}},{"type":"Feature","geometry":{"type":"Point","coordinates":[120.3805,22.4967]},"properties":{"callsign":"TTW728","hex":"89905c","origin":"Taiwan","altitude":1615.44,"velocity":125.17,"heading":141.34,"onGround":false,"type":"No emitter category","desc":"OpenSky cat 1","military":false,"spi":false,"category":1,"source":"opensky"}},{"type":"Feature","geometry":{"type":"Point","coordinates":[120.3512,22.5754]},"properties":{"callsign":"89902a","hex":"89902a","origin":"Taiwan","altitude":0,"velocity":5.92,"heading":272.81,"onGround":true,"type":"Unknown","desc":"OpenSky cat 0","military":false,"spi":false,"category":0,"source":"opensky"}},{"type":"Feature","geometry":{"type":"Point","coordinates":[120.5557,24.4785]},"properties":{"callsign":"MDA770","hex":"899046","origin":"Taiwan","altitude":929.64,"velocity":140.73,"heading":131.15,"onGround":false,"type":"Unknown","desc":"OpenSky cat 0","military":false,"spi":false,"category":0,"source":"opensky"}},{"type":"Feature","geometry":{"type":"Point","coordinates":[121.1239,24.8231]},"properties":{"callsign":"MDA377","hex":"899051","origin":"Taiwan","altitude":2522.22,"velocity":111.65,"heading":234.19,"onGround":false,"type":"Unknown","desc":"OpenSky cat 0","military":false,"spi":false,"category":0,"source":"opensky"}},{"type":"Feature","geometry":{"type":"Point","coordinates":[120.8516,20.7812]},"properties":{"callsign":"EVA396","hex":"89900e","origin":"Taiwan","altitude":10668,"velocity":255.58,"heading":28.89,"onGround":false,"type":"Heavy","desc":"OpenSky cat 6","military":false,"spi":false,"category":6,"source":"opensky"}},{"type":"Feature","geometry":{"type":"Point","coordinates":[120.4954,24.3565]},"properties":{"callsign":"MDA2366","hex":"89914d","origin":"Taiwan","altitude":2827.02,"velocity":141.9,"heading":46.18,"onGround":false,"type":"Unknown","desc":"OpenSky cat 0","military":false,"spi":false,"category":0,"source":"opensky"}},{"type":"Feature","geometry":{"type":"Point","coordinates":[120.2362,24.1282]},"properties":{"callsign":"MDA1279","hex":"89914e","origin":"Taiwan","altitude":4267.2,"velocity":126.61,"heading":225.99,"onGround":false,"type":"Unknown","desc":"OpenSky cat 0","military":false,"spi":false,"category":0,"source":"opensky"}},{"type":"Feature","geometry":{"type":"Point","coordinates":[121.5605,25.0687]},"properties":{"callsign":"MDA2074","hex":"89914b","origin":"Taiwan","altitude":0,"velocity":6.94,"heading":120.94,"onGround":true,"type":"Unknown","desc":"OpenSky cat 0","military":false,"spi":false,"category":0,"source":"opensky"}},{"type":"Feature","geometry":{"type":"Point","coordinates":[121.5931,24.5845]},"properties":{"callsign":"UIA8728","hex":"89913d","origin":"Taiwan","altitude":3482.34,"velocity":142.75,"heading":317.63,"onGround":false,"type":"Unknown","desc":"OpenSky cat 0","military":false,"spi":false,"category":0,"source":"opensky"}},{"type":"Feature","geometry":{"type":"Point","coordinates":[121.3607,25.1865]},"properties":{"callsign":"JJP55","hex":"845f78","origin":"Japan","altitude":883.92,"velocity":80.97,"heading":229.12,"onGround":false,"type":"Unknown","desc":"OpenSky cat 0","military":false,"spi":false,"category":0,"source":"opensky"}},{"type":"Feature","geometry":{"type":"Point","coordinates":[106.4983,-6.1721]},"properties":{"callsign":"LNI793","hex":"8a0458","origin":"Indonesia","altitude":617.22,"velocity":78.15,"heading":73.95,"onGround":false,"type":"Unknown","desc":"OpenSky cat 0","military":false,"spi":false,"category":0,"source":"opensky"}},{"type":"Feature","geometry":{"type":"Point","coordinates":[106.4981,-6.2006]},"properties":{"callsign":"CTV919","hex":"8a05c4","origin":"Indonesia","altitude":891.54,"velocity":101.17,"heading":68.52,"onGround":false,"type":"Unknown","desc":"OpenSky cat 0","military":false,"spi":false,"category":0,"source":"opensky"}},{"type":"Feature","geometry":{"type":"Point","coordinates":[106.3213,-6.0864]},"properties":{"callsign":"CTV717","hex":"8a03aa","origin":"Indonesia","altitude":1973.58,"velocity":115.23,"heading":167.89,"onGround":false,"type":"Unknown","desc":"OpenSky cat 0","military":false,"spi":false,"category":0,"source":"opensky"}},{"type":"Feature","geometry":{"type":"Point","coordinates":[110.7089,-7.1895]},"properties":{"callsign":"CTV765","hex":"8a03ad","origin":"Indonesia","altitude":4168.14,"velocity":166.16,"heading":301.97,"onGround":false,"type":"Unknown","desc":"OpenSky cat 0","military":false,"spi":false,"category":0,"source":"opensky"}},{"type":"Feature","geometry":{"type":"Point","coordinates":[107.4894,-6.8952]},"properties":{"callsign":"BTK6080","hex":"8a051f","origin":"Indonesia","altitude":7094.22,"velocity":219.59,"heading":146.27,"onGround":false,"type":"Unknown","desc":"OpenSky cat 0","military":false,"spi":false,"category":0,"source":"opensky"}},{"type":"Feature","geometry":{"type":"Point","coordinates":[106.6298,-6.1199]},"properties":{"callsign":"PAS107","hex":"8a09e4","origin":"Indonesia","altitude":129.54,"velocity":69.85,"heading":69.3,"onGround":false,"type":"Unknown","desc":"OpenSky cat 0","military":false,"spi":false,"category":0,"source":"opensky"}},{"type":"Feature","geometry":{"type":"Point","coordinates":[108.9747,-6.7162]},"properties":{"callsign":"BTK7368","hex":"8a09a7","origin":"Indonesia","altitude":9448.8,"velocity":217.52,"heading":105.22,"onGround":false,"type":"Unknown","desc":"OpenSky cat 0","military":false,"spi":false,"category":0,"source":"opensky"}},{"type":"Feature","geometry":{"type":"Point","coordinates":[109.1441,-6.5836]},"properties":{"callsign":"BTK6508","hex":"8a09a5","origin":"Indonesia","altitude":10668,"velocity":218.56,"heading":100.3,"onGround":false,"type":"Unknown","desc":"OpenSky cat 0","military":false,"spi":false,"category":0,"source":"opensky"}},{"type":"Feature","geometry":{"type":"Point","coordinates":[106.5803,-5.8448]},"properties":{"callsign":"BTK7159","hex":"8a09a0","origin":"Indonesia","altitude":2499.36,"velocity":155.86,"heading":317.68,"onGround":false,"type":"Unknown","desc":"OpenSky cat 0","military":false,"spi":false,"category":0,"source":"opensky"}},{"type":"Feature","geometry":{"type":"Point","coordinates":[106.5343,-6.0635]},"properties":{"callsign":"BTK6143","hex":"8a091f","origin":"Indonesia","altitude":1600.2,"velocity":122.18,"heading":248.51,"onGround":false,"type":"Unknown","desc":"OpenSky cat 0","military":false,"spi":false,"category":0,"source":"opensky"}},{"type":"Feature","geometry":{"type":"Point","coordinates":[106.6176,-6.153]},"properties":{"callsign":"BTK6677","hex":"8a091b","origin":"Indonesia","altitude":1623.06,"velocity":64.49,"heading":68.96,"onGround":false,"type":"Unknown","desc":"OpenSky cat 0","military":false,"spi":false,"category":0,"source":"opensky"}},{"type":"Feature","geometry":{"type":"Point","coordinates":[106.1604,-5.3714]},"properties":{"callsign":"PAS314","hex":"8a0915","origin":"Indonesia","altitude":6720.84,"velocity":192.93,"heading":320.41,"onGround":false,"type":"Unknown","desc":"OpenSky cat 0","military":false,"spi":false,"category":0,"source":"opensky"}},{"type":"Feature","geometry":{"type":"Point","coordinates":[106.6777,-6.1058]},"properties":{"callsign":"SJV638","hex":"8a0909","origin":"Indonesia","altitude":388.62,"velocity":83.69,"heading":69.11,"onGround":false,"type":"Unknown","desc":"OpenSky cat 0","military":false,"spi":false,"category":0,"source":"opensky"}},{"type":"Feature","geometry":{"type":"Point","coordinates":[110.8614,-7.4265]},"properties":{"callsign":"SJV778","hex":"8a0972","origin":"Indonesia","altitude":7162.8,"velocity":220.32,"heading":52.11,"onGround":false,"type":"Unknown","desc":"OpenSky cat 0","military":false,"spi":false,"category":0,"source":"opensky"}},{"type":"Feature","geometry":{"type":"Point","coordinates":[106.373,-6.2248]},"properties":{"callsign":"BTK6855","hex":"8a093a","origin":"Indonesia","altitude":1318.26,"velocity":91.69,"heading":119.59,"onGround":false,"type":"Unknown","desc":"OpenSky cat 0","military":false,"spi":false,"category":0,"source":"opensky"}},{"type":"Feature","geometry":{"type":"Point","coordinates":[105.8534,-5.2821]},"properties":{"callsign":"AXM349","hex":"7501e6","origin":"Malaysia","altitude":10965.18,"velocity":249.24,"heading":322.04,"onGround":false,"type":"Unknown","desc":"OpenSky cat 0","military":false,"spi":false,"category":0,"source":"opensky"}},{"type":"Feature","geometry":{"type":"Point","coordinates":[106.6303,-6.1196]},"properties":{"callsign":"GIA419","hex":"8a023e","origin":"Indonesia","altitude":114.3,"velocity":73.65,"heading":68.27,"onGround":false,"type":"Unknown","desc":"OpenSky cat 0","military":false,"spi":false,"category":0,"source":"opensky"}},{"type":"Feature","geometry":{"type":"Point","coordinates":[106.8302,-6.0085]},"properties":{"callsign":"GIA576","hex":"8a0240","origin":"Indonesia","altitude":1440.18,"velocity":145.84,"heading":59,"onGround":false,"type":"Unknown","desc":"OpenSky cat 0","military":false,"spi":false,"category":0,"source":"opensky"}},{"type":"Feature","geometry":{"type":"Point","coordinates":[106.9334,-5.9609]},"properties":{"callsign":"GIA509","hex":"8a021d","origin":"Indonesia","altitude":3169.92,"velocity":168.22,"heading":270,"onGround":false,"type":"Unknown","desc":"OpenSky cat 0","military":false,"spi":false,"category":0,"source":"opensky"}},{"type":"Feature","geometry":{"type":"Point","coordinates":[106.618,-6.1246]},"properties":{"callsign":"GIA315","hex":"8a028e","origin":"Indonesia","altitude":190.5,"velocity":70.69,"heading":68.66,"onGround":false,"type":"Unknown","desc":"OpenSky cat 0","military":false,"spi":false,"category":0,"source":"opensky"}},{"type":"Feature","geometry":{"type":"Point","coordinates":[106.658,-6.0132]},"properties":{"callsign":"QFA041","hex":"7c1473","origin":"Australia","altitude":2133.6,"velocity":130.88,"heading":248.07,"onGround":false,"type":"Heavy","desc":"OpenSky cat 6","military":false,"spi":false,"category":6,"source":"opensky"}},{"type":"Feature","geometry":{"type":"Point","coordinates":[106.5148,-0.611]},"properties":{"callsign":"MXD157","hex":"7502c4","origin":"Malaysia","altitude":11277.6,"velocity":224.31,"heading":124.35,"onGround":false,"type":"Unknown","desc":"OpenSky cat 0","military":false,"spi":false,"category":0,"source":"opensky"}},{"type":"Feature","geometry":{"type":"Point","coordinates":[106.3138,-5.7155]},"properties":{"callsign":"SIA963","hex":"76cdb7","origin":"Singapore","altitude":4998.72,"velocity":167.19,"heading":329.49,"onGround":false,"type":"Unknown","desc":"OpenSky cat 0","military":false,"spi":false,"category":0,"source":"opensky"}},{"type":"Feature","geometry":{"type":"Point","coordinates":[-122.1583,37.6641]},"properties":{"callsign":"FDX1468","hex":"a26a93","origin":"United States","altitude":350.52,"velocity":74.89,"heading":309.7,"onGround":false,"type":"Unknown","desc":"OpenSky cat 0","military":false,"spi":false,"category":0,"source":"opensky"}},{"type":"Feature","geometry":{"type":"Point","coordinates":[-122.4045,34.1461]},"properties":{"callsign":"SWA1189","hex":"ab5ade","origin":"United States","altitude":10668,"velocity":289.79,"heading":84.81,"onGround":false,"type":"Unknown","desc":"OpenSky cat 0","military":false,"spi":false,"category":0,"source":"opensky"}},{"type":"Feature","geometry":{"type":"Point","coordinates":[-122.2181,37.7149]},"properties":{"callsign":"UPS942","hex":"a460d1","origin":"United States","altitude":0,"velocity":1.29,"heading":227.81,"onGround":true,"type":"Unknown","desc":"OpenSky cat 0","military":false,"spi":false,"category":0,"source":"opensky"}},{"type":"Feature","geometry":{"type":"Point","coordinates":[-122.382,37.6145]},"properties":{"callsign":"DAL2635","hex":"a3a8c0","origin":"United States","altitude":0,"velocity":0,"heading":320.62,"onGround":true,"type":"Unknown","desc":"OpenSky cat 0","military":false,"spi":false,"category":0,"source":"opensky"}},{"type":"Feature","geometry":{"type":"Point","coordinates":[-123.6214,42.141]},"properties":{"callsign":"N991GT","hex":"add702","origin":"United States","altitude":3657.6,"velocity":123.02,"heading":240.43,"onGround":false,"type":"Unknown","desc":"OpenSky cat 0","military":false,"spi":false,"category":0,"source":"opensky"}},{"type":"Feature","geometry":{"type":"Point","coordinates":[-124.7171,39.2805]},"properties":{"callsign":"AAL170","hex":"ab30e6","origin":"United States","altitude":11887.2,"velocity":264.45,"heading":127.65,"onGround":false,"type":"Unknown","desc":"OpenSky cat 0","military":false,"spi":false,"category":0,"source":"opensky"}},{"type":"Feature","geometry":{"type":"Point","coordinates":[-121.558,38.9494]},"properties":{"callsign":"N922RJ","hex":"acc718","origin":"United States","altitude":243.84,"velocity":53.71,"heading":126.43,"onGround":false,"type":"Unknown","desc":"OpenSky cat 0","military":false,"spi":false,"category":0,"source":"opensky"}},{"type":"Feature","geometry":{"type":"Point","coordinates":[-122.7413,44.2705]},"properties":{"callsign":"UPS972","hex":"acb9ea","origin":"United States","altitude":7277.1,"velocity":230.41,"heading":3.58,"onGround":false,"type":"Unknown","desc":"OpenSky cat 0","military":false,"spi":false,"category":0,"source":"opensky"}},{"type":"Feature","geometry":{"type":"Point","coordinates":[-125.4993,40.4304]},"properties":{"callsign":"KYE9723","hex":"ac7a61","origin":"United States","altitude":9144,"velocity":253.08,"heading":321.69,"onGround":false,"type":"Unknown","desc":"OpenSky cat 0","military":false,"spi":false,"category":0,"source":"opensky"}},{"type":"Feature","geometry":{"type":"Point","coordinates":[-122.2188,37.7155]},"properties":{"callsign":"UPS948","hex":"a504dd","origin":"United States","altitude":0,"velocity":4.37,"heading":47.81,"onGround":true,"type":"Unknown","desc":"OpenSky cat 0","military":false,"spi":false,"category":0,"source":"opensky"}},{"type":"Feature","geometry":{"type":"Point","coordinates":[-121.3087,38.552]},"properties":{"callsign":"UPS952","hex":"a0dadb","origin":"United States","altitude":0,"velocity":9.77,"heading":323.44,"onGround":true,"type":"Unknown","desc":"OpenSky cat 0","military":false,"spi":false,"category":0,"source":"opensky"}},{"type":"Feature","geometry":{"type":"Point","coordinates":[-123.223,39.2361]},"properties":{"callsign":"REH18","hex":"a3914c","origin":"United States","altitude":1844.04,"velocity":66.88,"heading":0,"onGround":false,"type":"Unknown","desc":"OpenSky cat 0","military":false,"spi":false,"category":0,"source":"opensky"}},{"type":"Feature","geometry":{"type":"Point","coordinates":[-120.1548,36.0252]},"properties":{"callsign":"N617MM","hex":"a809de","origin":"United States","altitude":3939.54,"velocity":124.45,"heading":128.62,"onGround":false,"type":"Unknown","desc":"OpenSky cat 0","military":false,"spi":false,"category":0,"source":"opensky"}},{"type":"Feature","geometry":{"type":"Point","coordinates":[-121.1761,44.3397]},"properties":{"callsign":"N443LF","hex":"a556c2","origin":"United States","altitude":1493.52,"velocity":55.39,"heading":353.6,"onGround":false,"type":"Unknown","desc":"OpenSky cat 0","military":false,"spi":false,"category":0,"source":"opensky"}},{"type":"Feature","geometry":{"type":"Point","coordinates":[-122.1775,37.4347]},"properties":{"callsign":"STNFORD1","hex":"a188d8","origin":"United States","altitude":60.96,"velocity":0,"heading":174.38,"onGround":true,"type":"Unknown","desc":"OpenSky cat 0","military":false,"spi":false,"category":0,"source":"opensky"}},{"type":"Feature","geometry":{"type":"Point","coordinates":[-123.9089,37.3676]},"properties":{"callsign":"FDX1875","hex":"a68d27","origin":"United States","altitude":10881.36,"velocity":226.99,"heading":247.62,"onGround":false,"type":"Unknown","desc":"OpenSky cat 0","military":false,"spi":false,"category":0,"source":"opensky"}},{"type":"Feature","geometry":{"type":"Point","coordinates":[-125.3017,36.1138]},"properties":{"callsign":"SWA2463","hex":"ac0bb9","origin":"United States","altitude":11277.6,"velocity":268.12,"heading":59.06,"onGround":false,"type":"Unknown","desc":"OpenSky cat 0","military":false,"spi":false,"category":0,"source":"opensky"}},{"type":"Feature","geometry":{"type":"Point","coordinates":[-120.4611,38.0894]},"properties":{"callsign":"UPS5943","hex":"a3e69d","origin":"United States","altitude":10256.52,"velocity":269.69,"heading":79.23,"onGround":false,"type":"Heavy","desc":"OpenSky cat 6","military":false,"spi":false,"category":6,"source":"opensky"}},{"type":"Feature","geometry":{"type":"Point","coordinates":[-123.5697,39.1447]},"properties":{"callsign":"FDX31","hex":"ac1846","origin":"United States","altitude":10972.8,"velocity":224.69,"heading":291.63,"onGround":false,"type":"Unknown","desc":"OpenSky cat 0","military":false,"spi":false,"category":0,"source":"opensky"}},{"type":"Feature","geometry":{"type":"Point","coordinates":[-123.007,44.3116]},"properties":{"callsign":"N149MF","hex":"a0c538","origin":"United States","altitude":4594.86,"velocity":115.89,"heading":177.2,"onGround":false,"type":"Unknown","desc":"OpenSky cat 0","military":false,"spi":false,"category":0,"source":"opensky"}},{"type":"Feature","geometry":{"type":"Point","coordinates":[-120.6498,33.8999]},"properties":{"callsign":"AAL684","hex":"a57997","origin":"United States","altitude":10058.4,"velocity":283.08,"heading":91.77,"onGround":false,"type":"Unknown","desc":"OpenSky cat 0","military":false,"spi":false,"category":0,"source":"opensky"}},{"type":"Feature","geometry":{"type":"Point","coordinates":[-125.4136,40.9389]},"properties":{"callsign":"DAL394","hex":"a65086","origin":"United States","altitude":11285.22,"velocity":263,"heading":22.3,"onGround":false,"type":"Unknown","desc":"OpenSky cat 0","military":false,"spi":false,"category":0,"source":"opensky"}},{"type":"Feature","geometry":{"type":"Point","coordinates":[-123.7824,39.01]},"properties":{"callsign":"KAL214","hex":"71be23","origin":"Republic of Korea","altitude":7940.04,"velocity":241.74,"heading":304.77,"onGround":false,"type":"Heavy","desc":"OpenSky cat 6","military":false,"spi":false,"category":6,"source":"opensky"}},{"type":"Feature","geometry":{"type":"Point","coordinates":[-97.4228,50.2327]},"properties":{"callsign":"CAV7871","hex":"c020be","origin":"Canada","altitude":2857.5,"velocity":87.07,"heading":343.17,"onGround":false,"type":"Unknown","desc":"OpenSky cat 0","military":false,"spi":false,"category":0,"source":"opensky"}},{"type":"Feature","geometry":{"type":"Point","coordinates":[-93.396,45.3644]},"properties":{"callsign":"FDX134","hex":"ac7ad2","origin":"United States","altitude":11582.4,"velocity":215.32,"heading":339.88,"onGround":false,"type":"Unknown","desc":"OpenSky cat 0","military":false,"spi":false,"category":0,"source":"opensky"}},{"type":"Feature","geometry":{"type":"Point","coordinates":[-99.2118,46.4021]},"properties":{"callsign":"UPS108","hex":"a84343","origin":"United States","altitude":9753.6,"velocity":235.04,"heading":302.58,"onGround":false,"type":"Unknown","desc":"OpenSky cat 0","military":false,"spi":false,"category":0,"source":"opensky"}},{"type":"Feature","geometry":{"type":"Point","coordinates":[-97.1884,45.6534]},"properties":{"callsign":"ENY3373","hex":"a34199","origin":"United States","altitude":6659.88,"velocity":208.55,"heading":191.67,"onGround":false,"type":"Unknown","desc":"OpenSky cat 0","military":false,"spi":false,"category":0,"source":"opensky"}},{"type":"Feature","geometry":{"type":"Point","coordinates":[-98.2065,45.7814]},"properties":{"callsign":"a478b4","hex":"a478b4","origin":"United States","altitude":1463.04,"velocity":55.75,"heading":318.37,"onGround":false,"type":"Unknown","desc":"OpenSky cat 0","military":false,"spi":false,"category":0,"source":"opensky"}},{"type":"Feature","geometry":{"type":"Point","coordinates":[-100.1371,50.1879]},"properties":{"callsign":"WJA221","hex":"c036b1","origin":"Canada","altitude":12192,"velocity":195.83,"heading":276.79,"onGround":false,"type":"Unknown","desc":"OpenSky cat 0","military":false,"spi":false,"category":0,"source":"opensky"}},{"type":"Feature","geometry":{"type":"Point","coordinates":[-98.0358,45.7655]},"properties":{"callsign":"N6576S","hex":"a8a9f6","origin":"United States","altitude":2423.16,"velocity":78.36,"heading":336.8,"onGround":false,"type":"Unknown","desc":"OpenSky cat 0","military":false,"spi":false,"category":0,"source":"opensky"}},{"type":"Feature","geometry":{"type":"Point","coordinates":[-97.2286,49.8988]},"properties":{"callsign":"PAG318","hex":"c064d7","origin":"Canada","altitude":281.94,"velocity":7.65,"heading":132.27,"onGround":false,"type":"Unknown","desc":"OpenSky cat 0","military":false,"spi":false,"category":0,"source":"opensky"}},{"type":"Feature","geometry":{"type":"Point","coordinates":[-90.8621,48.8118]},"properties":{"callsign":"CGTIM","hex":"c077b1","origin":"Canada","altitude":4914.9,"velocity":121.09,"heading":294.61,"onGround":false,"type":"Unknown","desc":"OpenSky cat 0","military":false,"spi":false,"category":0,"source":"opensky"}},{"type":"Feature","geometry":{"type":"Point","coordinates":[-94.6581,45.308]},"properties":{"callsign":"GTI8193","hex":"a55e46","origin":"United States","altitude":10668,"velocity":284.93,"heading":133.46,"onGround":false,"type":"Unknown","desc":"OpenSky cat 0","military":false,"spi":false,"category":0,"source":"opensky"}},{"type":"Feature","geometry":{"type":"Point","coordinates":[-97.1574,48.8985]},"properties":{"callsign":"PBR360","hex":"c04167","origin":"Canada","altitude":7010.4,"velocity":138.34,"heading":173.17,"onGround":false,"type":"Unknown","desc":"OpenSky cat 0","military":false,"spi":false,"category":0,"source":"opensky"}},{"type":"Feature","geometry":{"type":"Point","coordinates":[-95.2204,47.3335]},"properties":{"callsign":"TSU1016","hex":"ab351a","origin":"United States","altitude":5905.5,"velocity":206.07,"heading":319.15,"onGround":false,"type":"Unknown","desc":"OpenSky cat 0","military":false,"spi":false,"category":0,"source":"opensky"}},{"type":"Feature","geometry":{"type":"Point","coordinates":[-96.8676,45.8147]},"properties":{"callsign":"KAL033","hex":"71c042","origin":"Republic of Korea","altitude":10668,"velocity":273.3,"heading":136.6,"onGround":false,"type":"Heavy","desc":"OpenSky cat 6","military":false,"spi":false,"category":6,"source":"opensky"}},{"type":"Feature","geometry":{"type":"Point","coordinates":[-100.4053,46.556]},"properties":{"callsign":"UPS76","hex":"a7ff6a","origin":"United States","altitude":11582.4,"velocity":225.06,"heading":307.94,"onGround":false,"type":"Unknown","desc":"OpenSky cat 0","military":false,"spi":false,"category":0,"source":"opensky"}},{"type":"Feature","geometry":{"type":"Point","coordinates":[-103.6446,52.1552]},"properties":{"callsign":"KAL091","hex":"71c210","origin":"Republic of Korea","altitude":10668,"velocity":273.6,"heading":115.51,"onGround":false,"type":"No emitter category","desc":"OpenSky cat 1","military":false,"spi":false,"category":1,"source":"opensky"}},{"type":"Feature","geometry":{"type":"Point","coordinates":[-96.6096,46.6518]},"properties":{"callsign":"SKW3946","hex":"a2dac7","origin":"United States","altitude":2979.42,"velocity":158.98,"heading":153.68,"onGround":false,"type":"Unknown","desc":"OpenSky cat 0","military":false,"spi":false,"category":0,"source":"opensky"}},{"type":"Feature","geometry":{"type":"Point","coordinates":[-96.5764,49.6916]},"properties":{"callsign":"AAR222","hex":"71c308","origin":"Republic of Korea","altitude":11277.6,"velocity":291.74,"heading":122.18,"onGround":false,"type":"Unknown","desc":"OpenSky cat 0","military":false,"spi":false,"category":0,"source":"opensky"}},{"type":"Feature","geometry":{"type":"Point","coordinates":[-96.1786,45.9604]},"properties":{"callsign":"FDX1544","hex":"a903b9","origin":"United States","altitude":8008.62,"velocity":207.94,"heading":335.91,"onGround":false,"type":"Unknown","desc":"OpenSky cat 0","military":false,"spi":false,"category":0,"source":"opensky"}},{"type":"Feature","geometry":{"type":"Point","coordinates":[-100.8119,46.9806]},"properties":{"callsign":"CKS550","hex":"a96ecb","origin":"United States","altitude":9144,"velocity":242.56,"heading":303.76,"onGround":false,"type":"Unknown","desc":"OpenSky cat 0","military":false,"spi":false,"category":0,"source":"opensky"}},{"type":"Feature","geometry":{"type":"Point","coordinates":[-96.1726,46.0882]},"properties":{"callsign":"N2265W","hex":"a1fa67","origin":"United States","altitude":1836.42,"velocity":51.54,"heading":183.43,"onGround":false,"type":"Unknown","desc":"OpenSky cat 0","military":false,"spi":false,"category":0,"source":"opensky"}},{"type":"Feature","geometry":{"type":"Point","coordinates":[-91.3079,45.9937]},"properties":{"callsign":"POE484","hex":"c08862","origin":"Canada","altitude":11277.6,"velocity":286.15,"heading":105.11,"onGround":false,"type":"Unknown","desc":"OpenSky cat 0","military":false,"spi":false,"category":0,"source":"opensky"}},{"type":"Feature","geometry":{"type":"Point","coordinates":[-102.0588,51.5184]},"properties":{"callsign":"AAL375P","hex":"a4f1e5","origin":"United States","altitude":10668,"velocity":270.36,"heading":121.94,"onGround":false,"type":"Unknown","desc":"OpenSky cat 0","military":false,"spi":false,"category":0,"source":"opensky"}},{"type":"Feature","geometry":{"type":"Point","coordinates":[-103.5756,49.9597]},"properties":{"callsign":"FLE664","hex":"c01d2d","origin":"Canada","altitude":11277.6,"velocity":250.77,"heading":92.47,"onGround":false,"type":"Unknown","desc":"OpenSky cat 0","military":false,"spi":false,"category":0,"source":"opensky"}},{"type":"Feature","geometry":{"type":"Point","coordinates":[119.344,37.5698]},"properties":{"callsign":"CQH6596","hex":"7809ad","origin":"China","altitude":6614.16,"velocity":200.41,"heading":264.85,"onGround":false,"type":"Unknown","desc":"OpenSky cat 0","military":false,"spi":false,"category":0,"source":"opensky"}},{"type":"Feature","geometry":{"type":"Point","coordinates":[117.0085,36.5409]},"properties":{"callsign":"CDC8967","hex":"781b75","origin":"China","altitude":9166.86,"velocity":236.07,"heading":345.87,"onGround":false,"type":"Unknown","desc":"OpenSky cat 0","military":false,"spi":false,"category":0,"source":"opensky"}},{"type":"Feature","geometry":{"type":"Point","coordinates":[116.4579,41.3247]},"properties":{"callsign":"UAL7","hex":"a1270b","origin":"United States","altitude":9174.48,"velocity":232.57,"heading":329.12,"onGround":false,"type":"Unknown","desc":"OpenSky cat 0","military":false,"spi":false,"category":0,"source":"opensky"}},{"type":"Feature","geometry":{"type":"Point","coordinates":[116.5792,39.2976]},"properties":{"callsign":"CES6782","hex":"781cd0","origin":"China","altitude":1356.36,"velocity":108.41,"heading":172.64,"onGround":false,"type":"Unknown","desc":"OpenSky cat 0","military":false,"spi":false,"category":0,"source":"opensky"}},{"type":"Feature","geometry":{"type":"Point","coordinates":[117.353,39.1132]},"properties":{"callsign":"CSC8863","hex":"780b87","origin":"China","altitude":-22.86,"velocity":75.24,"heading":334.49,"onGround":false,"type":"Unknown","desc":"OpenSky cat 0","military":false,"spi":false,"category":0,"source":"opensky"}},{"type":"Feature","geometry":{"type":"Point","coordinates":[114.7107,41.6214]},"properties":{"callsign":"CSC3123","hex":"781e30","origin":"China","altitude":9784.08,"velocity":227.42,"heading":298.36,"onGround":false,"type":"Unknown","desc":"OpenSky cat 0","military":false,"spi":false,"category":0,"source":"opensky"}},{"type":"Feature","geometry":{"type":"Point","coordinates":[116.6843,40.4115]},"properties":{"callsign":"780b60","hex":"780b60","origin":"China","altitude":2689.86,"velocity":156.46,"heading":173.2,"onGround":false,"type":"Unknown","desc":"OpenSky cat 0","military":false,"spi":false,"category":0,"source":"opensky"}},{"type":"Feature","geometry":{"type":"Point","coordinates":[116.847,40.9903]},"properties":{"callsign":"CES6551","hex":"780c05","origin":"China","altitude":10431.78,"velocity":243.13,"heading":33.96,"onGround":false,"type":"Unknown","desc":"OpenSky cat 0","military":false,"spi":false,"category":0,"source":"opensky"}},{"type":"Feature","geometry":{"type":"Point","coordinates":[114.5044,40.1284]},"properties":{"callsign":"OMA4068","hex":"7a389c","origin":"China","altitude":7802.88,"velocity":188.57,"heading":273.13,"onGround":false,"type":"Unknown","desc":"OpenSky cat 0","military":false,"spi":false,"category":0,"source":"opensky"}},{"type":"Feature","geometry":{"type":"Point","coordinates":[116.0351,40.4288]},"properties":{"callsign":"CCA1150","hex":"781dd5","origin":"China","altitude":3596.64,"velocity":141.49,"heading":90.83,"onGround":false,"type":"Unknown","desc":"OpenSky cat 0","military":false,"spi":false,"category":0,"source":"opensky"}},{"type":"Feature","geometry":{"type":"Point","coordinates":[118.7755,38.9512]},"properties":{"callsign":"CCA441","hex":"780acd","origin":"China","altitude":10088.88,"velocity":262.83,"heading":101.86,"onGround":false,"type":"Unknown","desc":"OpenSky cat 0","military":false,"spi":false,"category":0,"source":"opensky"}},{"type":"Feature","geometry":{"type":"Point","coordinates":[116.0636,39.2859]},"properties":{"callsign":"OMA4092","hex":"7a385c","origin":"China","altitude":3649.98,"velocity":163.52,"heading":195.7,"onGround":false,"type":"Unknown","desc":"OpenSky cat 0","military":false,"spi":false,"category":0,"source":"opensky"}},{"type":"Feature","geometry":{"type":"Point","coordinates":[115.7692,39.9347]},"properties":{"callsign":"CCA179","hex":"780c45","origin":"China","altitude":6179.82,"velocity":203.22,"heading":235.1,"onGround":false,"type":"Unknown","desc":"OpenSky cat 0","military":false,"spi":false,"category":0,"source":"opensky"}},{"type":"Feature","geometry":{"type":"Point","coordinates":[117.6399,39.5897]},"properties":{"callsign":"CCA709","hex":"780c43","origin":"China","altitude":7825.74,"velocity":228.6,"heading":149.28,"onGround":false,"type":"Unknown","desc":"OpenSky cat 0","military":false,"spi":false,"category":0,"source":"opensky"}},{"type":"Feature","geometry":{"type":"Point","coordinates":[119.8994,38.761]},"properties":{"callsign":"UAE312","hex":"8964a7","origin":"United Arab Emirates","altitude":11308.08,"velocity":282.41,"heading":101.99,"onGround":false,"type":"Unknown","desc":"OpenSky cat 0","military":false,"spi":false,"category":0,"source":"opensky"}},{"type":"Feature","geometry":{"type":"Point","coordinates":[115.6094,39.8853]},"properties":{"callsign":"HBH8014","hex":"780bc5","origin":"China","altitude":3215.64,"velocity":172.19,"heading":166.17,"onGround":false,"type":"Unknown","desc":"OpenSky cat 0","military":false,"spi":false,"category":0,"source":"opensky"}},{"type":"Feature","geometry":{"type":"Point","coordinates":[115.834,41.6296]},"properties":{"callsign":"CSN5067","hex":"780bd9","origin":"China","altitude":9768.84,"velocity":219.49,"heading":325.12,"onGround":false,"type":"Unknown","desc":"OpenSky cat 0","military":false,"spi":false,"category":0,"source":"opensky"}},{"type":"Feature","geometry":{"type":"Point","coordinates":[117.1229,39.1617]},"properties":{"callsign":"CDG4651","hex":"780be8","origin":"China","altitude":5029.2,"velocity":172.28,"heading":341.19,"onGround":false,"type":"Unknown","desc":"OpenSky cat 0","military":false,"spi":false,"category":0,"source":"opensky"}},{"type":"Feature","geometry":{"type":"Point","coordinates":[117.8897,40.8346]},"properties":{"callsign":"CSN3624","hex":"781fa7","origin":"China","altitude":9791.7,"velocity":228.21,"heading":212.29,"onGround":false,"type":"Unknown","desc":"OpenSky cat 0","military":false,"spi":false,"category":0,"source":"opensky"}},{"type":"Feature","geometry":{"type":"Point","coordinates":[117.2192,41.2677]},"properties":{"callsign":"CHH7506","hex":"780d2f","origin":"China","altitude":10088.88,"velocity":238.52,"heading":32.04,"onGround":false,"type":"Unknown","desc":"OpenSky cat 0","military":false,"spi":false,"category":0,"source":"opensky"}},{"type":"Feature","geometry":{"type":"Point","coordinates":[116.6155,40.4202]},"properties":{"callsign":"CSC3122","hex":"7813fe","origin":"China","altitude":3215.64,"velocity":155.45,"heading":99.52,"onGround":false,"type":"Unknown","desc":"OpenSky cat 0","military":false,"spi":false,"category":0,"source":"opensky"}},{"type":"Feature","geometry":{"type":"Point","coordinates":[113.9998,40.0803]},"properties":{"callsign":"CCA1486","hex":"780356","origin":"China","altitude":8869.68,"velocity":223.8,"heading":0.79,"onGround":false,"type":"Unknown","desc":"OpenSky cat 0","military":false,"spi":false,"category":0,"source":"opensky"}},{"type":"Feature","geometry":{"type":"Point","coordinates":[116.1796,39.0084]},"properties":{"callsign":"CCA4147","hex":"780426","origin":"China","altitude":4213.86,"velocity":157.36,"heading":40.09,"onGround":false,"type":"Unknown","desc":"OpenSky cat 0","military":false,"spi":false,"category":0,"source":"opensky"}},{"type":"Feature","geometry":{"type":"Point","coordinates":[75.1838,30.8061]},"properties":{"callsign":"IGO6384","hex":"801741","origin":"India","altitude":9761.22,"velocity":233.05,"heading":0.38,"onGround":false,"type":"Unknown","desc":"OpenSky cat 0","military":false,"spi":false,"category":0,"source":"opensky"}},{"type":"Feature","geometry":{"type":"Point","coordinates":[75.3468,31.3796]},"properties":{"callsign":"AXB1390","hex":"801403","origin":"India","altitude":10866.12,"velocity":238.28,"heading":15.66,"onGround":false,"type":"Unknown","desc":"OpenSky cat 0","military":false,"spi":false,"category":0,"source":"opensky"}},{"type":"Feature","geometry":{"type":"Point","coordinates":[76.381,30.815]},"properties":{"callsign":"QNT2232","hex":"507c72","origin":"Uzbekistan","altitude":10363.2,"velocity":234.43,"heading":291.5,"onGround":false,"type":"Unknown","desc":"OpenSky cat 0","military":false,"spi":false,"category":0,"source":"opensky"}},{"type":"Feature","geometry":{"type":"Point","coordinates":[86.53,40.45]},"properties":{"callsign":"514004","hex":"514004","origin":"Georgia","altitude":-304.8,"velocity":74.59,"heading":165.94,"onGround":true,"type":"Unknown","desc":"OpenSky cat 0","military":false,"spi":false,"category":0,"source":"opensky"}},{"type":"Feature","geometry":{"type":"Point","coordinates":[-156.1124,58.4776]},"properties":{"callsign":"AIC4185","hex":"800463","origin":"India","altitude":11277.6,"velocity":303.04,"heading":95.85,"onGround":false,"type":"Unknown","desc":"OpenSky cat 0","military":false,"spi":false,"category":0,"source":"opensky"}},{"type":"Feature","geometry":{"type":"Point","coordinates":[-160.7012,59.7212]},"properties":{"callsign":"CKS527","hex":"a95c38","origin":"United States","altitude":10058.4,"velocity":304.13,"heading":72.88,"onGround":false,"type":"No emitter category","desc":"OpenSky cat 1","military":false,"spi":false,"category":1,"source":"opensky"}},{"type":"Feature","geometry":{"type":"Point","coordinates":[-90.5312,14.5717]},"properties":{"callsign":"TAI579","hex":"ac7e1c","origin":"United States","altitude":0,"velocity":16.98,"heading":16.88,"onGround":true,"type":"Unknown","desc":"OpenSky cat 0","military":false,"spi":false,"category":0,"source":"opensky"}},{"type":"Feature","geometry":{"type":"Point","coordinates":[-90.5323,14.58]},"properties":{"callsign":"0b418c","hex":"0b418c","origin":"Guatemala","altitude":1524,"velocity":34.85,"heading":301.11,"onGround":false,"type":"Unknown","desc":"OpenSky cat 0","military":false,"spi":false,"category":0,"source":"opensky"}},{"type":"Feature","geometry":{"type":"Point","coordinates":[-90.5278,14.589]},"properties":{"callsign":"AVA4912","hex":"0ac9f0","origin":"Colombia","altitude":0,"velocity":3.09,"heading":0,"onGround":true,"type":"Unknown","desc":"OpenSky cat 0","military":false,"spi":false,"category":0,"source":"opensky"}},{"type":"Feature","geometry":{"type":"Point","coordinates":[28.2324,-26.2155]},"properties":{"callsign":"LNK884D","hex":"0086f6","origin":"South Africa","altitude":1836.42,"velocity":67.21,"heading":16.91,"onGround":false,"type":"Large","desc":"OpenSky cat 4","military":false,"spi":false,"category":4,"source":"opensky"}},{"type":"Feature","geometry":{"type":"Point","coordinates":[28.8738,-24.9391]},"properties":{"callsign":"ZSMPT","hex":"00a15a","origin":"South Africa","altitude":7315.2,"velocity":135.95,"heading":231.92,"onGround":false,"type":"Unknown","desc":"OpenSky cat 0","military":false,"spi":false,"category":0,"source":"opensky"}},{"type":"Feature","geometry":{"type":"Point","coordinates":[28.2787,-25.6282]},"properties":{"callsign":"ZSTOB","hex":"00b3aa","origin":"South Africa","altitude":4396.74,"velocity":143.33,"heading":225.29,"onGround":false,"type":"Unknown","desc":"OpenSky cat 0","military":false,"spi":false,"category":0,"source":"opensky"}},{"type":"Feature","geometry":{"type":"Point","coordinates":[28.2174,-25.4484]},"properties":{"callsign":"ZSFZI","hex":"0083cf","origin":"South Africa","altitude":2011.68,"velocity":59.38,"heading":160.78,"onGround":false,"type":"Unknown","desc":"OpenSky cat 0","military":false,"spi":false,"category":0,"source":"opensky"}},{"type":"Feature","geometry":{"type":"Point","coordinates":[27.6881,-26.7602]},"properties":{"callsign":"SFR112","hex":"0096c6","origin":"South Africa","altitude":5935.98,"velocity":171.31,"heading":14.08,"onGround":false,"type":"Unknown","desc":"OpenSky cat 0","military":false,"spi":false,"category":0,"source":"opensky"}},{"type":"Feature","geometry":{"type":"Point","coordinates":[28.6849,-25.8745]},"properties":{"callsign":"ZSOOO","hex":"00967a","origin":"South Africa","altitude":2141.22,"velocity":90.09,"heading":121.69,"onGround":false,"type":"Unknown","desc":"OpenSky cat 0","military":false,"spi":false,"category":0,"source":"opensky"}},{"type":"Feature","geometry":{"type":"Point","coordinates":[27.8901,-24.1151]},"properties":{"callsign":"LNK111M","hex":"00834c","origin":"South Africa","altitude":12192,"velocity":232.32,"heading":194.1,"onGround":false,"type":"Unknown","desc":"OpenSky cat 0","military":false,"spi":false,"category":0,"source":"opensky"}},{"type":"Feature","geometry":{"type":"Point","coordinates":[28.2457,-26.1726]},"properties":{"callsign":"ATC206","hex":"08006d","origin":"United Republic of Tanzania","altitude":1607.82,"velocity":72.29,"heading":16.11,"onGround":false,"type":"Unknown","desc":"OpenSky cat 0","military":false,"spi":false,"category":0,"source":"opensky"}},{"type":"Feature","geometry":{"type":"Point","coordinates":[28.2458,-26.1721]},"properties":{"callsign":"ZSPIR","hex":"00a88e","origin":"South Africa","altitude":1615.44,"velocity":71.3,"heading":16.34,"onGround":false,"type":"Unknown","desc":"OpenSky cat 0","military":false,"spi":false,"category":0,"source":"opensky"}},{"type":"Feature","geometry":{"type":"Point","coordinates":[29.8499,-24.9145]},"properties":{"callsign":"MWI021","hex":"04005e","origin":"Ethiopia","altitude":10142.22,"velocity":246.84,"heading":47.36,"onGround":false,"type":"Unknown","desc":"OpenSky cat 0","military":false,"spi":false,"category":0,"source":"opensky"}},{"type":"Feature","geometry":{"type":"Point","coordinates":[28.3869,-25.7086]},"properties":{"callsign":"ZUIXU","hex":"00a8af","origin":"South Africa","altitude":1722.12,"velocity":51.65,"heading":95.14,"onGround":false,"type":"Unknown","desc":"OpenSky cat 0","military":false,"spi":false,"category":0,"source":"opensky"}},{"type":"Feature","geometry":{"type":"Point","coordinates":[28.6143,-27.2325]},"properties":{"callsign":"SFR320","hex":"008df3","origin":"South Africa","altitude":10058.4,"velocity":241.07,"heading":150.04,"onGround":false,"type":"Unknown","desc":"OpenSky cat 0","military":false,"spi":false,"category":0,"source":"opensky"}},{"type":"Feature","geometry":{"type":"Point","coordinates":[28.4963,-25.8626]},"properties":{"callsign":"ETH809","hex":"040261","origin":"Ethiopia","altitude":5318.76,"velocity":169.97,"heading":192.94,"onGround":false,"type":"Unknown","desc":"OpenSky cat 0","military":false,"spi":false,"category":0,"source":"opensky"}},{"type":"Feature","geometry":{"type":"Point","coordinates":[28.1655,-25.9252]},"properties":{"callsign":"ZUMTS","hex":"00c8a2","origin":"South Africa","altitude":1844.04,"velocity":43.46,"heading":96.12,"onGround":false,"type":"Unknown","desc":"OpenSky cat 0","military":false,"spi":false,"category":0,"source":"opensky"}},{"type":"Feature","geometry":{"type":"Point","coordinates":[28.0392,-26.2914]},"properties":{"callsign":"SAA035","hex":"009d4a","origin":"South Africa","altitude":3634.74,"velocity":125.48,"heading":200.14,"onGround":false,"type":"Unknown","desc":"OpenSky cat 0","military":false,"spi":false,"category":0,"source":"opensky"}},{"type":"Feature","geometry":{"type":"Point","coordinates":[27.9764,-26.3473]},"properties":{"callsign":"ZSKTH","hex":"009c6e","origin":"South Africa","altitude":6477,"velocity":146.55,"heading":153.52,"onGround":false,"type":"Unknown","desc":"OpenSky cat 0","military":false,"spi":false,"category":0,"source":"opensky"}},{"type":"Feature","geometry":{"type":"Point","coordinates":[27.884,-25.7323]},"properties":{"callsign":"ZSPZB","hex":"00aa38","origin":"South Africa","altitude":3352.8,"velocity":77.62,"heading":19.76,"onGround":false,"type":"Unknown","desc":"OpenSky cat 0","military":false,"spi":false,"category":0,"source":"opensky"}},{"type":"Feature","geometry":{"type":"Point","coordinates":[28.7037,-26.3286]},"properties":{"callsign":"SFR373","hex":"00ad57","origin":"South Africa","altitude":5920.74,"velocity":206.37,"heading":157.27,"onGround":false,"type":"Unknown","desc":"OpenSky cat 0","military":false,"spi":false,"category":0,"source":"opensky"}},{"type":"Feature","geometry":{"type":"Point","coordinates":[27.6129,-23.4994]},"properties":{"callsign":"LNK493H","hex":"00bfc0","origin":"South Africa","altitude":11277.6,"velocity":242.35,"heading":183.89,"onGround":false,"type":"Unknown","desc":"OpenSky cat 0","military":false,"spi":false,"category":0,"source":"opensky"}},{"type":"Feature","geometry":{"type":"Point","coordinates":[28.2594,-26.0632]},"properties":{"callsign":"MAU852","hex":"060040","origin":"Mauritius","altitude":2202.18,"velocity":107.18,"heading":14.17,"onGround":false,"type":"Unknown","desc":"OpenSky cat 0","military":false,"spi":false,"category":0,"source":"opensky"}},{"type":"Feature","geometry":{"type":"Point","coordinates":[27.3452,-26.6675]},"properties":{"callsign":"GBB123J","hex":"008fef","origin":"South Africa","altitude":8282.94,"velocity":214.67,"heading":223.83,"onGround":false,"type":"Unknown","desc":"OpenSky cat 0","military":false,"spi":false,"category":0,"source":"opensky"}},{"type":"Feature","geometry":{"type":"Point","coordinates":[29.7957,-25.2206]},"properties":{"callsign":"LNK873U","hex":"008081","origin":"South Africa","altitude":9448.8,"velocity":235.41,"heading":52.9,"onGround":false,"type":"Unknown","desc":"OpenSky cat 0","military":false,"spi":false,"category":0,"source":"opensky"}},{"type":"Feature","geometry":{"type":"Point","coordinates":[27.9317,-25.7722]},"properties":{"callsign":"ZSDSE","hex":"00adc0","origin":"South Africa","altitude":1645.92,"velocity":44.39,"heading":85.35,"onGround":false,"type":"Unknown","desc":"OpenSky cat 0","military":false,"spi":false,"category":0,"source":"opensky"}},{"type":"Feature","geometry":{"type":"Point","coordinates":[35.4667,29.9171]},"properties":{"callsign":"IAW102","hex":"728667","origin":"Iraq","altitude":11285.22,"velocity":260.46,"heading":34.95,"onGround":false,"type":"Unknown","desc":"OpenSky cat 0","military":false,"spi":false,"category":0,"source":"opensky"}},{"type":"Feature","geometry":{"type":"Point","coordinates":[32.0753,29.6453]},"properties":{"callsign":"VIR355","hex":"406ecd","origin":"United Kingdom","altitude":11582.4,"velocity":244.78,"heading":307.4,"onGround":false,"type":"Heavy","desc":"OpenSky cat 6","military":false,"spi":false,"category":6,"source":"opensky"}},{"type":"Feature","geometry":{"type":"Point","coordinates":[35.1017,29.4443]},"properties":{"callsign":"QTR65R","hex":"06a2b0","origin":"Qatar","altitude":10668,"velocity":275.51,"heading":75.29,"onGround":false,"type":"Unknown","desc":"OpenSky cat 0","military":false,"spi":false,"category":0,"source":"opensky"}},{"type":"Feature","geometry":{"type":"Point","coordinates":[36.0396,29.0752]},"properties":{"callsign":"AEE955","hex":"46b8b6","origin":"Greece","altitude":11574.78,"velocity":216.19,"heading":268.09,"onGround":false,"type":"Unknown","desc":"OpenSky cat 0","military":false,"spi":false,"category":0,"source":"opensky"}},{"type":"Feature","geometry":{"type":"Point","coordinates":[39.0241,29.2982]},"properties":{"callsign":"QTR2R","hex":"06a108","origin":"Qatar","altitude":12496.8,"velocity":261.77,"heading":103.87,"onGround":false,"type":"Unknown","desc":"OpenSky cat 0","military":false,"spi":false,"category":0,"source":"opensky"}},{"type":"Feature","geometry":{"type":"Point","coordinates":[31.5533,29.7757]},"properties":{"callsign":"FAD607","hex":"710dc3","origin":"Saudi Arabia","altitude":1615.44,"velocity":132.95,"heading":289.91,"onGround":false,"type":"Unknown","desc":"OpenSky cat 0","military":false,"spi":false,"category":0,"source":"opensky"}},{"type":"Feature","geometry":{"type":"Point","coordinates":[32.3979,28.8663]},"properties":{"callsign":"890027","hex":"890027","origin":"Yemen","altitude":7299.96,"velocity":239.01,"heading":143.4,"onGround":false,"type":"Unknown","desc":"OpenSky cat 0","military":false,"spi":false,"category":0,"source":"opensky"}},{"type":"Feature","geometry":{"type":"Point","coordinates":[34.8222,29.4467]},"properties":{"callsign":"KAC554","hex":"70605e","origin":"Kuwait","altitude":10058.4,"velocity":269.13,"heading":103.82,"onGround":false,"type":"Unknown","desc":"OpenSky cat 0","military":false,"spi":false,"category":0,"source":"opensky"}},{"type":"Feature","geometry":{"type":"Point","coordinates":[34.8215,29.0256]},"properties":{"callsign":"GFA071","hex":"8940d7","origin":"Bahrain","altitude":11582.4,"velocity":220.16,"heading":277.79,"onGround":false,"type":"Unknown","desc":"OpenSky cat 0","military":false,"spi":false,"category":0,"source":"opensky"}},{"type":"Feature","geometry":{"type":"Point","coordinates":[35.0394,29.4339]},"properties":{"callsign":"NIA105","hex":"0101b2","origin":"Egypt","altitude":9448.8,"velocity":260.41,"heading":81.02,"onGround":false,"type":"Unknown","desc":"OpenSky cat 0","military":false,"spi":false,"category":0,"source":"opensky"}},{"type":"Feature","geometry":{"type":"Point","coordinates":[32.5157,29.7487]},"properties":{"callsign":"MSR905","hex":"0101b9","origin":"Egypt","altitude":6949.44,"velocity":226.04,"heading":98.11,"onGround":false,"type":"Unknown","desc":"OpenSky cat 0","military":false,"spi":false,"category":0,"source":"opensky"}},{"type":"Feature","geometry":{"type":"Point","coordinates":[31.7543,29.8569]},"properties":{"callsign":"BOX715","hex":"3c4596","origin":"Germany","altitude":10363.2,"velocity":253.75,"heading":306.01,"onGround":false,"type":"Unknown","desc":"OpenSky cat 0","military":false,"spi":false,"category":0,"source":"opensky"}},{"type":"Feature","geometry":{"type":"Point","coordinates":[34.2551,29.52]},"properties":{"callsign":"NIA139","hex":"010117","origin":"Egypt","altitude":9502.14,"velocity":245.35,"heading":99.78,"onGround":false,"type":"Unknown","desc":"OpenSky cat 0","military":false,"spi":false,"category":0,"source":"opensky"}},{"type":"Feature","geometry":{"type":"Point","coordinates":[-122.1556,48.1365]},"properties":{"callsign":"ALFT6","hex":"ad438e","origin":"United States","altitude":281.94,"velocity":54.01,"heading":17.74,"onGround":false,"type":"Unknown","desc":"OpenSky cat 0","military":false,"spi":false,"category":0,"source":"opensky"}},{"type":"Feature","geometry":{"type":"Point","coordinates":[-123.3083,49.3008]},"properties":{"callsign":"MAL7051","hex":"c02067","origin":"Canada","altitude":1447.8,"velocity":113.18,"heading":270,"onGround":false,"type":"Unknown","desc":"OpenSky cat 0","military":false,"spi":false,"category":0,"source":"opensky"}},{"type":"Feature","geometry":{"type":"Point","coordinates":[-122.6802,55.3815]},"properties":{"callsign":"UAL494","hex":"a44214","origin":"United States","altitude":11277.6,"velocity":232.47,"heading":134.19,"onGround":false,"type":"Unknown","desc":"OpenSky cat 0","military":false,"spi":false,"category":0,"source":"opensky"}},{"type":"Feature","geometry":{"type":"Point","coordinates":[-120.5807,48.0104]},"properties":{"callsign":"GTI7143","hex":"a4c79b","origin":"United States","altitude":10363.2,"velocity":241.33,"heading":277.59,"onGround":false,"type":"No emitter category","desc":"OpenSky cat 1","military":false,"spi":false,"category":1,"source":"opensky"}},{"type":"Feature","geometry":{"type":"Point","coordinates":[-122.2868,49.1068]},"properties":{"callsign":"DAL2223","hex":"a690a8","origin":"United States","altitude":10066.02,"velocity":229.54,"heading":134.91,"onGround":false,"type":"Unknown","desc":"OpenSky cat 0","military":false,"spi":false,"category":0,"source":"opensky"}},{"type":"Feature","geometry":{"type":"Point","coordinates":[-123.1924,49.2005]},"properties":{"callsign":"SWP96","hex":"c1e666","origin":"Canada","altitude":0,"velocity":0.06,"heading":98.44,"onGround":true,"type":"Unknown","desc":"OpenSky cat 0","military":false,"spi":false,"category":0,"source":"opensky"}},{"type":"Feature","geometry":{"type":"Point","coordinates":[-122.8381,46.7253]},"properties":{"callsign":"UPS984","hex":"a3d568","origin":"United States","altitude":4777.74,"velocity":221.33,"heading":350.23,"onGround":false,"type":"Unknown","desc":"OpenSky cat 0","military":false,"spi":false,"category":0,"source":"opensky"}},{"type":"Feature","geometry":{"type":"Point","coordinates":[-124.0882,46.3605]},"properties":{"callsign":"FDX37","hex":"ac30e9","origin":"United States","altitude":11582.4,"velocity":260.62,"heading":349.42,"onGround":false,"type":"Unknown","desc":"OpenSky cat 0","military":false,"spi":false,"category":0,"source":"opensky"}},{"type":"Feature","geometry":{"type":"Point","coordinates":[-126.0745,51.4112]},"properties":{"callsign":"N395GF","hex":"a495f8","origin":"United States","altitude":8229.6,"velocity":131.71,"heading":147.12,"onGround":false,"type":"Unknown","desc":"OpenSky cat 0","military":false,"spi":false,"category":0,"source":"opensky"}},{"type":"Feature","geometry":{"type":"Point","coordinates":[-121.2576,56.4002]},"properties":{"callsign":"UPS504","hex":"a3f579","origin":"United States","altitude":11582.4,"velocity":230.22,"heading":299.89,"onGround":false,"type":"Heavy","desc":"OpenSky cat 6","military":false,"spi":false,"category":6,"source":"opensky"}},{"type":"Feature","geometry":{"type":"Point","coordinates":[-123.1734,49.1984]},"properties":{"callsign":"ACA127","hex":"c080db","origin":"Canada","altitude":0,"velocity":0,"heading":216.56,"onGround":true,"type":"Unknown","desc":"OpenSky cat 0","military":false,"spi":false,"category":0,"source":"opensky"}},{"type":"Feature","geometry":{"type":"Point","coordinates":[-122.3029,47.5344]},"properties":{"callsign":"UPS990","hex":"a5465d","origin":"United States","altitude":0,"velocity":2.83,"heading":101.25,"onGround":true,"type":"Unknown","desc":"OpenSky cat 0","military":false,"spi":false,"category":0,"source":"opensky"}},{"type":"Feature","geometry":{"type":"Point","coordinates":[-122.2168,47.4886]},"properties":{"callsign":"782458","hex":"782458","origin":"China","altitude":0,"velocity":0,"heading":129.38,"onGround":true,"type":"Unknown","desc":"OpenSky cat 0","military":false,"spi":false,"category":0,"source":"opensky"}},{"type":"Feature","geometry":{"type":"Point","coordinates":[-123.158,49.1821]},"properties":{"callsign":"OPS24","hex":"c1e651","origin":"Canada","altitude":0,"velocity":12.86,"heading":98.44,"onGround":true,"type":"Unknown","desc":"OpenSky cat 0","military":false,"spi":false,"category":0,"source":"opensky"}},{"type":"Feature","geometry":{"type":"Point","coordinates":[-120.1221,45.0258]},"properties":{"callsign":"ASA302","hex":"a2c43e","origin":"United States","altitude":10668,"velocity":211.88,"heading":142.1,"onGround":false,"type":"Unknown","desc":"OpenSky cat 0","military":false,"spi":false,"category":0,"source":"opensky"}},{"type":"Feature","geometry":{"type":"Point","coordinates":[-123.5352,46.1357]},"properties":{"callsign":"N430LF","hex":"a5241e","origin":"United States","altitude":1173.48,"velocity":69.21,"heading":275.12,"onGround":false,"type":"Unknown","desc":"OpenSky cat 0","military":false,"spi":false,"category":0,"source":"opensky"}},{"type":"Feature","geometry":{"type":"Point","coordinates":[-123.4042,49.2156]},"properties":{"callsign":"CJT567","hex":"c0054d","origin":"Canada","altitude":845.82,"velocity":94.4,"heading":121.18,"onGround":false,"type":"No emitter category","desc":"OpenSky cat 1","military":false,"spi":false,"category":1,"source":"opensky"}},{"type":"Feature","geometry":{"type":"Point","coordinates":[-123.3275,48.5584]},"properties":{"callsign":"ASA1439","hex":"a7f286","origin":"United States","altitude":9654.54,"velocity":216.24,"heading":148.92,"onGround":false,"type":"Unknown","desc":"OpenSky cat 0","military":false,"spi":false,"category":0,"source":"opensky"}},{"type":"Feature","geometry":{"type":"Point","coordinates":[-123.3144,45.8731]},"properties":{"callsign":"UPS80","hex":"a8397c","origin":"United States","altitude":11582.4,"velocity":269.65,"heading":340.15,"onGround":false,"type":"Unknown","desc":"OpenSky cat 0","military":false,"spi":false,"category":0,"source":"opensky"}},{"type":"Feature","geometry":{"type":"Point","coordinates":[-133.0307,55.7528]},"properties":{"callsign":"ASA1380","hex":"a59d63","origin":"United States","altitude":10668,"velocity":233.25,"heading":129.27,"onGround":false,"type":"Unknown","desc":"OpenSky cat 0","military":false,"spi":false,"category":0,"source":"opensky"}},{"type":"Feature","geometry":{"type":"Point","coordinates":[-133.0086,55.5523]},"properties":{"callsign":"N557LM","hex":"a71a72","origin":"United States","altitude":7620,"velocity":235.73,"heading":135.53,"onGround":false,"type":"Unknown","desc":"OpenSky cat 0","military":false,"spi":false,"category":0,"source":"opensky"}},{"type":"Feature","geometry":{"type":"Point","coordinates":[-125.5752,49.2776]},"properties":{"callsign":"ASA593","hex":"a4df56","origin":"United States","altitude":10668,"velocity":228.61,"heading":147.31,"onGround":false,"type":"Unknown","desc":"OpenSky cat 0","military":false,"spi":false,"category":0,"source":"opensky"}},{"type":"Feature","geometry":{"type":"Point","coordinates":[-134.487,56.4059]},"properties":{"callsign":"ASA532","hex":"a5fef4","origin":"United States","altitude":10058.4,"velocity":229.94,"heading":128.46,"onGround":false,"type":"Unknown","desc":"OpenSky cat 0","military":false,"spi":false,"category":0,"source":"opensky"}},{"type":"Feature","geometry":{"type":"Point","coordinates":[47.3475,41.2043]},"properties":{"callsign":"AUA16","hex":"44007c","origin":"Austria","altitude":10972.8,"velocity":234.78,"heading":280.99,"onGround":false,"type":"Unknown","desc":"OpenSky cat 0","military":false,"spi":false,"category":0,"source":"opensky"}},{"type":"Feature","geometry":{"type":"Point","coordinates":[45.0137,40.247]},"properties":{"callsign":"TKJ56F","hex":"4bb295","origin":"Turkey","altitude":9448.8,"velocity":243.13,"heading":94.73,"onGround":false,"type":"Unknown","desc":"OpenSky cat 0","military":false,"spi":false,"category":0,"source":"opensky"}},{"type":"Feature","geometry":{"type":"Point","coordinates":[46.7433,40.3277]},"properties":{"callsign":"VSV489","hex":"6832b2","origin":"Kazakhstan","altitude":9753.6,"velocity":226.44,"heading":265.83,"onGround":false,"type":"Unknown","desc":"OpenSky cat 0","military":false,"spi":false,"category":0,"source":"opensky"}},{"type":"Feature","geometry":{"type":"Point","coordinates":[45.8835,40.734]},"properties":{"callsign":"VSV483","hex":"6832b5","origin":"Kazakhstan","altitude":9753.6,"velocity":226.97,"heading":276.9,"onGround":false,"type":"Unknown","desc":"OpenSky cat 0","military":false,"spi":false,"category":0,"source":"opensky"}},{"type":"Feature","geometry":{"type":"Point","coordinates":[48.297,41.0494]},"properties":{"callsign":"THY65","hex":"4bb189","origin":"Turkey","altitude":11582.4,"velocity":228.16,"heading":282.5,"onGround":false,"type":"Unknown","desc":"OpenSky cat 0","military":false,"spi":false,"category":0,"source":"opensky"}},{"type":"Feature","geometry":{"type":"Point","coordinates":[46.6925,41.305]},"properties":{"callsign":"THY6267","hex":"4bb159","origin":"Turkey","altitude":10363.2,"velocity":237.62,"heading":280.6,"onGround":false,"type":"Unknown","desc":"OpenSky cat 0","military":false,"spi":false,"category":0,"source":"opensky"}},{"type":"Feature","geometry":{"type":"Point","coordinates":[46.8009,40.6363]},"properties":{"callsign":"AHY095","hex":"600840","origin":"Azerbaijan","altitude":10363.2,"velocity":208.9,"heading":254.87,"onGround":false,"type":"Unknown","desc":"OpenSky cat 0","military":false,"spi":false,"category":0,"source":"opensky"}},{"type":"Feature","geometry":{"type":"Point","coordinates":[45.1459,40.785]},"properties":{"callsign":"FHY947","hex":"4b990e","origin":"Turkey","altitude":11590.02,"velocity":210.26,"heading":273.37,"onGround":false,"type":"Unknown","desc":"OpenSky cat 0","military":false,"spi":false,"category":0,"source":"opensky"}},{"type":"Feature","geometry":{"type":"Point","coordinates":[48.1382,40.5443]},"properties":{"callsign":"JZR602","hex":"706214","origin":"Kuwait","altitude":9334.5,"velocity":224.63,"heading":276.31,"onGround":false,"type":"Unknown","desc":"OpenSky cat 0","military":false,"spi":false,"category":0,"source":"opensky"}},{"type":"Feature","geometry":{"type":"Point","coordinates":[47.8438,41.1464]},"properties":{"callsign":"AAR541","hex":"71c079","origin":"Republic of Korea","altitude":12192,"velocity":220.89,"heading":267.6,"onGround":false,"type":"Unknown","desc":"OpenSky cat 0","military":false,"spi":false,"category":0,"source":"opensky"}},{"type":"Feature","geometry":{"type":"Point","coordinates":[48.171,41.2144]},"properties":{"callsign":"THY3124","hex":"4ba8da","origin":"Turkey","altitude":11277.6,"velocity":257.88,"heading":54.09,"onGround":false,"type":"Unknown","desc":"OpenSky cat 0","military":false,"spi":false,"category":0,"source":"opensky"}},{"type":"Feature","geometry":{"type":"Point","coordinates":[47.585,41.1717]},"properties":{"callsign":"CAL081","hex":"8990f4","origin":"Taiwan","altitude":12192,"velocity":227.31,"heading":281.49,"onGround":false,"type":"Heavy","desc":"OpenSky cat 6","military":false,"spi":false,"category":6,"source":"opensky"}},{"type":"Feature","geometry":{"type":"Point","coordinates":[45.3677,40.875]},"properties":{"callsign":"DHK593","hex":"407eb5","origin":"United Kingdom","altitude":9753.6,"velocity":244.2,"heading":293.59,"onGround":false,"type":"Unknown","desc":"OpenSky cat 0","military":false,"spi":false,"category":0,"source":"opensky"}},{"type":"Feature","geometry":{"type":"Point","coordinates":[45.629,40.9466]},"properties":{"callsign":"AAR545","hex":"71c254","origin":"Republic of Korea","altitude":10972.8,"velocity":224.21,"heading":279.38,"onGround":false,"type":"Unknown","desc":"OpenSky cat 0","military":false,"spi":false,"category":0,"source":"opensky"}},{"type":"Feature","geometry":{"type":"Point","coordinates":[46.074,41.4437]},"properties":{"callsign":"KAL907","hex":"71c250","origin":"Republic of Korea","altitude":10363.2,"velocity":238.35,"heading":286.17,"onGround":false,"type":"No emitter category","desc":"OpenSky cat 1","military":false,"spi":false,"category":1,"source":"opensky"}},{"type":"Feature","geometry":{"type":"Point","coordinates":[47.2989,40.616]},"properties":{"callsign":"QFA256","hex":"7c8071","origin":"Australia","altitude":11269.98,"velocity":281.28,"heading":93.04,"onGround":false,"type":"Unknown","desc":"OpenSky cat 0","military":false,"spi":false,"category":0,"source":"opensky"}},{"type":"Feature","geometry":{"type":"Point","coordinates":[47.9333,41.1179]},"properties":{"callsign":"KAL917","hex":"71c573","origin":"Republic of Korea","altitude":10972.8,"velocity":235.21,"heading":271.75,"onGround":false,"type":"Unknown","desc":"OpenSky cat 0","military":false,"spi":false,"category":0,"source":"opensky"}},{"type":"Feature","geometry":{"type":"Point","coordinates":[45.6099,41.2225]},"properties":{"callsign":"ESW080","hex":"600bca","origin":"Azerbaijan","altitude":13716,"velocity":269.56,"heading":108.47,"onGround":false,"type":"Unknown","desc":"OpenSky cat 0","military":false,"spi":false,"category":0,"source":"opensky"}},{"type":"Feature","geometry":{"type":"Point","coordinates":[45.039,41.3566]},"properties":{"callsign":"JZR611","hex":"706130","origin":"Kuwait","altitude":3032.76,"velocity":152.25,"heading":51.31,"onGround":false,"type":"Unknown","desc":"OpenSky cat 0","military":false,"spi":false,"category":0,"source":"opensky"}},{"type":"Feature","geometry":{"type":"Point","coordinates":[46.5097,40.9864]},"properties":{"callsign":"GEL1601","hex":"5140e4","origin":"Georgia","altitude":11087.1,"velocity":254.44,"heading":108.14,"onGround":false,"type":"Unknown","desc":"OpenSky cat 0","military":false,"spi":false,"category":0,"source":"opensky"}},{"type":"Feature","geometry":{"type":"Point","coordinates":[46.7579,40.7375]},"properties":{"callsign":"AFR181","hex":"39c426","origin":"France","altitude":10965.18,"velocity":234.51,"heading":273.52,"onGround":false,"type":"Unknown","desc":"OpenSky cat 0","military":false,"spi":false,"category":0,"source":"opensky"}},{"type":"Feature","geometry":{"type":"Point","coordinates":[-78.3604,48.1606]},"properties":{"callsign":"HYD144","hex":"c058d4","origin":"Canada","altitude":2613.66,"velocity":151.25,"heading":323.71,"onGround":false,"type":"Unknown","desc":"OpenSky cat 0","military":false,"spi":false,"category":0,"source":"opensky"}},{"type":"Feature","geometry":{"type":"Point","coordinates":[-79.284,48.4693]},"properties":{"callsign":"UAE221","hex":"896177","origin":"United Arab Emirates","altitude":11582.4,"velocity":226.28,"heading":225.74,"onGround":false,"type":"Unknown","desc":"OpenSky cat 0","military":false,"spi":false,"category":0,"source":"opensky"}},{"type":"Feature","geometry":{"type":"Point","coordinates":[-76.2372,45.0976]},"properties":{"callsign":"WJA859","hex":"c07ee4","origin":"Canada","altitude":10972.8,"velocity":214.72,"heading":244.91,"onGround":false,"type":"Unknown","desc":"OpenSky cat 0","military":false,"spi":false,"category":0,"source":"opensky"}},{"type":"Feature","geometry":{"type":"Point","coordinates":[-75.9715,45.877]},"properties":{"callsign":"WJA613","hex":"c07eda","origin":"Canada","altitude":7147.56,"velocity":199.09,"heading":325,"onGround":false,"type":"Unknown","desc":"OpenSky cat 0","military":false,"spi":false,"category":0,"source":"opensky"}},{"type":"Feature","geometry":{"type":"Point","coordinates":[-76.5349,46.3542]},"properties":{"callsign":"ACA343","hex":"c010f6","origin":"Canada","altitude":6522.72,"velocity":205.91,"heading":319.86,"onGround":false,"type":"Unknown","desc":"OpenSky cat 0","military":false,"spi":false,"category":0,"source":"opensky"}},{"type":"Feature","geometry":{"type":"Point","coordinates":[-82.1758,45.671]},"properties":{"callsign":"FLE602","hex":"c00da8","origin":"Canada","altitude":11277.6,"velocity":267.94,"heading":126.25,"onGround":false,"type":"Unknown","desc":"OpenSky cat 0","military":false,"spi":false,"category":0,"source":"opensky"}},{"type":"Feature","geometry":{"type":"Point","coordinates":[-78.7275,48.0454]},"properties":{"callsign":"PRO4800","hex":"c0551d","origin":"Canada","altitude":2446.02,"velocity":93.36,"heading":128.51,"onGround":false,"type":"Unknown","desc":"OpenSky cat 0","military":false,"spi":false,"category":0,"source":"opensky"}},{"type":"Feature","geometry":{"type":"Point","coordinates":[-76.0135,47.14]},"properties":{"callsign":"NRL950","hex":"c0681b","origin":"Canada","altitude":9144,"velocity":203.48,"heading":302.93,"onGround":false,"type":"Unknown","desc":"OpenSky cat 0","military":false,"spi":false,"category":0,"source":"opensky"}},{"type":"Feature","geometry":{"type":"Point","coordinates":[-76.8161,45.0783]},"properties":{"callsign":"WJA893","hex":"c041b9","origin":"Canada","altitude":9136.38,"velocity":191.03,"heading":246.68,"onGround":false,"type":"Unknown","desc":"OpenSky cat 0","military":false,"spi":false,"category":0,"source":"opensky"}},{"type":"Feature","geometry":{"type":"Point","coordinates":[-75.2093,45.6488]},"properties":{"callsign":"CFELN","hex":"c00bbc","origin":"Canada","altitude":1188.72,"velocity":58.1,"heading":253.01,"onGround":false,"type":"Unknown","desc":"OpenSky cat 0","military":false,"spi":false,"category":0,"source":"opensky"}},{"type":"Feature","geometry":{"type":"Point","coordinates":[-76.554,45.2813]},"properties":{"callsign":"POE188","hex":"c060c4","origin":"Canada","altitude":11582.4,"velocity":215.36,"heading":240.68,"onGround":false,"type":"Unknown","desc":"OpenSky cat 0","military":false,"spi":false,"category":0,"source":"opensky"}},{"type":"Feature","geometry":{"type":"Point","coordinates":[-82.5347,45.8541]},"properties":{"callsign":"FLE636","hex":"c01f1e","origin":"Canada","altitude":11277.6,"velocity":273.31,"heading":125.96,"onGround":false,"type":"Unknown","desc":"OpenSky cat 0","military":false,"spi":false,"category":0,"source":"opensky"}},{"type":"Feature","geometry":{"type":"Point","coordinates":[-75.6946,45.3028]},"properties":{"callsign":"POE296","hex":"c0617a","origin":"Canada","altitude":228.6,"velocity":65.66,"heading":57.8,"onGround":false,"type":"Unknown","desc":"OpenSky cat 0","military":false,"spi":false,"category":0,"source":"opensky"}},{"type":"Feature","geometry":{"type":"Point","coordinates":[-75.8741,45.3604]},"properties":{"callsign":"POE150","hex":"c0616c","origin":"Canada","altitude":4815.84,"velocity":169.02,"heading":247.26,"onGround":false,"type":"Unknown","desc":"OpenSky cat 0","military":false,"spi":false,"category":0,"source":"opensky"}},{"type":"Feature","geometry":{"type":"Point","coordinates":[-75.7391,45.0431]},"properties":{"callsign":"PTR2452","hex":"c0635e","origin":"Canada","altitude":6705.6,"velocity":161.01,"heading":231.23,"onGround":false,"type":"Unknown","desc":"OpenSky cat 0","military":false,"spi":false,"category":0,"source":"opensky"}},{"type":"Feature","geometry":{"type":"Point","coordinates":[-82.0176,45.4849]},"properties":{"callsign":"ACA256","hex":"c0193b","origin":"Canada","altitude":10660.38,"velocity":281.71,"heading":126.54,"onGround":false,"type":"Unknown","desc":"OpenSky cat 0","military":false,"spi":false,"category":0,"source":"opensky"}},{"type":"Feature","geometry":{"type":"Point","coordinates":[-66.2504,16.952]},"properties":{"callsign":"AJT821","hex":"a49951","origin":"United States","altitude":10668,"velocity":245.27,"heading":133.47,"onGround":false,"type":"No emitter category","desc":"OpenSky cat 1","military":false,"spi":false,"category":1,"source":"opensky"}},{"type":"Feature","geometry":{"type":"Point","coordinates":[-66.5073,18.9569]},"properties":{"callsign":"DAL1763","hex":"ab5c69","origin":"United States","altitude":5318.76,"velocity":205.2,"heading":316.02,"onGround":false,"type":"Unknown","desc":"OpenSky cat 0","military":false,"spi":false,"category":0,"source":"opensky"}},{"type":"Feature","geometry":{"type":"Point","coordinates":[-71.268,20.2726]},"properties":{"callsign":"JBU1248","hex":"a8bc71","origin":"United States","altitude":10972.8,"velocity":233.25,"heading":320.73,"onGround":false,"type":"Unknown","desc":"OpenSky cat 0","military":false,"spi":false,"category":0,"source":"opensky"}},{"type":"Feature","geometry":{"type":"Point","coordinates":[-66.157,18.4725]},"properties":{"callsign":"N27PY","hex":"a2a57f","origin":"United States","altitude":297.18,"velocity":85.62,"heading":274.13,"onGround":false,"type":"Unknown","desc":"OpenSky cat 0","military":false,"spi":false,"category":0,"source":"opensky"}},{"type":"Feature","geometry":{"type":"Point","coordinates":[-66.0521,18.5736]},"properties":{"callsign":"AAL3157","hex":"aced24","origin":"United States","altitude":1584.96,"velocity":146.88,"heading":311.45,"onGround":false,"type":"Unknown","desc":"OpenSky cat 0","military":false,"spi":false,"category":0,"source":"opensky"}},{"type":"Feature","geometry":{"type":"Point","coordinates":[-66.0143,18.436]},"properties":{"callsign":"ade252","hex":"ade252","origin":"United States","altitude":0,"velocity":5.4,"heading":0,"onGround":true,"type":"Large","desc":"OpenSky cat 4","military":false,"spi":false,"category":4,"source":"opensky"}},{"type":"Feature","geometry":{"type":"Point","coordinates":[-67.1164,19.4554]},"properties":{"callsign":"UPS7929","hex":"a46fad","origin":"United States","altitude":8473.44,"velocity":243.58,"heading":309.95,"onGround":false,"type":"Unknown","desc":"OpenSky cat 0","military":false,"spi":false,"category":0,"source":"opensky"}},{"type":"Feature","geometry":{"type":"Point","coordinates":[-67.1571,19.4618]},"properties":{"callsign":"JBU1754","hex":"a7faad","origin":"United States","altitude":8625.84,"velocity":238.44,"heading":310.01,"onGround":false,"type":"Unknown","desc":"OpenSky cat 0","military":false,"spi":false,"category":0,"source":"opensky"}},{"type":"Feature","geometry":{"type":"Point","coordinates":[-65.9742,18.4774]},"properties":{"callsign":"UAL1644","hex":"a75fbf","origin":"United States","altitude":426.72,"velocity":113.82,"heading":336.56,"onGround":false,"type":"Unknown","desc":"OpenSky cat 0","military":false,"spi":false,"category":0,"source":"opensky"}},{"type":"Feature","geometry":{"type":"Point","coordinates":[-65.7864,18.4401]},"properties":{"callsign":"KAP333","hex":"a43050","origin":"United States","altitude":1127.76,"velocity":63.27,"heading":100.3,"onGround":false,"type":"Unknown","desc":"OpenSky cat 0","military":false,"spi":false,"category":0,"source":"opensky"}},{"type":"Feature","geometry":{"type":"Point","coordinates":[-66.8384,19.2404]},"properties":{"callsign":"FFT1015","hex":"a7f302","origin":"United States","altitude":5631.18,"velocity":236.14,"heading":309.34,"onGround":false,"type":"Unknown","desc":"OpenSky cat 0","military":false,"spi":false,"category":0,"source":"opensky"}},{"type":"Feature","geometry":{"type":"Point","coordinates":[-65.6252,18.3392]},"properties":{"callsign":"N485BC","hex":"a5fb48","origin":"United States","altitude":586.74,"velocity":61.36,"heading":124.76,"onGround":false,"type":"Unknown","desc":"OpenSky cat 0","military":false,"spi":false,"category":0,"source":"opensky"}},{"type":"Feature","geometry":{"type":"Point","coordinates":[-67.1754,19.5004]},"properties":{"callsign":"JBU452","hex":"a825e3","origin":"United States","altitude":8907.78,"velocity":237.34,"heading":309.11,"onGround":false,"type":"Unknown","desc":"OpenSky cat 0","military":false,"spi":false,"category":0,"source":"opensky"}},{"type":"Feature","geometry":{"type":"Point","coordinates":[-15.3537,29.2886]},"properties":{"callsign":"ARG1135","hex":"e072cf","origin":"Argentina","altitude":10668,"velocity":256.07,"heading":206.1,"onGround":false,"type":"Unknown","desc":"OpenSky cat 0","military":false,"spi":false,"category":0,"source":"opensky"}},{"type":"Feature","geometry":{"type":"Point","coordinates":[-16.3126,28.9836]},"properties":{"callsign":"IBB42TR","hex":"34558d","origin":"Spain","altitude":3726.18,"velocity":153.37,"heading":175,"onGround":false,"type":"Unknown","desc":"OpenSky cat 0","military":false,"spi":false,"category":0,"source":"opensky"}},{"type":"Feature","geometry":{"type":"Point","coordinates":[-16.3925,28.5003]},"properties":{"callsign":"RSC13EW","hex":"3452ca","origin":"Spain","altitude":868.68,"velocity":94.54,"heading":289.72,"onGround":false,"type":"Unknown","desc":"OpenSky cat 0","military":false,"spi":false,"category":0,"source":"opensky"}},{"type":"Feature","geometry":{"type":"Point","coordinates":[-15.3495,28.0071]},"properties":{"callsign":"RSC4SR","hex":"345389","origin":"Spain","altitude":815.34,"velocity":84.98,"heading":49.17,"onGround":false,"type":"Unknown","desc":"OpenSky cat 0","military":false,"spi":false,"category":0,"source":"opensky"}},{"type":"Feature","geometry":{"type":"Point","coordinates":[-15.8054,29.32]},"properties":{"callsign":"EZY9936","hex":"406673","origin":"United Kingdom","altitude":7696.2,"velocity":234.3,"heading":12.3,"onGround":false,"type":"Unknown","desc":"OpenSky cat 0","military":false,"spi":false,"category":0,"source":"opensky"}},{"type":"Feature","geometry":{"type":"Point","coordinates":[-15.7025,28.2391]},"properties":{"callsign":"CNF212","hex":"3450ca","origin":"Spain","altitude":3048,"velocity":93.26,"heading":301.23,"onGround":false,"type":"Unknown","desc":"OpenSky cat 0","military":false,"spi":false,"category":0,"source":"opensky"}},{"type":"Feature","geometry":{"type":"Point","coordinates":[-16.3038,28.3505]},"properties":{"callsign":"CNA4A","hex":"347495","origin":"Spain","altitude":975.36,"velocity":57.65,"heading":147.02,"onGround":false,"type":"Unknown","desc":"OpenSky cat 0","military":false,"spi":false,"category":0,"source":"opensky"}},{"type":"Feature","geometry":{"type":"Point","coordinates":[-15.965,28.374]},"properties":{"callsign":"IBB81HM","hex":"346345","origin":"Spain","altitude":2011.68,"velocity":126.17,"heading":282.96,"onGround":false,"type":"Unknown","desc":"OpenSky cat 0","military":false,"spi":false,"category":0,"source":"opensky"}},{"type":"Feature","geometry":{"type":"Point","coordinates":[-16.2987,28.2107]},"properties":{"callsign":"RYR31GQ","hex":"4d2501","origin":"Malta","altitude":2804.16,"velocity":151.05,"heading":12.19,"onGround":false,"type":"Unknown","desc":"OpenSky cat 0","military":false,"spi":false,"category":0,"source":"opensky"}},{"type":"Feature","geometry":{"type":"Point","coordinates":[-17.7068,28.5607]},"properties":{"callsign":"RSC9XM","hex":"346095","origin":"Spain","altitude":548.64,"velocity":93.4,"heading":289.63,"onGround":false,"type":"Small","desc":"OpenSky cat 3","military":false,"spi":false,"category":3,"source":"opensky"}},{"type":"Feature","geometry":{"type":"Point","coordinates":[-16.1137,28.1109]},"properties":{"callsign":"TOM6CN","hex":"40753d","origin":"United Kingdom","altitude":3253.74,"velocity":184.69,"heading":90.48,"onGround":false,"type":"Unknown","desc":"OpenSky cat 0","military":false,"spi":false,"category":0,"source":"opensky"}},{"type":"Feature","geometry":{"type":"Point","coordinates":[-16.2905,28.427]},"properties":{"callsign":"NAY64DY","hex":"346056","origin":"Spain","altitude":1051.56,"velocity":86.31,"heading":118.09,"onGround":false,"type":"Unknown","desc":"OpenSky cat 0","military":false,"spi":false,"category":0,"source":"opensky"}},{"type":"Feature","geometry":{"type":"Point","coordinates":[150.9029,-33.9513]},"properties":{"callsign":"RSCU201","hex":"7c6178","origin":"Australia","altitude":411.48,"velocity":74.27,"heading":74.33,"onGround":false,"type":"Rotorcraft","desc":"OpenSky cat 8","military":false,"spi":false,"category":8,"source":"opensky"}},{"type":"Feature","geometry":{"type":"Point","coordinates":[151.9092,-33.9102]},"properties":{"callsign":"RSCU202","hex":"7c6179","origin":"Australia","altitude":99.06,"velocity":76.02,"heading":84.17,"onGround":false,"type":"Unknown","desc":"OpenSky cat 0","military":false,"spi":false,"category":0,"source":"opensky"}},{"type":"Feature","geometry":{"type":"Point","coordinates":[150.7083,-33.8859]},"properties":{"callsign":"QFA7354","hex":"7c7544","origin":"Australia","altitude":0,"velocity":30.35,"heading":239.06,"onGround":true,"type":"Unknown","desc":"OpenSky cat 0","military":false,"spi":false,"category":0,"source":"opensky"}},{"type":"Feature","geometry":{"type":"Point","coordinates":[151.1729,-33.9433]},"properties":{"callsign":"THY175","hex":"4bb0e1","origin":"Turkey","altitude":0,"velocity":3.34,"heading":75.94,"onGround":true,"type":"Unknown","desc":"OpenSky cat 0","military":false,"spi":false,"category":0,"source":"opensky"}},{"type":"Feature","geometry":{"type":"Point","coordinates":[150.8101,-34.0327]},"properties":{"callsign":"JUST","hex":"7cfaa2","origin":"Australia","altitude":190.5,"velocity":46.23,"heading":34.57,"onGround":false,"type":"Unknown","desc":"OpenSky cat 0","military":false,"spi":false,"category":0,"source":"opensky"}},{"type":"Feature","geometry":{"type":"Point","coordinates":[150.3378,-33.3284]},"properties":{"callsign":"UAE5CL","hex":"89647f","origin":"United Arab Emirates","altitude":5501.64,"velocity":202.63,"heading":314.49,"onGround":false,"type":"Unknown","desc":"OpenSky cat 0","military":false,"spi":false,"category":0,"source":"opensky"}},{"type":"Feature","geometry":{"type":"Point","coordinates":[151.1656,-33.9413]},"properties":{"callsign":"ETD455","hex":"89659b","origin":"United Arab Emirates","altitude":0,"velocity":4.63,"heading":163.12,"onGround":true,"type":"Unknown","desc":"OpenSky cat 0","military":false,"spi":false,"category":0,"source":"opensky"}},{"type":"Feature","geometry":{"type":"Point","coordinates":[151.2061,-34.0623]},"properties":{"callsign":"UAE414","hex":"89655b","origin":"United Arab Emirates","altitude":556.26,"velocity":65.9,"heading":347.37,"onGround":false,"type":"Unknown","desc":"OpenSky cat 0","military":false,"spi":false,"category":0,"source":"opensky"}},{"type":"Feature","geometry":{"type":"Point","coordinates":[151.392,-33.5881]},"properties":{"callsign":"QFA25","hex":"7c5325","origin":"Australia","altitude":4457.7,"velocity":204.34,"heading":49.49,"onGround":false,"type":"Unknown","desc":"OpenSky cat 0","military":false,"spi":false,"category":0,"source":"opensky"}},{"type":"Feature","geometry":{"type":"Point","coordinates":[151.1751,-33.9285]},"properties":{"callsign":"7cf490","hex":"7cf490","origin":"Australia","altitude":0,"velocity":4.63,"heading":33.75,"onGround":true,"type":"Unknown","desc":"OpenSky cat 0","military":false,"spi":false,"category":0,"source":"opensky"}},{"type":"Feature","geometry":{"type":"Point","coordinates":[151.1684,-33.9306]},"properties":{"callsign":"CAR61","hex":"7cf43d","origin":"Australia","altitude":0,"velocity":9.26,"heading":165.94,"onGround":true,"type":"Unknown","desc":"OpenSky cat 0","military":false,"spi":false,"category":0,"source":"opensky"}},{"type":"Feature","geometry":{"type":"Point","coordinates":[151.1645,-33.941]},"properties":{"callsign":"RED O","hex":"7cf4cf","origin":"Australia","altitude":0,"velocity":5.4,"heading":253.12,"onGround":true,"type":"Unknown","desc":"OpenSky cat 0","military":false,"spi":false,"category":0,"source":"opensky"}},{"type":"Feature","geometry":{"type":"Point","coordinates":[151.1684,-33.9306]},"properties":{"callsign":"CAR19","hex":"7cf4e3","origin":"Australia","altitude":0,"velocity":7.72,"heading":165.94,"onGround":true,"type":"Unknown","desc":"OpenSky cat 0","military":false,"spi":false,"category":0,"source":"opensky"}},{"type":"Feature","geometry":{"type":"Point","coordinates":[151.1731,-33.9341]},"properties":{"callsign":"TFX21","hex":"c82aff","origin":"New Zealand","altitude":0,"velocity":7.46,"heading":258.75,"onGround":true,"type":"Unknown","desc":"OpenSky cat 0","military":false,"spi":false,"category":0,"source":"opensky"}},{"type":"Feature","geometry":{"type":"Point","coordinates":[151.1549,-33.891]},"properties":{"callsign":"QTR27R","hex":"06a071","origin":"Qatar","altitude":670.56,"velocity":98.15,"heading":319.46,"onGround":false,"type":"No emitter category","desc":"OpenSky cat 1","military":false,"spi":false,"category":1,"source":"opensky"}},{"type":"Feature","geometry":{"type":"Point","coordinates":[152.8918,-31.3221]},"properties":{"callsign":"7c801e","hex":"7c801e","origin":"Australia","altitude":1264.92,"velocity":101.7,"heading":11.08,"onGround":false,"type":"Unknown","desc":"OpenSky cat 0","military":false,"spi":false,"category":0,"source":"opensky"}},{"type":"Feature","geometry":{"type":"Point","coordinates":[155.7648,-32.4637]},"properties":{"callsign":"FJI915","hex":"c88099","origin":"Fiji","altitude":10972.8,"velocity":192.77,"heading":240.77,"onGround":false,"type":"Unknown","desc":"OpenSky cat 0","military":false,"spi":false,"category":0,"source":"opensky"}},{"type":"Feature","geometry":{"type":"Point","coordinates":[151.7988,-34.0074]},"properties":{"callsign":"ANZ109","hex":"c82b16","origin":"New Zealand","altitude":3512.82,"velocity":160.16,"heading":277.01,"onGround":false,"type":"Unknown","desc":"OpenSky cat 0","military":false,"spi":false,"category":0,"source":"opensky"}},{"type":"Feature","geometry":{"type":"Point","coordinates":[151.5644,-32.8591]},"properties":{"callsign":"WP3","hex":"7c81ce","origin":"Australia","altitude":1059.18,"velocity":72.23,"heading":161.31,"onGround":false,"type":"Unknown","desc":"OpenSky cat 0","military":false,"spi":false,"category":0,"source":"opensky"}},{"type":"Feature","geometry":{"type":"Point","coordinates":[151.1408,-32.0562]},"properties":{"callsign":"WP1","hex":"7c81cc","origin":"Australia","altitude":2346.96,"velocity":68.9,"heading":344.41,"onGround":false,"type":"Unknown","desc":"OpenSky cat 0","military":false,"spi":false,"category":0,"source":"opensky"}},{"type":"Feature","geometry":{"type":"Point","coordinates":[150.9904,-33.7717]},"properties":{"callsign":"ANA880","hex":"873028","origin":"Japan","altitude":2476.5,"velocity":145.79,"heading":22.4,"onGround":false,"type":"Unknown","desc":"OpenSky cat 0","military":false,"spi":false,"category":0,"source":"opensky"}},{"type":"Feature","geometry":{"type":"Point","coordinates":[151.1749,-33.9276]},"properties":{"callsign":"TMN1","hex":"7c1acf","origin":"Australia","altitude":-38.1,"velocity":0,"heading":0,"onGround":false,"type":"Unknown","desc":"OpenSky cat 0","military":false,"spi":false,"category":0,"source":"opensky"}},{"type":"Feature","geometry":{"type":"Point","coordinates":[151.1743,-33.9475]},"properties":{"callsign":"QTR8578","hex":"06a0de","origin":"Qatar","altitude":0,"velocity":10.8,"heading":168.75,"onGround":true,"type":"Unknown","desc":"OpenSky cat 0","military":false,"spi":false,"category":0,"source":"opensky"}},{"type":"Feature","geometry":{"type":"Point","coordinates":[-13.2693,29.2285]},"properties":{"callsign":"EJU1865","hex":"440031","origin":"Austria","altitude":3802.38,"velocity":146.62,"heading":208.27,"onGround":false,"type":"Unknown","desc":"OpenSky cat 0","military":false,"spi":false,"category":0,"source":"opensky"}},{"type":"Feature","geometry":{"type":"Point","coordinates":[-14.6247,28.8641]},"properties":{"callsign":"CNF546L","hex":"345592","origin":"Spain","altitude":3863.34,"velocity":151.48,"heading":97.41,"onGround":false,"type":"Unknown","desc":"OpenSky cat 0","military":false,"spi":false,"category":0,"source":"opensky"}},{"type":"Feature","geometry":{"type":"Point","coordinates":[-13.8668,28.3561]},"properties":{"callsign":"CNF805F","hex":"34565a","origin":"Spain","altitude":464.82,"velocity":72.11,"heading":2.86,"onGround":false,"type":"Unknown","desc":"OpenSky cat 0","military":false,"spi":false,"category":0,"source":"opensky"}},{"type":"Feature","geometry":{"type":"Point","coordinates":[-13.1684,29.3638]},"properties":{"callsign":"VLG862K","hex":"344099","origin":"Spain","altitude":8549.64,"velocity":205.75,"heading":210.67,"onGround":false,"type":"Unknown","desc":"OpenSky cat 0","military":false,"spi":false,"category":0,"source":"opensky"}},{"type":"Feature","geometry":{"type":"Point","coordinates":[-13.6435,28.8793]},"properties":{"callsign":"RSC86MY","hex":"34634c","origin":"Spain","altitude":358.14,"velocity":69.25,"heading":26.95,"onGround":false,"type":"Unknown","desc":"OpenSky cat 0","military":false,"spi":false,"category":0,"source":"opensky"}},{"type":"Feature","geometry":{"type":"Point","coordinates":[-13.1842,29.344]},"properties":{"callsign":"EZY48NF","hex":"407f65","origin":"United Kingdom","altitude":8679.18,"velocity":212.74,"heading":210.04,"onGround":false,"type":"Unknown","desc":"OpenSky cat 0","military":false,"spi":false,"category":0,"source":"opensky"}},{"type":"Feature","geometry":{"type":"Point","coordinates":[-14.9542,28.0265]},"properties":{"callsign":"CNF728","hex":"34744e","origin":"Spain","altitude":3482.34,"velocity":125.72,"heading":235.33,"onGround":false,"type":"Unknown","desc":"OpenSky cat 0","military":false,"spi":false,"category":0,"source":"opensky"}},{"type":"Feature","geometry":{"type":"Point","coordinates":[-13.517,29.825]},"properties":{"callsign":"EZY91YL","hex":"4074b5","origin":"United Kingdom","altitude":7208.52,"velocity":205.22,"heading":356.12,"onGround":false,"type":"Unknown","desc":"OpenSky cat 0","military":false,"spi":false,"category":0,"source":"opensky"}},{"type":"Feature","geometry":{"type":"Point","coordinates":[-13.6735,28.8275]},"properties":{"callsign":"RSC143R","hex":"346297","origin":"Spain","altitude":701.04,"velocity":97.78,"heading":27.24,"onGround":false,"type":"Unknown","desc":"OpenSky cat 0","military":false,"spi":false,"category":0,"source":"opensky"}},{"type":"Feature","geometry":{"type":"Point","coordinates":[-13.8671,28.3486]},"properties":{"callsign":"NAY53VL","hex":"347282","origin":"Spain","altitude":525.78,"velocity":78.75,"heading":1.87,"onGround":false,"type":"Unknown","desc":"OpenSky cat 0","military":false,"spi":false,"category":0,"source":"opensky"}},{"type":"Feature","geometry":{"type":"Point","coordinates":[-14.004,28.754]},"properties":{"callsign":"NAY92KE","hex":"34731a","origin":"Spain","altitude":2987.04,"velocity":92.82,"heading":227.02,"onGround":false,"type":"Unknown","desc":"OpenSky cat 0","military":false,"spi":false,"category":0,"source":"opensky"}},{"type":"Feature","geometry":{"type":"Point","coordinates":[-14.8242,28.9612]},"properties":{"callsign":"EXS5CF","hex":"4070e4","origin":"United Kingdom","altitude":10721.34,"velocity":222.19,"heading":34.72,"onGround":false,"type":"Unknown","desc":"OpenSky cat 0","military":false,"spi":false,"category":0,"source":"opensky"}},{"type":"Feature","geometry":{"type":"Point","coordinates":[121.3028,14.6656]},"properties":{"callsign":"GES641R","hex":"345558","origin":"Spain","altitude":1729.74,"velocity":81.1,"heading":240.35,"onGround":false,"type":"Unknown","desc":"OpenSky cat 0","military":false,"spi":false,"category":0,"source":"opensky"}},{"type":"Feature","geometry":{"type":"Point","coordinates":[121.0281,14.515]},"properties":{"callsign":"ETD441","hex":"89653b","origin":"United Arab Emirates","altitude":0,"velocity":0.77,"heading":61.88,"onGround":true,"type":"Unknown","desc":"OpenSky cat 0","military":false,"spi":false,"category":0,"source":"opensky"}},{"type":"Feature","geometry":{"type":"Point","coordinates":[121.0037,14.5037]},"properties":{"callsign":"PAL684","hex":"758308","origin":"Philippines","altitude":0,"velocity":0.77,"heading":33.75,"onGround":true,"type":"Unknown","desc":"OpenSky cat 0","military":false,"spi":false,"category":0,"source":"opensky"}},{"type":"Feature","geometry":{"type":"Point","coordinates":[121.0154,14.5102]},"properties":{"callsign":"GAP2778","hex":"7583fa","origin":"Philippines","altitude":0,"velocity":5.14,"heading":315,"onGround":true,"type":"Unknown","desc":"OpenSky cat 0","military":false,"spi":false,"category":0,"source":"opensky"}},{"type":"Feature","geometry":{"type":"Point","coordinates":[120.9601,14.2085]},"properties":{"callsign":"GAP2145","hex":"7583a9","origin":"Philippines","altitude":3246.12,"velocity":156.59,"heading":174.53,"onGround":false,"type":"Unknown","desc":"OpenSky cat 0","military":false,"spi":false,"category":0,"source":"opensky"}},{"type":"Feature","geometry":{"type":"Point","coordinates":[120.989,14.9292]},"properties":{"callsign":"PAL411","hex":"7583a7","origin":"Philippines","altitude":2971.8,"velocity":135.83,"heading":349.97,"onGround":false,"type":"Unknown","desc":"OpenSky cat 0","military":false,"spi":false,"category":0,"source":"opensky"}},{"type":"Feature","geometry":{"type":"Point","coordinates":[121.1007,14.5068]},"properties":{"callsign":"CEB1085","hex":"7583a4","origin":"Philippines","altitude":6019.8,"velocity":204.62,"heading":132.55,"onGround":false,"type":"Unknown","desc":"OpenSky cat 0","military":false,"spi":false,"category":0,"source":"opensky"}},{"type":"Feature","geometry":{"type":"Point","coordinates":[121.286,13.9825]},"properties":{"callsign":"APG6312","hex":"758560","origin":"Philippines","altitude":4572,"velocity":143.71,"heading":357.13,"onGround":false,"type":"Unknown","desc":"OpenSky cat 0","military":false,"spi":false,"category":0,"source":"opensky"}},{"type":"Feature","geometry":{"type":"Point","coordinates":[121.344,14.3913]},"properties":{"callsign":"APG698","hex":"758539","origin":"Philippines","altitude":3078.48,"velocity":111.08,"heading":317.82,"onGround":false,"type":"Unknown","desc":"OpenSky cat 0","military":false,"spi":false,"category":0,"source":"opensky"}},{"type":"Feature","geometry":{"type":"Point","coordinates":[121.5052,14.389]},"properties":{"callsign":"APG6326","hex":"758550","origin":"Philippines","altitude":3383.28,"velocity":94.35,"heading":232.76,"onGround":false,"type":"Unknown","desc":"OpenSky cat 0","military":false,"spi":false,"category":0,"source":"opensky"}},{"type":"Feature","geometry":{"type":"Point","coordinates":[121.1913,14.6039]},"properties":{"callsign":"APG782","hex":"7585a2","origin":"Philippines","altitude":1089.66,"velocity":75.81,"heading":240.3,"onGround":false,"type":"Unknown","desc":"OpenSky cat 0","military":false,"spi":false,"category":0,"source":"opensky"}},{"type":"Feature","geometry":{"type":"Point","coordinates":[120.9067,14.4419]},"properties":{"callsign":"CEB2269","hex":"7585a1","origin":"Philippines","altitude":1333.5,"velocity":123.99,"heading":213.49,"onGround":false,"type":"Unknown","desc":"OpenSky cat 0","military":false,"spi":false,"category":0,"source":"opensky"}},{"type":"Feature","geometry":{"type":"Point","coordinates":[121.0118,14.5162]},"properties":{"callsign":"CEB628","hex":"75874b","origin":"Philippines","altitude":0,"velocity":14.4,"heading":315,"onGround":true,"type":"Unknown","desc":"OpenSky cat 0","military":false,"spi":false,"category":0,"source":"opensky"}},{"type":"Feature","geometry":{"type":"Point","coordinates":[121.4086,14.7244]},"properties":{"callsign":"CEB478","hex":"758770","origin":"Philippines","altitude":2232.66,"velocity":83.21,"heading":239.95,"onGround":false,"type":"Unknown","desc":"OpenSky cat 0","military":false,"spi":false,"category":0,"source":"opensky"}},{"type":"Feature","geometry":{"type":"Point","coordinates":[121.3786,12.4452]},"properties":{"callsign":"CEB629","hex":"75870e","origin":"Philippines","altitude":10660.38,"velocity":224.81,"heading":157.25,"onGround":false,"type":"Unknown","desc":"OpenSky cat 0","military":false,"spi":false,"category":0,"source":"opensky"}},{"type":"Feature","geometry":{"type":"Point","coordinates":[121.0165,14.5103]},"properties":{"callsign":"KLM807","hex":"484371","origin":"Kingdom of the Netherlands","altitude":0,"velocity":7.72,"heading":315,"onGround":true,"type":"Unknown","desc":"OpenSky cat 0","military":false,"spi":false,"category":0,"source":"opensky"}},{"type":"Feature","geometry":{"type":"Point","coordinates":[121.3061,14.1892]},"properties":{"callsign":"CEB586","hex":"758827","origin":"Philippines","altitude":4091.94,"velocity":146.99,"heading":9.26,"onGround":false,"type":"Unknown","desc":"OpenSky cat 0","military":false,"spi":false,"category":0,"source":"opensky"}},{"type":"Feature","geometry":{"type":"Point","coordinates":[121.0271,14.5128]},"properties":{"callsign":"CEB970","hex":"7587fb","origin":"Philippines","altitude":53.34,"velocity":71.21,"heading":240.1,"onGround":false,"type":"Unknown","desc":"OpenSky cat 0","military":false,"spi":false,"category":0,"source":"opensky"}},{"type":"Feature","geometry":{"type":"Point","coordinates":[121.4557,14.5899]},"properties":{"callsign":"GAP2136","hex":"7580a0","origin":"Philippines","altitude":2781.3,"velocity":142.51,"heading":61.31,"onGround":false,"type":"Unknown","desc":"OpenSky cat 0","military":false,"spi":false,"category":0,"source":"opensky"}},{"type":"Feature","geometry":{"type":"Point","coordinates":[121.0687,14.536]},"properties":{"callsign":"UAL809","hex":"a290d0","origin":"United States","altitude":320.04,"velocity":75.55,"heading":240.64,"onGround":false,"type":"Unknown","desc":"OpenSky cat 0","military":false,"spi":false,"category":0,"source":"opensky"}},{"type":"Feature","geometry":{"type":"Point","coordinates":[121.4955,14.8025]},"properties":{"callsign":"PAL337","hex":"75827b","origin":"Philippines","altitude":2232.66,"velocity":89.73,"heading":192.92,"onGround":false,"type":"Unknown","desc":"OpenSky cat 0","military":false,"spi":false,"category":0,"source":"opensky"}},{"type":"Feature","geometry":{"type":"Point","coordinates":[-147.8026,60.7647]},"properties":{"callsign":"AER43","hex":"a04db8","origin":"United States","altitude":6400.8,"velocity":134.67,"heading":114.61,"onGround":false,"type":"Unknown","desc":"OpenSky cat 0","military":false,"spi":false,"category":0,"source":"opensky"}},{"type":"Feature","geometry":{"type":"Point","coordinates":[-145.9673,60.6774]},"properties":{"callsign":"N398GF","hex":"a4a11d","origin":"United States","altitude":9448.8,"velocity":177.04,"heading":109.7,"onGround":false,"type":"Unknown","desc":"OpenSky cat 0","military":false,"spi":false,"category":0,"source":"opensky"}},{"type":"Feature","geometry":{"type":"Point","coordinates":[-149.9998,61.1867]},"properties":{"callsign":"CAO8413","hex":"780c5d","origin":"China","altitude":0,"velocity":0,"heading":345.94,"onGround":true,"type":"No emitter category","desc":"OpenSky cat 1","military":false,"spi":false,"category":1,"source":"opensky"}},{"type":"Feature","geometry":{"type":"Point","coordinates":[-146.1642,60.8543]},"properties":{"callsign":"FDX6030","hex":"ac50fa","origin":"United States","altitude":10058.4,"velocity":281.03,"heading":109.79,"onGround":false,"type":"Unknown","desc":"OpenSky cat 0","military":false,"spi":false,"category":0,"source":"opensky"}},{"type":"Feature","geometry":{"type":"Point","coordinates":[-148.7645,66.539]},"properties":{"callsign":"APZ132","hex":"71c516","origin":"Republic of Korea","altitude":11582.4,"velocity":237.07,"heading":260.89,"onGround":false,"type":"Unknown","desc":"OpenSky cat 0","military":false,"spi":false,"category":0,"source":"opensky"}},{"type":"Feature","geometry":{"type":"Point","coordinates":[-146.3311,60.428]},"properties":{"callsign":"RCH144","hex":"ae144e","origin":"United States","altitude":8679.18,"velocity":260.28,"heading":117.93,"onGround":false,"type":"Unknown","desc":"OpenSky cat 13","military":false,"spi":false,"category":13,"source":"opensky"}},{"type":"Feature","geometry":{"type":"Point","coordinates":[-144.2353,60.64]},"properties":{"callsign":"CKS241","hex":"aa8ab2","origin":"United States","altitude":9448.8,"velocity":275.38,"heading":114.27,"onGround":false,"type":"Unknown","desc":"OpenSky cat 0","military":false,"spi":false,"category":0,"source":"opensky"}},{"type":"Feature","geometry":{"type":"Point","coordinates":[-149.9861,61.17]},"properties":{"callsign":"N253AL","hex":"a262ae","origin":"United States","altitude":0,"velocity":7.46,"heading":323.44,"onGround":true,"type":"Unknown","desc":"OpenSky cat 0","military":false,"spi":false,"category":0,"source":"opensky"}},{"type":"Feature","geometry":{"type":"Point","coordinates":[-149.9942,61.1779]},"properties":{"callsign":"CLX2092","hex":"4d0114","origin":"Luxembourg","altitude":0,"velocity":0,"heading":70.31,"onGround":true,"type":"Heavy","desc":"OpenSky cat 6","military":false,"spi":false,"category":6,"source":"opensky"}},{"type":"Feature","geometry":{"type":"Point","coordinates":[-143.7912,63.0265]},"properties":{"callsign":"CKS578","hex":"a95881","origin":"United States","altitude":11582.4,"velocity":248.73,"heading":274.51,"onGround":false,"type":"No emitter category","desc":"OpenSky cat 1","military":false,"spi":false,"category":1,"source":"opensky"}},{"type":"Feature","geometry":{"type":"Point","coordinates":[-145.1557,60.5891]},"properties":{"callsign":"N392GF","hex":"a48ad3","origin":"United States","altitude":9448.8,"velocity":178.96,"heading":108.96,"onGround":false,"type":"Unknown","desc":"OpenSky cat 0","military":false,"spi":false,"category":0,"source":"opensky"}},{"type":"Feature","geometry":{"type":"Point","coordinates":[-149.0169,60.2693]},"properties":{"callsign":"FDX5260","hex":"abc1da","origin":"United States","altitude":8336.28,"velocity":286.68,"heading":134.13,"onGround":false,"type":"Unknown","desc":"OpenSky cat 0","military":false,"spi":false,"category":0,"source":"opensky"}},{"type":"Feature","geometry":{"type":"Point","coordinates":[-147.6869,60.584]},"properties":{"callsign":"ASA7097","hex":"a828e1","origin":"United States","altitude":10980.42,"velocity":191.65,"heading":292.57,"onGround":false,"type":"Unknown","desc":"OpenSky cat 0","military":false,"spi":false,"category":0,"source":"opensky"}},{"type":"Feature","geometry":{"type":"Point","coordinates":[-48.6642,-7.1453]},"properties":{"callsign":"PTOSI","hex":"e4a4a3","origin":"Brazil","altitude":5189.22,"velocity":117.85,"heading":358.5,"onGround":false,"type":"Unknown","desc":"OpenSky cat 0","military":false,"spi":false,"category":0,"source":"opensky"}},{"type":"Feature","geometry":{"type":"Point","coordinates":[-55.888,-12.6134]},"properties":{"callsign":"N714NA","hex":"a98c16","origin":"United States","altitude":525.78,"velocity":81.64,"heading":41.42,"onGround":false,"type":"Unknown","desc":"OpenSky cat 0","military":false,"spi":false,"category":0,"source":"opensky"}},{"type":"Feature","geometry":{"type":"Point","coordinates":[-56.1697,-12.5253]},"properties":{"callsign":"PSROB","hex":"a69168","origin":"United States","altitude":7620,"velocity":138.41,"heading":358.94,"onGround":false,"type":"Unknown","desc":"OpenSky cat 0","military":false,"spi":false,"category":0,"source":"opensky"}},{"type":"Feature","geometry":{"type":"Point","coordinates":[-55.6771,-12.2316]},"properties":{"callsign":"PRJIM","hex":"e4983b","origin":"Brazil","altitude":2133.6,"velocity":83.18,"heading":185.32,"onGround":false,"type":"Unknown","desc":"OpenSky cat 0","military":false,"spi":false,"category":0,"source":"opensky"}},{"type":"Feature","geometry":{"type":"Point","coordinates":[-47.8785,-8.9409]},"properties":{"callsign":"AZU2640","hex":"e495b3","origin":"Brazil","altitude":11277.6,"velocity":232.49,"heading":176.32,"onGround":false,"type":"Unknown","desc":"OpenSky cat 0","military":false,"spi":false,"category":0,"source":"opensky"}},{"type":"Feature","geometry":{"type":"Point","coordinates":[-45.9297,-14.6295]},"properties":{"callsign":"PSRSM","hex":"e49645","origin":"Brazil","altitude":10340.34,"velocity":273.94,"heading":45.68,"onGround":false,"type":"Unknown","desc":"OpenSky cat 0","military":false,"spi":false,"category":0,"source":"opensky"}},{"type":"Feature","geometry":{"type":"Point","coordinates":[-56.3079,-14.0234]},"properties":{"callsign":"PTJCX","hex":"a01e85","origin":"United States","altitude":1676.4,"velocity":77.17,"heading":16.26,"onGround":false,"type":"Unknown","desc":"OpenSky cat 0","military":false,"spi":false,"category":0,"source":"opensky"}},{"type":"Feature","geometry":{"type":"Point","coordinates":[43.1231,61.5982]},"properties":{"callsign":"CCA935","hex":"781b13","origin":"China","altitude":11582.4,"velocity":234.88,"heading":262.83,"onGround":false,"type":"Unknown","desc":"OpenSky cat 0","military":false,"spi":false,"category":0,"source":"opensky"}},{"type":"Feature","geometry":{"type":"Point","coordinates":[30.3385,62.6763]},"properties":{"callsign":"CKK215","hex":"782409","origin":"China","altitude":9753.6,"velocity":228.57,"heading":221.26,"onGround":false,"type":"Unknown","desc":"OpenSky cat 0","military":false,"spi":false,"category":0,"source":"opensky"}},{"type":"Feature","geometry":{"type":"Point","coordinates":[43.9756,65.7515]},"properties":{"callsign":"AUL3308","hex":"151fb3","origin":"Russian Federation","altitude":10972.8,"velocity":205.99,"heading":233.53,"onGround":false,"type":"Unknown","desc":"OpenSky cat 0","military":false,"spi":false,"category":0,"source":"opensky"}},{"type":"Feature","geometry":{"type":"Point","coordinates":[-3.3039,61.6482]},"properties":{"callsign":"440184","hex":"440184","origin":"Austria","altitude":11277.6,"velocity":247.59,"heading":290.43,"onGround":false,"type":"Unknown","desc":"OpenSky cat 0","military":false,"spi":false,"category":0,"source":"opensky"}},{"type":"Feature","geometry":{"type":"Point","coordinates":[-8.919,60.3641]},"properties":{"callsign":"RCH5044","hex":"ae055d","origin":"United States","altitude":11887.2,"velocity":241.91,"heading":135.09,"onGround":false,"type":"Unknown","desc":"OpenSky cat 13","military":false,"spi":false,"category":13,"source":"opensky"}},{"type":"Feature","geometry":{"type":"Point","coordinates":[-116.5897,49.8859]},"properties":{"callsign":"MAL7079","hex":"c0211f","origin":"Canada","altitude":10972.8,"velocity":225.82,"heading":266.21,"onGround":false,"type":"Unknown","desc":"OpenSky cat 0","military":false,"spi":false,"category":0,"source":"opensky"}},{"type":"Feature","geometry":{"type":"Point","coordinates":[-112.9066,49.1582]},"properties":{"callsign":"FDX19","hex":"ac10d8","origin":"United States","altitude":10972.8,"velocity":249.02,"heading":317.34,"onGround":false,"type":"Heavy","desc":"OpenSky cat 6","military":false,"spi":false,"category":6,"source":"opensky"}},{"type":"Feature","geometry":{"type":"Point","coordinates":[-109.5522,51.9425]},"properties":{"callsign":"ACA1107","hex":"c07966","origin":"Canada","altitude":10325.1,"velocity":209.41,"heading":260.1,"onGround":false,"type":"Unknown","desc":"OpenSky cat 0","military":false,"spi":false,"category":0,"source":"opensky"}},{"type":"Feature","geometry":{"type":"Point","coordinates":[-112.2023,54.0813]},"properties":{"callsign":"KAL093","hex":"71c006","origin":"Republic of Korea","altitude":10668,"velocity":266.02,"heading":107.56,"onGround":false,"type":"No emitter category","desc":"OpenSky cat 1","military":false,"spi":false,"category":1,"source":"opensky"}},{"type":"Feature","geometry":{"type":"Point","coordinates":[-119.1368,54.9349]},"properties":{"callsign":"KAL037","hex":"71c275","origin":"Republic of Korea","altitude":10668,"velocity":261.77,"heading":97.91,"onGround":false,"type":"No emitter category","desc":"OpenSky cat 1","military":false,"spi":false,"category":1,"source":"opensky"}},{"type":"Feature","geometry":{"type":"Point","coordinates":[-111.4474,52.8986]},"properties":{"callsign":"JAL6","hex":"8418b4","origin":"Japan","altitude":11277.6,"velocity":266.78,"heading":102.13,"onGround":false,"type":"Unknown","desc":"OpenSky cat 0","military":false,"spi":false,"category":0,"source":"opensky"}},{"type":"Feature","geometry":{"type":"Point","coordinates":[-108.7429,46.2597]},"properties":{"callsign":"FDX1717","hex":"a2a6fe","origin":"United States","altitude":10980.42,"velocity":237.46,"heading":286.75,"onGround":false,"type":"Unknown","desc":"OpenSky cat 0","military":false,"spi":false,"category":0,"source":"opensky"}},{"type":"Feature","geometry":{"type":"Point","coordinates":[-107.3983,46.1246]},"properties":{"callsign":"aa059e","hex":"aa059e","origin":"United States","altitude":9753.6,"velocity":237.28,"heading":298.07,"onGround":false,"type":"Unknown","desc":"OpenSky cat 0","military":false,"spi":false,"category":0,"source":"opensky"}},{"type":"Feature","geometry":{"type":"Point","coordinates":[-118.429,47.64]},"properties":{"callsign":"UPS982","hex":"a42bd4","origin":"United States","altitude":11582.4,"velocity":228.31,"heading":277.51,"onGround":false,"type":"Unknown","desc":"OpenSky cat 0","military":false,"spi":false,"category":0,"source":"opensky"}},{"type":"Feature","geometry":{"type":"Point","coordinates":[-113.33,47.6974]},"properties":{"callsign":"ASA752","hex":"aced21","origin":"United States","altitude":11277.6,"velocity":226.81,"heading":141.08,"onGround":false,"type":"Unknown","desc":"OpenSky cat 0","military":false,"spi":false,"category":0,"source":"opensky"}},{"type":"Feature","geometry":{"type":"Point","coordinates":[-117.5297,47.6266]},"properties":{"callsign":"UPS994","hex":"a3b1a0","origin":"United States","altitude":0,"velocity":2.83,"heading":337.5,"onGround":true,"type":"Unknown","desc":"OpenSky cat 0","military":false,"spi":false,"category":0,"source":"opensky"}},{"type":"Feature","geometry":{"type":"Point","coordinates":[-118.8743,46.7406]},"properties":{"callsign":"N82123","hex":"ab374c","origin":"United States","altitude":14325.6,"velocity":249.8,"heading":215.36,"onGround":false,"type":"Unknown","desc":"OpenSky cat 0","military":false,"spi":false,"category":0,"source":"opensky"}},{"type":"Feature","geometry":{"type":"Point","coordinates":[-119.8015,46.1972]},"properties":{"callsign":"AMF7140","hex":"a23052","origin":"United States","altitude":5501.64,"velocity":134.15,"heading":311.27,"onGround":false,"type":"Unknown","desc":"OpenSky cat 0","military":false,"spi":false,"category":0,"source":"opensky"}},{"type":"Feature","geometry":{"type":"Point","coordinates":[-117.6208,55.4089]},"properties":{"callsign":"GTI751","hex":"a9605b","origin":"United States","altitude":10058.4,"velocity":254.69,"heading":116.77,"onGround":false,"type":"Unknown","desc":"OpenSky cat 0","military":false,"spi":false,"category":0,"source":"opensky"}},{"type":"Feature","geometry":{"type":"Point","coordinates":[-113.7033,53.8727]},"properties":{"callsign":"SUT430","hex":"c02de7","origin":"Canada","altitude":4617.72,"velocity":171.31,"heading":359.66,"onGround":false,"type":"Unknown","desc":"OpenSky cat 0","military":false,"spi":false,"category":0,"source":"opensky"}},{"type":"Feature","geometry":{"type":"Point","coordinates":[-109.5717,46.0175]},"properties":{"callsign":"FDX1476","hex":"a1500a","origin":"United States","altitude":10363.2,"velocity":243.99,"heading":291.26,"onGround":false,"type":"Unknown","desc":"OpenSky cat 0","military":false,"spi":false,"category":0,"source":"opensky"}},{"type":"Feature","geometry":{"type":"Point","coordinates":[-105.6294,49.2659]},"properties":{"callsign":"UPS62","hex":"a7fbb3","origin":"United States","altitude":11582.4,"velocity":247.22,"heading":308.32,"onGround":false,"type":"Unknown","desc":"OpenSky cat 0","military":false,"spi":false,"category":0,"source":"opensky"}},{"type":"Feature","geometry":{"type":"Point","coordinates":[-112.3008,50.6291]},"properties":{"callsign":"CGZAX","hex":"c086c4","origin":"Canada","altitude":2590.8,"velocity":80.38,"heading":301.66,"onGround":false,"type":"Unknown","desc":"OpenSky cat 0","military":false,"spi":false,"category":0,"source":"opensky"}},{"type":"Feature","geometry":{"type":"Point","coordinates":[-112.1384,49.2728]},"properties":{"callsign":"BFF21","hex":"c08934","origin":"Canada","altitude":12176.76,"velocity":218.42,"heading":92.97,"onGround":false,"type":"Unknown","desc":"OpenSky cat 0","military":false,"spi":false,"category":0,"source":"opensky"}},{"type":"Feature","geometry":{"type":"Point","coordinates":[-117.53,47.6275]},"properties":{"callsign":"UPS992","hex":"a37020","origin":"United States","altitude":0,"velocity":0,"heading":315,"onGround":true,"type":"Unknown","desc":"OpenSky cat 0","military":false,"spi":false,"category":0,"source":"opensky"}},{"type":"Feature","geometry":{"type":"Point","coordinates":[-105.3622,51.4596]},"properties":{"callsign":"CJT591","hex":"c04adc","origin":"Canada","altitude":6065.52,"velocity":195.55,"heading":338.23,"onGround":false,"type":"Unknown","desc":"OpenSky cat 0","military":false,"spi":false,"category":0,"source":"opensky"}},{"type":"Feature","geometry":{"type":"Point","coordinates":[-114.9886,53.7411]},"properties":{"callsign":"UPS64","hex":"a826e9","origin":"United States","altitude":11582.4,"velocity":239.84,"heading":309.25,"onGround":false,"type":"Unknown","desc":"OpenSky cat 0","military":false,"spi":false,"category":0,"source":"opensky"}},{"type":"Feature","geometry":{"type":"Point","coordinates":[-111.858,47.4668]},"properties":{"callsign":"ANA110","hex":"8691cc","origin":"Japan","altitude":10668,"velocity":247.25,"heading":102.62,"onGround":false,"type":"Unknown","desc":"OpenSky cat 0","military":false,"spi":false,"category":0,"source":"opensky"}},{"type":"Feature","geometry":{"type":"Point","coordinates":[74.7354,14.7649]},"properties":{"callsign":"8018b5","hex":"8018b5","origin":"India","altitude":6096,"velocity":129.87,"heading":353.86,"onGround":false,"type":"Unknown","desc":"OpenSky cat 0","military":false,"spi":false,"category":0,"source":"opensky"}},{"type":"Feature","geometry":{"type":"Point","coordinates":[-137.5886,58.8837]},"properties":{"callsign":"N396JF","hex":"a499e1","origin":"United States","altitude":8229.6,"velocity":125.3,"heading":145.2,"onGround":false,"type":"Unknown","desc":"OpenSky cat 0","military":false,"spi":false,"category":0,"source":"opensky"}},{"type":"Feature","geometry":{"type":"Point","coordinates":[-137.3419,54.8482]},"properties":{"callsign":"GTI802","hex":"a57362","origin":"United States","altitude":10058.4,"velocity":269.68,"heading":136.78,"onGround":false,"type":"Unknown","desc":"OpenSky cat 0","military":false,"spi":false,"category":0,"source":"opensky"}},{"type":"Feature","geometry":{"type":"Point","coordinates":[-141.9447,59.2802]},"properties":{"callsign":"ASA98","hex":"ab1842","origin":"United States","altitude":10668,"velocity":258.87,"heading":122.58,"onGround":false,"type":"Unknown","desc":"OpenSky cat 0","military":false,"spi":false,"category":0,"source":"opensky"}},{"type":"Feature","geometry":{"type":"Point","coordinates":[-143.0011,57.9255]},"properties":{"callsign":"CAO1052","hex":"780bb6","origin":"China","altitude":10972.8,"velocity":224.73,"heading":312.12,"onGround":false,"type":"No emitter category","desc":"OpenSky cat 1","military":false,"spi":false,"category":1,"source":"opensky"}},{"type":"Feature","geometry":{"type":"Point","coordinates":[-141.5474,57.3774]},"properties":{"callsign":"CPA830","hex":"78023d","origin":"China","altitude":10668,"velocity":272.77,"heading":113.57,"onGround":false,"type":"No emitter category","desc":"OpenSky cat 1","military":false,"spi":false,"category":1,"source":"opensky"}},{"type":"Feature","geometry":{"type":"Point","coordinates":[-141.3211,59.7437]},"properties":{"callsign":"AER41","hex":"a03000","origin":"United States","altitude":6431.28,"velocity":125.64,"heading":112.89,"onGround":false,"type":"Unknown","desc":"OpenSky cat 0","military":false,"spi":false,"category":0,"source":"opensky"}},{"type":"Feature","geometry":{"type":"Point","coordinates":[-147.0495,59.7828]},"properties":{"callsign":"CXA806","hex":"7812bd","origin":"China","altitude":10363.2,"velocity":198.26,"heading":315.32,"onGround":false,"type":"Unknown","desc":"OpenSky cat 0","military":false,"spi":false,"category":0,"source":"opensky"}},{"type":"Feature","geometry":{"type":"Point","coordinates":[-140.23,59.6411]},"properties":{"callsign":"FDX6014","hex":"ac297b","origin":"United States","altitude":11277.6,"velocity":259.4,"heading":113.62,"onGround":false,"type":"Unknown","desc":"OpenSky cat 0","military":false,"spi":false,"category":0,"source":"opensky"}},{"type":"Feature","geometry":{"type":"Point","coordinates":[116.1849,8.0414]},"properties":{"callsign":"DKH1356","hex":"781c86","origin":"China","altitude":10355.58,"velocity":236.23,"heading":4.12,"onGround":false,"type":"Unknown","desc":"OpenSky cat 0","military":false,"spi":false,"category":0,"source":"opensky"}},{"type":"Feature","geometry":{"type":"Point","coordinates":[116.0576,5.949]},"properties":{"callsign":"CSN8336","hex":"781bf4","origin":"China","altitude":0,"velocity":4.63,"heading":312.19,"onGround":true,"type":"Unknown","desc":"OpenSky cat 0","military":false,"spi":false,"category":0,"source":"opensky"}},{"type":"Feature","geometry":{"type":"Point","coordinates":[105.1967,0.1923]},"properties":{"callsign":"UAE368","hex":"8963f5","origin":"United Arab Emirates","altitude":11887.2,"velocity":235.92,"heading":121.26,"onGround":false,"type":"Unknown","desc":"OpenSky cat 0","military":false,"spi":false,"category":0,"source":"opensky"}},{"type":"Feature","geometry":{"type":"Point","coordinates":[112.7097,4.8562]},"properties":{"callsign":"MAS2669","hex":"750220","origin":"Malaysia","altitude":10363.2,"velocity":256.77,"heading":268.74,"onGround":false,"type":"Unknown","desc":"OpenSky cat 0","military":false,"spi":false,"category":0,"source":"opensky"}},{"type":"Feature","geometry":{"type":"Point","coordinates":[105.9671,0.5688]},"properties":{"callsign":"SIA236","hex":"76cd0a","origin":"Singapore","altitude":9837.42,"velocity":237.88,"heading":276.96,"onGround":false,"type":"Unknown","desc":"OpenSky cat 0","military":false,"spi":false,"category":0,"source":"opensky"}},{"type":"Feature","geometry":{"type":"Point","coordinates":[119.8833,12.1397]},"properties":{"callsign":"SIA921","hex":"76cd0d","origin":"Singapore","altitude":10980.42,"velocity":265.57,"heading":205.22,"onGround":false,"type":"Unknown","desc":"OpenSky cat 0","military":false,"spi":false,"category":0,"source":"opensky"}},{"type":"Feature","geometry":{"type":"Point","coordinates":[119.8125,14.4825]},"properties":{"callsign":"CAL762","hex":"899022","origin":"Taiwan","altitude":11887.2,"velocity":243.58,"heading":13.19,"onGround":false,"type":"Unknown","desc":"OpenSky cat 0","military":false,"spi":false,"category":0,"source":"opensky"}},{"type":"Feature","geometry":{"type":"Point","coordinates":[119.8214,14.4429]},"properties":{"callsign":"CAL772","hex":"89901c","origin":"Taiwan","altitude":10668,"velocity":242.12,"heading":12.77,"onGround":false,"type":"Unknown","desc":"OpenSky cat 0","military":false,"spi":false,"category":0,"source":"opensky"}},{"type":"Feature","geometry":{"type":"Point","coordinates":[117.7865,8.6407]},"properties":{"callsign":"EVA256","hex":"8990cf","origin":"Taiwan","altitude":11887.2,"velocity":227.46,"heading":28.65,"onGround":false,"type":"Unknown","desc":"OpenSky cat 0","military":false,"spi":false,"category":0,"source":"opensky"}},{"type":"Feature","geometry":{"type":"Point","coordinates":[116.4636,6.5122]},"properties":{"callsign":"JJA5303","hex":"71c553","origin":"Republic of Korea","altitude":9753.6,"velocity":245.03,"heading":214.82,"onGround":false,"type":"Unknown","desc":"OpenSky cat 0","military":false,"spi":false,"category":0,"source":"opensky"}},{"type":"Feature","geometry":{"type":"Point","coordinates":[118.4166,14.1558]},"properties":{"callsign":"CPA104","hex":"789244","origin":"China","altitude":11582.4,"velocity":253.77,"heading":333.12,"onGround":false,"type":"Unknown","desc":"OpenSky cat 0","military":false,"spi":false,"category":0,"source":"opensky"}},{"type":"Feature","geometry":{"type":"Point","coordinates":[119.1382,13.1238]},"properties":{"callsign":"CEB640","hex":"758531","origin":"Philippines","altitude":9433.56,"velocity":226.19,"heading":52.11,"onGround":false,"type":"Unknown","desc":"OpenSky cat 0","military":false,"spi":false,"category":0,"source":"opensky"}},{"type":"Feature","geometry":{"type":"Point","coordinates":[115.9521,5.8271]},"properties":{"callsign":"CEB4262","hex":"75875e","origin":"Philippines","altitude":11879.58,"velocity":205.88,"heading":48.34,"onGround":false,"type":"Unknown","desc":"OpenSky cat 0","military":false,"spi":false,"category":0,"source":"opensky"}},{"type":"Feature","geometry":{"type":"Point","coordinates":[114.0738,4.3069]},"properties":{"callsign":"VJC998","hex":"888225","origin":"Viet Nam","altitude":10363.2,"velocity":238.93,"heading":336.53,"onGround":false,"type":"Unknown","desc":"OpenSky cat 0","military":false,"spi":false,"category":0,"source":"opensky"}},{"type":"Feature","geometry":{"type":"Point","coordinates":[112.4477,4.959]},"properties":{"callsign":"AXM5134","hex":"750485","origin":"Malaysia","altitude":9144,"velocity":241.13,"heading":258.31,"onGround":false,"type":"Unknown","desc":"OpenSky cat 0","military":false,"spi":false,"category":0,"source":"opensky"}},{"type":"Feature","geometry":{"type":"Point","coordinates":[113.2916,3.7852]},"properties":{"callsign":"AXM6355","hex":"750480","origin":"Malaysia","altitude":10378.44,"velocity":247.65,"heading":233.11,"onGround":false,"type":"Unknown","desc":"OpenSky cat 0","military":false,"spi":false,"category":0,"source":"opensky"}},{"type":"Feature","geometry":{"type":"Point","coordinates":[116.9398,5.2687]},"properties":{"callsign":"AXM6276","hex":"75043f","origin":"Malaysia","altitude":7010.4,"velocity":186.69,"heading":118.47,"onGround":false,"type":"Unknown","desc":"OpenSky cat 0","military":false,"spi":false,"category":0,"source":"opensky"}},{"type":"Feature","geometry":{"type":"Point","coordinates":[105.2945,2.8665]},"properties":{"callsign":"75041f","hex":"75041f","origin":"Malaysia","altitude":12199.62,"velocity":257.72,"heading":285.4,"onGround":false,"type":"Unknown","desc":"OpenSky cat 0","military":false,"spi":false,"category":0,"source":"opensky"}},{"type":"Feature","geometry":{"type":"Point","coordinates":[115.0243,5.426]},"properties":{"callsign":"AXM5195","hex":"7503f6","origin":"Malaysia","altitude":9753.6,"velocity":260.85,"heading":259.78,"onGround":false,"type":"Unknown","desc":"OpenSky cat 0","military":false,"spi":false,"category":0,"source":"opensky"}},{"type":"Feature","geometry":{"type":"Point","coordinates":[118.9734,12.6224]},"properties":{"callsign":"GAP2788","hex":"75807f","origin":"Philippines","altitude":9456.42,"velocity":226.88,"heading":3.9,"onGround":false,"type":"Unknown","desc":"OpenSky cat 0","military":false,"spi":false,"category":0,"source":"opensky"}},{"type":"Feature","geometry":{"type":"Point","coordinates":[-17.3402,14.802]},"properties":{"callsign":"ARG1132","hex":"e07246","origin":"Argentina","altitude":11887.2,"velocity":237.03,"heading":34.66,"onGround":false,"type":"Unknown","desc":"OpenSky cat 0","military":false,"spi":false,"category":0,"source":"opensky"}},{"type":"Feature","geometry":{"type":"Point","coordinates":[-16.384,13.0574]},"properties":{"callsign":"FVJ0110","hex":"06433f","origin":"Nigeria","altitude":1554.48,"velocity":125.01,"heading":323.37,"onGround":false,"type":"Unknown","desc":"OpenSky cat 0","military":false,"spi":false,"category":0,"source":"opensky"}},{"type":"Feature","geometry":{"type":"Point","coordinates":[-17.0726,14.645]},"properties":{"callsign":"TWF97EH","hex":"39cea2","origin":"France","altitude":152.4,"velocity":74.08,"heading":0,"onGround":false,"type":"Unknown","desc":"OpenSky cat 0","military":false,"spi":false,"category":0,"source":"opensky"}},{"type":"Feature","geometry":{"type":"Point","coordinates":[-16.7542,14.497]},"properties":{"callsign":"JMS214","hex":"201069","origin":"Namibia","altitude":5958.84,"velocity":112.32,"heading":114.92,"onGround":false,"type":"Unknown","desc":"OpenSky cat 0","military":false,"spi":false,"category":0,"source":"opensky"}},{"type":"Feature","geometry":{"type":"Point","coordinates":[18.6454,-34.1063]},"properties":{"callsign":"UAE6J","hex":"896218","origin":"United Arab Emirates","altitude":1181.1,"velocity":132.13,"heading":165.8,"onGround":false,"type":"Unknown","desc":"OpenSky cat 0","military":false,"spi":false,"category":0,"source":"opensky"}},{"type":"Feature","geometry":{"type":"Point","coordinates":[18.5965,-33.9496]},"properties":{"callsign":"ZSJXD","hex":"0095de","origin":"South Africa","altitude":160.02,"velocity":39.93,"heading":165.07,"onGround":false,"type":"Unknown","desc":"OpenSky cat 0","military":false,"spi":false,"category":0,"source":"opensky"}},{"type":"Feature","geometry":{"type":"Point","coordinates":[19.8405,-33.9105]},"properties":{"callsign":"KEM","hex":"00869b","origin":"South Africa","altitude":6598.92,"velocity":195.28,"heading":75.19,"onGround":false,"type":"Unknown","desc":"OpenSky cat 0","military":false,"spi":false,"category":0,"source":"opensky"}},{"type":"Feature","geometry":{"type":"Point","coordinates":[19.6652,-34.2128]},"properties":{"callsign":"SFR142","hex":"00b095","origin":"South Africa","altitude":7627.62,"velocity":235.32,"heading":85.49,"onGround":false,"type":"Unknown","desc":"OpenSky cat 0","military":false,"spi":false,"category":0,"source":"opensky"}},{"type":"Feature","geometry":{"type":"Point","coordinates":[18.2967,-33.5069]},"properties":{"callsign":"ZUIFY","hex":"00d566","origin":"South Africa","altitude":845.82,"velocity":46.86,"heading":342.76,"onGround":false,"type":"Unknown","desc":"OpenSky cat 0","military":false,"spi":false,"category":0,"source":"opensky"}},{"type":"Feature","geometry":{"type":"Point","coordinates":[18.5488,-33.7706]},"properties":{"callsign":"ZUMFA","hex":"008b25","origin":"South Africa","altitude":121.92,"velocity":41.68,"heading":178.59,"onGround":false,"type":"Unknown","desc":"OpenSky cat 0","military":false,"spi":false,"category":0,"source":"opensky"}},{"type":"Feature","geometry":{"type":"Point","coordinates":[19.241,-32.2653]},"properties":{"callsign":"LNK645P","hex":"00a703","origin":"South Africa","altitude":11056.62,"velocity":221.19,"heading":24.9,"onGround":false,"type":"Unknown","desc":"OpenSky cat 0","military":false,"spi":false,"category":0,"source":"opensky"}},{"type":"Feature","geometry":{"type":"Point","coordinates":[20.0381,-32.7784]},"properties":{"callsign":"SFR202","hex":"008dea","origin":"South Africa","altitude":10949.94,"velocity":202.21,"heading":228.2,"onGround":false,"type":"Unknown","desc":"OpenSky cat 0","military":false,"spi":false,"category":0,"source":"opensky"}},{"type":"Feature","geometry":{"type":"Point","coordinates":[19.5408,-32.7186]},"properties":{"callsign":"ETH847","hex":"040240","origin":"Ethiopia","altitude":7665.72,"velocity":236.49,"heading":203.05,"onGround":false,"type":"Unknown","desc":"OpenSky cat 0","military":false,"spi":false,"category":0,"source":"opensky"}},{"type":"Feature","geometry":{"type":"Point","coordinates":[18.5991,-33.9608]},"properties":{"callsign":"QTR37C","hex":"06a0f6","origin":"Qatar","altitude":0,"velocity":1.03,"heading":45,"onGround":true,"type":"Unknown","desc":"OpenSky cat 0","military":false,"spi":false,"category":0,"source":"opensky"}},{"type":"Feature","geometry":{"type":"Point","coordinates":[20.0794,-33.2172]},"properties":{"callsign":"GBB132K","hex":"008ffa","origin":"South Africa","altitude":8641.08,"velocity":244.46,"heading":48.16,"onGround":false,"type":"Unknown","desc":"OpenSky cat 0","military":false,"spi":false,"category":0,"source":"opensky"}},{"type":"Feature","geometry":{"type":"Point","coordinates":[18.8382,-33.8131]},"properties":{"callsign":"ZSSLM","hex":"00926e","origin":"South Africa","altitude":502.92,"velocity":51.59,"heading":189.18,"onGround":false,"type":"Unknown","desc":"OpenSky cat 0","military":false,"spi":false,"category":0,"source":"opensky"}},{"type":"Feature","geometry":{"type":"Point","coordinates":[18.5619,-33.7546]},"properties":{"callsign":"ZUFOH","hex":"00f138","origin":"South Africa","altitude":213.36,"velocity":31.9,"heading":0,"onGround":false,"type":"Unknown","desc":"OpenSky cat 0","military":false,"spi":false,"category":0,"source":"opensky"}},{"type":"Feature","geometry":{"type":"Point","coordinates":[18.9614,-33.9216]},"properties":{"callsign":"SFR295","hex":"00af30","origin":"South Africa","altitude":4191,"velocity":189.63,"heading":55.84,"onGround":false,"type":"Unknown","desc":"OpenSky cat 0","military":false,"spi":false,"category":0,"source":"opensky"}},{"type":"Feature","geometry":{"type":"Point","coordinates":[-150.0064,61.1974]},"properties":{"callsign":"GTI7138","hex":"a4c3e4","origin":"United States","altitude":0,"velocity":0,"heading":165.94,"onGround":true,"type":"Unknown","desc":"OpenSky cat 0","military":false,"spi":false,"category":0,"source":"opensky"}},{"type":"Feature","geometry":{"type":"Point","coordinates":[-162.1194,64.0964]},"properties":{"callsign":"CSC3860","hex":"781c2d","origin":"China","altitude":10972.8,"velocity":211.36,"heading":287.42,"onGround":false,"type":"Unknown","desc":"OpenSky cat 0","military":false,"spi":false,"category":0,"source":"opensky"}},{"type":"Feature","geometry":{"type":"Point","coordinates":[-151.1454,60.579]},"properties":{"callsign":"CES587","hex":"780d9e","origin":"China","altitude":10058.4,"velocity":278.9,"heading":76.89,"onGround":false,"type":"No emitter category","desc":"OpenSky cat 1","military":false,"spi":false,"category":1,"source":"opensky"}},{"type":"Feature","geometry":{"type":"Point","coordinates":[-155.0929,60.4544]},"properties":{"callsign":"FDX9082","hex":"aa147a","origin":"United States","altitude":10668,"velocity":289.6,"heading":77.69,"onGround":false,"type":"Unknown","desc":"OpenSky cat 0","military":false,"spi":false,"category":0,"source":"opensky"}},{"type":"Feature","geometry":{"type":"Point","coordinates":[-151.1578,60.9388]},"properties":{"callsign":"GTI8050","hex":"aba800","origin":"United States","altitude":3451.86,"velocity":155.14,"heading":68.2,"onGround":false,"type":"Unknown","desc":"OpenSky cat 0","military":false,"spi":false,"category":0,"source":"opensky"}},{"type":"Feature","geometry":{"type":"Point","coordinates":[-154.3162,61.9766]},"properties":{"callsign":"EVA055","hex":"8990e4","origin":"Taiwan","altitude":9753.6,"velocity":217.25,"heading":255.04,"onGround":false,"type":"Heavy","desc":"OpenSky cat 6","military":false,"spi":false,"category":6,"source":"opensky"}},{"type":"Feature","geometry":{"type":"Point","coordinates":[-150.7928,61.109]},"properties":{"callsign":"CAL5226","hex":"8990eb","origin":"Taiwan","altitude":1760.22,"velocity":131.47,"heading":42.3,"onGround":false,"type":"Unknown","desc":"OpenSky cat 0","military":false,"spi":false,"category":0,"source":"opensky"}},{"type":"Feature","geometry":{"type":"Point","coordinates":[-150.1362,61.262]},"properties":{"callsign":"GTI8998","hex":"a54535","origin":"United States","altitude":1112.52,"velocity":102.45,"heading":311.13,"onGround":false,"type":"Unknown","desc":"OpenSky cat 0","military":false,"spi":false,"category":0,"source":"opensky"}},{"type":"Feature","geometry":{"type":"Point","coordinates":[-154.7315,61.2734]},"properties":{"callsign":"GTI742","hex":"abb325","origin":"United States","altitude":11582.4,"velocity":197.63,"heading":268.36,"onGround":false,"type":"Unknown","desc":"OpenSky cat 0","military":false,"spi":false,"category":0,"source":"opensky"}},{"type":"Feature","geometry":{"type":"Point","coordinates":[-157.3735,67.7528]},"properties":{"callsign":"CCA993","hex":"781160","origin":"China","altitude":10058.4,"velocity":277.07,"heading":80.38,"onGround":false,"type":"Unknown","desc":"OpenSky cat 0","military":false,"spi":false,"category":0,"source":"opensky"}},{"type":"Feature","geometry":{"type":"Point","coordinates":[28.6883,29.7702]},"properties":{"callsign":"SVA2501","hex":"34668c","origin":"Spain","altitude":10668,"velocity":250.23,"heading":126.89,"onGround":false,"type":"Unknown","desc":"OpenSky cat 0","military":false,"spi":false,"category":0,"source":"opensky"}},{"type":"Feature","geometry":{"type":"Point","coordinates":[-38.5278,-4.3333]},"properties":{"callsign":"PPMPG","hex":"e48fe8","origin":"Brazil","altitude":2080.26,"velocity":72.13,"heading":200.89,"onGround":false,"type":"Unknown","desc":"OpenSky cat 0","military":false,"spi":false,"category":0,"source":"opensky"}},{"type":"Feature","geometry":{"type":"Point","coordinates":[-43.0557,-13.9142]},"properties":{"callsign":"PSCSE","hex":"e497e3","origin":"Brazil","altitude":13716,"velocity":267.61,"heading":71.74,"onGround":false,"type":"Unknown","desc":"OpenSky cat 0","military":false,"spi":false,"category":0,"source":"opensky"}},{"type":"Feature","geometry":{"type":"Point","coordinates":[-38.7013,-3.6383]},"properties":{"callsign":"PSIIB","hex":"e4a2c7","origin":"Brazil","altitude":220.98,"velocity":77.24,"heading":311.76,"onGround":false,"type":"Unknown","desc":"OpenSky cat 0","military":false,"spi":false,"category":0,"source":"opensky"}},{"type":"Feature","geometry":{"type":"Point","coordinates":[-38.5327,-3.7763]},"properties":{"callsign":"PSJAA","hex":"e4a27a","origin":"Brazil","altitude":0,"velocity":14.92,"heading":101.25,"onGround":true,"type":"Unknown","desc":"OpenSky cat 0","military":false,"spi":false,"category":0,"source":"opensky"}},{"type":"Feature","geometry":{"type":"Point","coordinates":[-38.6781,-3.7374]},"properties":{"callsign":"AZU4651","hex":"e49368","origin":"Brazil","altitude":815.34,"velocity":82.48,"heading":104.82,"onGround":false,"type":"Unknown","desc":"OpenSky cat 0","military":false,"spi":false,"category":0,"source":"opensky"}},{"type":"Feature","geometry":{"type":"Point","coordinates":[-38.0334,-3.4556]},"properties":{"callsign":"FOSIX","hex":"3a4917","origin":"France","altitude":5006.34,"velocity":87.79,"heading":54.54,"onGround":false,"type":"Unknown","desc":"OpenSky cat 0","military":false,"spi":false,"category":0,"source":"opensky"}},{"type":"Feature","geometry":{"type":"Point","coordinates":[-38.5414,-3.774]},"properties":{"callsign":"PSJJR","hex":"e495e5","origin":"Brazil","altitude":0,"velocity":31.9,"heading":104.06,"onGround":true,"type":"Unknown","desc":"OpenSky cat 0","military":false,"spi":false,"category":0,"source":"opensky"}},{"type":"Feature","geometry":{"type":"Point","coordinates":[-39.5609,-4.1047]},"properties":{"callsign":"PTLJQ","hex":"e47fa0","origin":"Brazil","altitude":7947.66,"velocity":127.15,"heading":255.23,"onGround":false,"type":"Unknown","desc":"OpenSky cat 0","military":false,"spi":false,"category":0,"source":"opensky"}},{"type":"Feature","geometry":{"type":"Point","coordinates":[-169.055,58.9927]},"properties":{"callsign":"DAL294","hex":"a75da8","origin":"United States","altitude":11582.4,"velocity":296.65,"heading":79.51,"onGround":false,"type":"Unknown","desc":"OpenSky cat 0","military":false,"spi":false,"category":0,"source":"opensky"}},{"type":"Feature","geometry":{"type":"Point","coordinates":[-167.8287,58.5497]},"properties":{"callsign":"YZR7451","hex":"78072a","origin":"China","altitude":10058.4,"velocity":286.88,"heading":70.3,"onGround":false,"type":"Unknown","desc":"OpenSky cat 0","military":false,"spi":false,"category":0,"source":"opensky"}},{"type":"Feature","geometry":{"type":"Point","coordinates":[-168.6767,57.1918]},"properties":{"callsign":"CRK082","hex":"78928b","origin":"China","altitude":11582.4,"velocity":273.31,"heading":88.17,"onGround":false,"type":"Unknown","desc":"OpenSky cat 0","military":false,"spi":false,"category":0,"source":"opensky"}},{"type":"Feature","geometry":{"type":"Point","coordinates":[85.8616,57.7269]},"properties":{"callsign":"CES6019","hex":"780b7e","origin":"China","altitude":10972.8,"velocity":240.84,"heading":292.35,"onGround":false,"type":"Unknown","desc":"OpenSky cat 0","military":false,"spi":false,"category":0,"source":"opensky"}},{"type":"Feature","geometry":{"type":"Point","coordinates":[86.8148,55.523]},"properties":{"callsign":"CSG2529","hex":"780aeb","origin":"China","altitude":9753.6,"velocity":228.1,"heading":302.01,"onGround":false,"type":"Unknown","desc":"OpenSky cat 0","military":false,"spi":false,"category":0,"source":"opensky"}},{"type":"Feature","geometry":{"type":"Point","coordinates":[83.9823,53.089]},"properties":{"callsign":"AFL854","hex":"15203b","origin":"Russian Federation","altitude":11277.6,"velocity":260.9,"heading":116.46,"onGround":false,"type":"Unknown","desc":"OpenSky cat 0","military":false,"spi":false,"category":0,"source":"opensky"}},{"type":"Feature","geometry":{"type":"Point","coordinates":[82.8809,56.7745]},"properties":{"callsign":"CSN303","hex":"781704","origin":"China","altitude":10972.8,"velocity":248.99,"heading":297.84,"onGround":false,"type":"Unknown","desc":"OpenSky cat 0","military":false,"spi":false,"category":0,"source":"opensky"}},{"type":"Feature","geometry":{"type":"Point","coordinates":[89.0009,53.2363]},"properties":{"callsign":"CBJ607","hex":"781724","origin":"China","altitude":10972.8,"velocity":224.61,"heading":295.22,"onGround":false,"type":"Unknown","desc":"OpenSky cat 0","military":false,"spi":false,"category":0,"source":"opensky"}},{"type":"Feature","geometry":{"type":"Point","coordinates":[88.4111,55.6219]},"properties":{"callsign":"SDM6875","hex":"151de3","origin":"Russian Federation","altitude":10355.58,"velocity":209.24,"heading":256.2,"onGround":false,"type":"Unknown","desc":"OpenSky cat 0","military":false,"spi":false,"category":0,"source":"opensky"}},{"type":"Feature","geometry":{"type":"Point","coordinates":[89.7372,54.4238]},"properties":{"callsign":"CCA909","hex":"78103d","origin":"China","altitude":9753.6,"velocity":228.02,"heading":304.34,"onGround":false,"type":"Unknown","desc":"OpenSky cat 0","military":false,"spi":false,"category":0,"source":"opensky"}},{"type":"Feature","geometry":{"type":"Point","coordinates":[80.0805,50.3596]},"properties":{"callsign":"AYN7352","hex":"4cadd6","origin":"Ireland","altitude":1310.64,"velocity":132.71,"heading":285.98,"onGround":false,"type":"Unknown","desc":"OpenSky cat 0","military":false,"spi":false,"category":0,"source":"opensky"}},{"type":"Feature","geometry":{"type":"Point","coordinates":[49.165,61.8252]},"properties":{"callsign":"CES6025","hex":"780b33","origin":"China","altitude":10972.8,"velocity":225.94,"heading":268.3,"onGround":false,"type":"Unknown","desc":"OpenSky cat 0","military":false,"spi":false,"category":0,"source":"opensky"}},{"type":"Feature","geometry":{"type":"Point","coordinates":[50.9689,61.8403]},"properties":{"callsign":"CCA939","hex":"7813c2","origin":"China","altitude":9753.6,"velocity":243.86,"heading":269.4,"onGround":false,"type":"Unknown","desc":"OpenSky cat 0","military":false,"spi":false,"category":0,"source":"opensky"}},{"type":"Feature","geometry":{"type":"Point","coordinates":[48.5365,61.8164]},"properties":{"callsign":"CCA931","hex":"78076d","origin":"China","altitude":10363.2,"velocity":236.29,"heading":267.88,"onGround":false,"type":"No emitter category","desc":"OpenSky cat 1","military":false,"spi":false,"category":1,"source":"opensky"}},{"type":"Feature","geometry":{"type":"Point","coordinates":[58.3609,64.8577]},"properties":{"callsign":"SDM6290","hex":"151e3d","origin":"Russian Federation","altitude":10363.2,"velocity":259.4,"heading":239.62,"onGround":false,"type":"Unknown","desc":"OpenSky cat 0","military":false,"spi":false,"category":0,"source":"opensky"}},{"type":"Feature","geometry":{"type":"Point","coordinates":[48.2008,61.809]},"properties":{"callsign":"CKK205","hex":"782293","origin":"China","altitude":10363.2,"velocity":234.3,"heading":267.48,"onGround":false,"type":"Unknown","desc":"OpenSky cat 0","military":false,"spi":false,"category":0,"source":"opensky"}},{"type":"Feature","geometry":{"type":"Point","coordinates":[57.2426,63.0369]},"properties":{"callsign":"AFL1747","hex":"151dc0","origin":"Russian Federation","altitude":11582.4,"velocity":253.07,"heading":247.66,"onGround":false,"type":"Unknown","desc":"OpenSky cat 0","military":false,"spi":false,"category":0,"source":"opensky"}},{"type":"Feature","geometry":{"type":"Point","coordinates":[52.9456,62.0603]},"properties":{"callsign":"AFL1735","hex":"151db6","origin":"Russian Federation","altitude":10972.8,"velocity":45.27,"heading":180,"onGround":false,"type":"Unknown","desc":"OpenSky cat 0","military":false,"spi":false,"category":0,"source":"opensky"}},{"type":"Feature","geometry":{"type":"Point","coordinates":[148.6218,-21.3977]},"properties":{"callsign":"CPA157","hex":"780ac8","origin":"China","altitude":11277.6,"velocity":241.52,"heading":150.1,"onGround":false,"type":"Unknown","desc":"OpenSky cat 0","military":false,"spi":false,"category":0,"source":"opensky"}},{"type":"Feature","geometry":{"type":"Point","coordinates":[149.6287,-22.3148]},"properties":{"callsign":"QLK6215","hex":"7c78ad","origin":"Australia","altitude":11795.76,"velocity":212.94,"heading":158.46,"onGround":false,"type":"Unknown","desc":"OpenSky cat 0","military":false,"spi":false,"category":0,"source":"opensky"}},{"type":"Feature","geometry":{"type":"Point","coordinates":[149.038,-20.6644]},"properties":{"callsign":"QLK1555","hex":"7c78b3","origin":"Australia","altitude":3108.96,"velocity":152.64,"heading":164.56,"onGround":false,"type":"Unknown","desc":"OpenSky cat 0","military":false,"spi":false,"category":0,"source":"opensky"}},{"type":"Feature","geometry":{"type":"Point","coordinates":[149.5767,-21.3219]},"properties":{"callsign":"QLK1890","hex":"7c68a8","origin":"Australia","altitude":10972.8,"velocity":239.8,"heading":328.87,"onGround":false,"type":"Unknown","desc":"OpenSky cat 0","military":false,"spi":false,"category":0,"source":"opensky"}},{"type":"Feature","geometry":{"type":"Point","coordinates":[149.9804,-22.0403]},"properties":{"callsign":"VOZ621","hex":"7c7a3b","origin":"Australia","altitude":8321.04,"velocity":239.32,"heading":319.36,"onGround":false,"type":"Unknown","desc":"OpenSky cat 0","military":false,"spi":false,"category":0,"source":"opensky"}},{"type":"Feature","geometry":{"type":"Point","coordinates":[50.071,53.108]},"properties":{"callsign":"ATC423","hex":"080092","origin":"United Republic of Tanzania","altitude":11277.6,"velocity":50.31,"heading":73.97,"onGround":false,"type":"Unknown","desc":"OpenSky cat 0","military":false,"spi":false,"category":0,"source":"opensky"}},{"type":"Feature","geometry":{"type":"Point","coordinates":[51.8471,55.336]},"properties":{"callsign":"PBD528","hex":"151e0f","origin":"Russian Federation","altitude":11582.4,"velocity":40.04,"heading":339.7,"onGround":false,"type":"Unknown","desc":"OpenSky cat 0","military":false,"spi":false,"category":0,"source":"opensky"}},{"type":"Feature","geometry":{"type":"Point","coordinates":[50.0619,53.1082]},"properties":{"callsign":"THY3DW","hex":"4baa76","origin":"Turkey","altitude":3558.54,"velocity":50.31,"heading":52.9,"onGround":false,"type":"Unknown","desc":"OpenSky cat 0","military":false,"spi":false,"category":0,"source":"opensky"}},{"type":"Feature","geometry":{"type":"Point","coordinates":[117.0859,-29.6498]},"properties":{"callsign":"QFA849","hex":"7c7801","origin":"Australia","altitude":7917.18,"velocity":245.73,"heading":200.98,"onGround":false,"type":"No emitter category","desc":"OpenSky cat 1","military":false,"spi":false,"category":1,"source":"opensky"}},{"type":"Feature","geometry":{"type":"Point","coordinates":[117.597,-29.7616]},"properties":{"callsign":"ANO647","hex":"7c03f0","origin":"Australia","altitude":9753.6,"velocity":193.92,"heading":235.59,"onGround":false,"type":"Unknown","desc":"OpenSky cat 0","military":false,"spi":false,"category":0,"source":"opensky"}},{"type":"Feature","geometry":{"type":"Point","coordinates":[116.8443,-29.5514]},"properties":{"callsign":"NWK1649","hex":"7c6843","origin":"Australia","altitude":9761.22,"velocity":226.52,"heading":190.47,"onGround":false,"type":"Unknown","desc":"OpenSky cat 0","military":false,"spi":false,"category":0,"source":"opensky"}},{"type":"Feature","geometry":{"type":"Point","coordinates":[114.2346,-29.3999]},"properties":{"callsign":"TGW9","hex":"76bccc","origin":"Singapore","altitude":11574.78,"velocity":229.4,"heading":332.63,"onGround":false,"type":"Unknown","desc":"OpenSky cat 0","military":false,"spi":false,"category":0,"source":"opensky"}},{"type":"Feature","geometry":{"type":"Point","coordinates":[37.4194,55.9811]},"properties":{"callsign":"AFL1122","hex":"15202f","origin":"Russian Federation","altitude":0,"velocity":3.09,"heading":216.56,"onGround":true,"type":"Unknown","desc":"OpenSky cat 0","military":false,"spi":false,"category":0,"source":"opensky"}},{"type":"Feature","geometry":{"type":"Point","coordinates":[31.9152,54.6912]},"properties":{"callsign":"THY4RC","hex":"4ba9c8","origin":"Turkey","altitude":12192,"velocity":27.9,"heading":264.71,"onGround":false,"type":"Unknown","desc":"OpenSky cat 0","military":false,"spi":false,"category":0,"source":"opensky"}},{"type":"Feature","geometry":{"type":"Point","coordinates":[36.6777,56.7188]},"properties":{"callsign":"SDM6217","hex":"155bbe","origin":"Russian Federation","altitude":2834.64,"velocity":1218.82,"heading":346.53,"onGround":false,"type":"Unknown","desc":"OpenSky cat 0","military":false,"spi":false,"category":0,"source":"opensky"}},{"type":"Feature","geometry":{"type":"Point","coordinates":[37.3647,55.7513]},"properties":{"callsign":"SDM6855","hex":"155c2a","origin":"Russian Federation","altitude":2080.26,"velocity":750.03,"heading":325.39,"onGround":false,"type":"Unknown","desc":"OpenSky cat 0","military":false,"spi":false,"category":0,"source":"opensky"}},{"type":"Feature","geometry":{"type":"Point","coordinates":[32.5224,55.6685]},"properties":{"callsign":"BRU988","hex":"5100fa","origin":"Belarus","altitude":9753.6,"velocity":27.82,"heading":236.31,"onGround":false,"type":"Unknown","desc":"OpenSky cat 0","military":false,"spi":false,"category":0,"source":"opensky"}},{"type":"Feature","geometry":{"type":"Point","coordinates":[38.3921,54.1983]},"properties":{"callsign":"SDM6027","hex":"155be4","origin":"Russian Federation","altitude":2537.46,"velocity":387.84,"heading":133.93,"onGround":false,"type":"Unknown","desc":"OpenSky cat 0","military":false,"spi":false,"category":0,"source":"opensky"}},{"type":"Feature","geometry":{"type":"Point","coordinates":[37.4125,55.9754]},"properties":{"callsign":"AFL1842","hex":"151ddc","origin":"Russian Federation","altitude":0,"velocity":4.12,"heading":87.19,"onGround":true,"type":"Unknown","desc":"OpenSky cat 0","military":false,"spi":false,"category":0,"source":"opensky"}},{"type":"Feature","geometry":{"type":"Point","coordinates":[37.3904,55.9677]},"properties":{"callsign":"SDM6309","hex":"151df7","origin":"Russian Federation","altitude":10965.18,"velocity":83.22,"heading":256.05,"onGround":false,"type":"Unknown","desc":"OpenSky cat 0","military":false,"spi":false,"category":0,"source":"opensky"}},{"type":"Feature","geometry":{"type":"Point","coordinates":[41.9237,56.9086]},"properties":{"callsign":"NWS245","hex":"151e69","origin":"Russian Federation","altitude":10668,"velocity":29.69,"heading":98.97,"onGround":false,"type":"Unknown","desc":"OpenSky cat 0","military":false,"spi":false,"category":0,"source":"opensky"}},{"type":"Feature","geometry":{"type":"Point","coordinates":[37.389,55.9699]},"properties":{"callsign":"AFL2168","hex":"151da7","origin":"Russian Federation","altitude":259.08,"velocity":87.59,"heading":255.72,"onGround":false,"type":"Unknown","desc":"OpenSky cat 0","military":false,"spi":false,"category":0,"source":"opensky"}},{"type":"Feature","geometry":{"type":"Point","coordinates":[40.0102,57.6981]},"properties":{"callsign":"AFL205","hex":"151dab","origin":"Russian Federation","altitude":8641.08,"velocity":252.62,"heading":352.63,"onGround":false,"type":"Unknown","desc":"OpenSky cat 0","military":false,"spi":false,"category":0,"source":"opensky"}},{"type":"Feature","geometry":{"type":"Point","coordinates":[37.4019,55.972]},"properties":{"callsign":"PBD6835","hex":"151e1d","origin":"Russian Federation","altitude":175.26,"velocity":77.74,"heading":255.04,"onGround":false,"type":"Unknown","desc":"OpenSky cat 0","military":false,"spi":false,"category":0,"source":"opensky"}},{"type":"Feature","geometry":{"type":"Point","coordinates":[30.0429,59.5117]},"properties":{"callsign":"THY7KA","hex":"4baa47","origin":"Turkey","altitude":9753.6,"velocity":0.73,"heading":135,"onGround":false,"type":"Unknown","desc":"OpenSky cat 0","military":false,"spi":false,"category":0,"source":"opensky"}},{"type":"Feature","geometry":{"type":"Point","coordinates":[31.9207,54.7086]},"properties":{"callsign":"RSX322","hex":"010276","origin":"Egypt","altitude":11277.6,"velocity":28,"heading":110.43,"onGround":false,"type":"Unknown","desc":"OpenSky cat 0","military":false,"spi":false,"category":0,"source":"opensky"}},{"type":"Feature","geometry":{"type":"Point","coordinates":[38.2655,54.9592]},"properties":{"callsign":"TGZ938","hex":"51403f","origin":"Georgia","altitude":4564.38,"velocity":197.53,"heading":134.47,"onGround":false,"type":"Unknown","desc":"OpenSky cat 0","military":false,"spi":false,"category":0,"source":"opensky"}},{"type":"Feature","geometry":{"type":"Point","coordinates":[37.7851,55.5037]},"properties":{"callsign":"SBI1006","hex":"151fd1","origin":"Russian Federation","altitude":624.84,"velocity":63.51,"heading":144.89,"onGround":false,"type":"Unknown","desc":"OpenSky cat 0","military":false,"spi":false,"category":0,"source":"opensky"}},{"type":"Feature","geometry":{"type":"Point","coordinates":[37.4101,55.9732]},"properties":{"callsign":"AFL1004","hex":"151ffa","origin":"Russian Federation","altitude":182.88,"velocity":88.48,"heading":254.83,"onGround":false,"type":"Unknown","desc":"OpenSky cat 0","military":false,"spi":false,"category":0,"source":"opensky"}},{"type":"Feature","geometry":{"type":"Point","coordinates":[37.4006,55.9719]},"properties":{"callsign":"AFL2144","hex":"151fed","origin":"Russian Federation","altitude":220.98,"velocity":88.35,"heading":255.15,"onGround":false,"type":"Unknown","desc":"OpenSky cat 0","military":false,"spi":false,"category":0,"source":"opensky"}},{"type":"Feature","geometry":{"type":"Point","coordinates":[37.4167,55.9781]},"properties":{"callsign":"AFL1015","hex":"151fee","origin":"Russian Federation","altitude":0,"velocity":0,"heading":50.62,"onGround":true,"type":"Unknown","desc":"OpenSky cat 0","military":false,"spi":false,"category":0,"source":"opensky"}},{"type":"Feature","geometry":{"type":"Point","coordinates":[38.4806,57.1241]},"properties":{"callsign":"AUL532","hex":"151fb6","origin":"Russian Federation","altitude":10972.8,"velocity":210.71,"heading":294.06,"onGround":false,"type":"Unknown","desc":"OpenSky cat 0","military":false,"spi":false,"category":0,"source":"opensky"}},{"type":"Feature","geometry":{"type":"Point","coordinates":[171.5879,-35.7239]},"properties":{"callsign":"QFA125","hex":"7c77ff","origin":"Australia","altitude":12489.18,"velocity":257.88,"heading":110.68,"onGround":false,"type":"No emitter category","desc":"OpenSky cat 1","military":false,"spi":false,"category":1,"source":"opensky"}},{"type":"Feature","geometry":{"type":"Point","coordinates":[172.5221,-43.4977]},"properties":{"callsign":"TNZ75","hex":"c82aa5","origin":"New Zealand","altitude":106.68,"velocity":80.36,"heading":39.81,"onGround":false,"type":"Unknown","desc":"OpenSky cat 0","military":false,"spi":false,"category":0,"source":"opensky"}},{"type":"Feature","geometry":{"type":"Point","coordinates":[172.7233,-43.2851]},"properties":{"callsign":"ZKHZM","hex":"c82b46","origin":"New Zealand","altitude":335.28,"velocity":35.69,"heading":15.04,"onGround":false,"type":"Unknown","desc":"OpenSky cat 0","military":false,"spi":false,"category":0,"source":"opensky"}},{"type":"Feature","geometry":{"type":"Point","coordinates":[174.2381,-39.3729]},"properties":{"callsign":"TNZ74","hex":"c82a85","origin":"New Zealand","altitude":10668,"velocity":249.66,"heading":15.78,"onGround":false,"type":"Unknown","desc":"OpenSky cat 0","military":false,"spi":false,"category":0,"source":"opensky"}},{"type":"Feature","geometry":{"type":"Point","coordinates":[174.8168,-41.6398]},"properties":{"callsign":"AWK63","hex":"c82396","origin":"New Zealand","altitude":9761.22,"velocity":189.95,"heading":214.85,"onGround":false,"type":"No emitter category","desc":"OpenSky cat 1","military":false,"spi":false,"category":1,"source":"opensky"}},{"type":"Feature","geometry":{"type":"Point","coordinates":[175.4236,-34.4022]},"properties":{"callsign":"ZKNXJ","hex":"c8222f","origin":"New Zealand","altitude":12496.8,"velocity":189.58,"heading":173.3,"onGround":false,"type":"Unknown","desc":"OpenSky cat 0","military":false,"spi":false,"category":0,"source":"opensky"}},{"type":"Feature","geometry":{"type":"Point","coordinates":[174.8329,-36.9992]},"properties":{"callsign":"QFA147","hex":"7c6de9","origin":"Australia","altitude":91.44,"velocity":69.8,"heading":250.63,"onGround":false,"type":"No emitter category","desc":"OpenSky cat 1","military":false,"spi":false,"category":1,"source":"opensky"}},{"type":"Feature","geometry":{"type":"Point","coordinates":[174.5873,-41.4881]},"properties":{"callsign":"QFA163","hex":"7c6de6","origin":"Australia","altitude":1623.06,"velocity":133.2,"heading":105.92,"onGround":false,"type":"No emitter category","desc":"OpenSky cat 1","military":false,"spi":false,"category":1,"source":"opensky"}},{"type":"Feature","geometry":{"type":"Point","coordinates":[174.8087,-41.319]},"properties":{"callsign":"APT1","hex":"c87ec2","origin":"New Zealand","altitude":0,"velocity":10.8,"heading":182.81,"onGround":true,"type":"Unknown","desc":"OpenSky cat 0","military":false,"spi":false,"category":0,"source":"opensky"}},{"type":"Feature","geometry":{"type":"Point","coordinates":[179.6911,-41.61]},"properties":{"callsign":"TXP2HAWK","hex":"c87efe","origin":"New Zealand","altitude":0,"velocity":0,"heading":165.94,"onGround":true,"type":"Unknown","desc":"OpenSky cat 0","military":false,"spi":false,"category":0,"source":"opensky"}},{"type":"Feature","geometry":{"type":"Point","coordinates":[179.0247,-41.5844]},"properties":{"callsign":"TXP1HAWK","hex":"c87efd","origin":"New Zealand","altitude":0,"velocity":0,"heading":165.94,"onGround":true,"type":"Unknown","desc":"OpenSky cat 0","military":false,"spi":false,"category":0,"source":"opensky"}},{"type":"Feature","geometry":{"type":"Point","coordinates":[174.8121,-37.0049]},"properties":{"callsign":"MAS133","hex":"750599","origin":"Malaysia","altitude":-7.62,"velocity":66.38,"heading":251,"onGround":false,"type":"Unknown","desc":"OpenSky cat 0","military":false,"spi":false,"category":0,"source":"opensky"}},{"type":"Feature","geometry":{"type":"Point","coordinates":[-167.4784,63.8879]},"properties":{"callsign":"DAL27","hex":"a67f8a","origin":"United States","altitude":11582.4,"velocity":212.35,"heading":237.46,"onGround":false,"type":"Unknown","desc":"OpenSky cat 0","military":false,"spi":false,"category":0,"source":"opensky"}},{"type":"Feature","geometry":{"type":"Point","coordinates":[-166.958,64.3965]},"properties":{"callsign":"LN363JH","hex":"a41841","origin":"United States","altitude":7315.2,"velocity":97.87,"heading":259.4,"onGround":false,"type":"Unknown","desc":"OpenSky cat 0","military":false,"spi":false,"category":0,"source":"opensky"}},{"type":"Feature","geometry":{"type":"Point","coordinates":[10.1382,4.0391]},"properties":{"callsign":"QTR49L","hex":"06a1ed","origin":"Qatar","altitude":12496.8,"velocity":237.43,"heading":102.26,"onGround":false,"type":"Unknown","desc":"OpenSky cat 0","military":false,"spi":false,"category":0,"source":"opensky"}},{"type":"Feature","geometry":{"type":"Point","coordinates":[11.9015,4.8305]},"properties":{"callsign":"CRC212","hex":"034044","origin":"Cameroon","altitude":6987.54,"velocity":241.75,"heading":17.97,"onGround":false,"type":"Unknown","desc":"OpenSky cat 0","military":false,"spi":false,"category":0,"source":"opensky"}},{"type":"Feature","geometry":{"type":"Point","coordinates":[-14.8266,14.4106]},"properties":{"callsign":"TAP1477","hex":"49514e","origin":"Portugal","altitude":10363.2,"velocity":238.7,"heading":196.01,"onGround":false,"type":"Unknown","desc":"OpenSky cat 0","military":false,"spi":false,"category":0,"source":"opensky"}},{"type":"Feature","geometry":{"type":"Point","coordinates":[170.9291,-45.1739]},"properties":{"callsign":"SKL2","hex":"c82285","origin":"New Zealand","altitude":5410.2,"velocity":141.71,"heading":199.29,"onGround":false,"type":"Unknown","desc":"OpenSky cat 0","military":false,"spi":false,"category":0,"source":"opensky"}},{"type":"Feature","geometry":{"type":"Point","coordinates":[120.9431,-31.0579]},"properties":{"callsign":"NWK1611","hex":"7c6ca6","origin":"Australia","altitude":6934.2,"velocity":185.81,"heading":238.82,"onGround":false,"type":"No emitter category","desc":"OpenSky cat 1","military":false,"spi":false,"category":1,"source":"opensky"}},{"type":"Feature","geometry":{"type":"Point","coordinates":[2.3082,-48.01]},"properties":{"callsign":"AAL332","hex":"ad3a7f","origin":"United States","altitude":0,"velocity":12.35,"heading":90,"onGround":true,"type":"Unknown","desc":"OpenSky cat 0","military":false,"spi":false,"category":0,"source":"opensky"}},{"type":"Feature","geometry":{"type":"Point","coordinates":[36.9097,-1.4549]},"properties":{"callsign":"5YMCM","hex":"123456","origin":"Russian Federation","altitude":1889.76,"velocity":70.17,"heading":216.95,"onGround":false,"type":"Unknown","desc":"OpenSky cat 0","military":false,"spi":false,"category":0,"source":"opensky"}},{"type":"Feature","geometry":{"type":"Point","coordinates":[36.4522,-1.3642]},"properties":{"callsign":"JM8665","hex":"04c238","origin":"Kenya","altitude":4015.74,"velocity":148.35,"heading":166.16,"onGround":false,"type":"Unknown","desc":"OpenSky cat 0","military":false,"spi":false,"category":0,"source":"opensky"}},{"type":"Feature","geometry":{"type":"Point","coordinates":[37.3558,-2.102]},"properties":{"callsign":"JMA8700","hex":"04c219","origin":"Kenya","altitude":7620,"velocity":154.55,"heading":126.34,"onGround":false,"type":"Unknown","desc":"OpenSky cat 0","military":false,"spi":false,"category":0,"source":"opensky"}},{"type":"Feature","geometry":{"type":"Point","coordinates":[36.9172,-1.327]},"properties":{"callsign":"04c147","hex":"04c147","origin":"Kenya","altitude":0,"velocity":15.95,"heading":53.44,"onGround":true,"type":"Unknown","desc":"OpenSky cat 0","military":false,"spi":false,"category":0,"source":"opensky"}},{"type":"Feature","geometry":{"type":"Point","coordinates":[37.3672,-1.6143]},"properties":{"callsign":"JMA8602","hex":"04c1c0","origin":"Kenya","altitude":5516.88,"velocity":125.17,"heading":133.67,"onGround":false,"type":"Unknown","desc":"OpenSky cat 0","military":false,"spi":false,"category":0,"source":"opensky"}},{"type":"Feature","geometry":{"type":"Point","coordinates":[36.9163,-0.852]},"properties":{"callsign":"TITAN121","hex":"04c1e9","origin":"Kenya","altitude":4122.42,"velocity":132.18,"heading":175.09,"onGround":false,"type":"Unknown","desc":"OpenSky cat 0","military":false,"spi":false,"category":0,"source":"opensky"}},{"type":"Feature","geometry":{"type":"Point","coordinates":[36.9266,-1.3201]},"properties":{"callsign":"KQA491","hex":"04c332","origin":"Kenya","altitude":1501.14,"velocity":77.39,"heading":54.2,"onGround":false,"type":"Unknown","desc":"OpenSky cat 0","military":false,"spi":false,"category":0,"source":"opensky"}},{"type":"Feature","geometry":{"type":"Point","coordinates":[126.6327,-17.7425]},"properties":{"callsign":"ANO338","hex":"7c01e7","origin":"Australia","altitude":9471.66,"velocity":219.73,"heading":225.76,"onGround":false,"type":"Unknown","desc":"OpenSky cat 0","military":false,"spi":false,"category":0,"source":"opensky"}},{"type":"Feature","geometry":{"type":"Point","coordinates":[129.8642,-17.3993]},"properties":{"callsign":"VOZ065","hex":"7cad4c","origin":"Australia","altitude":11582.4,"velocity":251.04,"heading":299.19,"onGround":false,"type":"Unknown","desc":"OpenSky cat 0","military":false,"spi":false,"category":0,"source":"opensky"}},{"type":"Feature","geometry":{"type":"Point","coordinates":[128.2489,-16.1386]},"properties":{"callsign":"7c7ab0","hex":"7c7ab0","origin":"Australia","altitude":11574.78,"velocity":249.65,"heading":297.36,"onGround":false,"type":"Unknown","desc":"OpenSky cat 0","military":false,"spi":false,"category":0,"source":"opensky"}},{"type":"Feature","geometry":{"type":"Point","coordinates":[128.982,-18.2099]},"properties":{"callsign":"VOZ095","hex":"7c7ab1","origin":"Australia","altitude":10972.8,"velocity":242.73,"heading":309.32,"onGround":false,"type":"Unknown","desc":"OpenSky cat 0","military":false,"spi":false,"category":0,"source":"opensky"}},{"type":"Feature","geometry":{"type":"Point","coordinates":[139.0876,-54.4435]},"properties":{"callsign":"UNJYO3","hex":"87aada","origin":"Japan","altitude":0,"velocity":3.86,"heading":174.38,"onGround":true,"type":"Unknown","desc":"OpenSky cat 0","military":false,"spi":false,"category":0,"source":"opensky"}},{"type":"Feature","geometry":{"type":"Point","coordinates":[-57.8294,44.4928]},"properties":{"callsign":"IBE0312","hex":"347343","origin":"Spain","altitude":11887.2,"velocity":282.23,"heading":74.24,"onGround":false,"type":"Unknown","desc":"OpenSky cat 0","military":false,"spi":false,"category":0,"source":"opensky"}},{"type":"Feature","geometry":{"type":"Point","coordinates":[-0.6216,-38.7185]},"properties":{"callsign":"NJE687B","hex":"493294","origin":"Portugal","altitude":0,"velocity":7.72,"heading":109.69,"onGround":true,"type":"Unknown","desc":"OpenSky cat 0","military":false,"spi":false,"category":0,"source":"opensky"}},{"type":"Feature","geometry":{"type":"Point","coordinates":[-72.9764,-4.3245]},"properties":{"callsign":"CMP328","hex":"0c217a","origin":"Panama","altitude":10972.8,"velocity":234.78,"heading":348.37,"onGround":false,"type":"Unknown","desc":"OpenSky cat 0","military":false,"spi":false,"category":0,"source":"opensky"}},{"type":"Feature","geometry":{"type":"Point","coordinates":[3.3571,50.5006]},"properties":{"callsign":"SAS834","hex":"4acb59","origin":"Sweden","altitude":10972.8,"velocity":238.36,"heading":27.23,"onGround":false,"type":"Unknown","desc":"OpenSky cat 0","military":false,"spi":false,"category":0,"source":"opensky"}},{"type":"Feature","geometry":{"type":"Point","coordinates":[12.9321,48.361]},"properties":{"callsign":"EWG1VH","hex":"3c5ee8","origin":"Germany","altitude":6515.1,"velocity":196.13,"heading":337.81,"onGround":false,"type":"Unknown","desc":"OpenSky cat 0","military":false,"spi":false,"category":0,"source":"opensky"}},{"type":"Feature","geometry":{"type":"Point","coordinates":[8.9437,54.0739]},"properties":{"callsign":"EWG2140","hex":"3c5ee6","origin":"Germany","altitude":4724.4,"velocity":180.67,"heading":345.49,"onGround":false,"type":"Unknown","desc":"OpenSky cat 0","military":false,"spi":false,"category":0,"source":"opensky"}},{"type":"Feature","geometry":{"type":"Point","coordinates":[14.7992,48.1774]},"properties":{"callsign":"PGT1185","hex":"4bc8cd","origin":"Turkey","altitude":10363.2,"velocity":215.34,"heading":296.69,"onGround":false,"type":"Unknown","desc":"OpenSky cat 0","military":false,"spi":false,"category":0,"source":"opensky"}},{"type":"Feature","geometry":{"type":"Point","coordinates":[10.2791,47.6361]},"properties":{"callsign":"DMBIY","hex":"3ffc86","origin":"Germany","altitude":1059.18,"velocity":36.44,"heading":161.05,"onGround":false,"type":"Unknown","desc":"OpenSky cat 0","military":false,"spi":false,"category":0,"source":"opensky"}},{"type":"Feature","geometry":{"type":"Point","coordinates":[9.3046,50.8219]},"properties":{"callsign":"EWG5Y","hex":"3c5ee1","origin":"Germany","altitude":6080.76,"velocity":208.21,"heading":296.57,"onGround":false,"type":"Unknown","desc":"OpenSky cat 0","military":false,"spi":false,"category":0,"source":"opensky"}},{"type":"Feature","geometry":{"type":"Point","coordinates":[9.9393,53.424]},"properties":{"callsign":"EWG26K","hex":"3c5ef8","origin":"Germany","altitude":2926.08,"velocity":150.97,"heading":161.32,"onGround":false,"type":"Unknown","desc":"OpenSky cat 0","military":false,"spi":false,"category":0,"source":"opensky"}},{"type":"Feature","geometry":{"type":"Point","coordinates":[12.1562,46.1007]},"properties":{"callsign":"EWG32G","hex":"3c5ef6","origin":"Germany","altitude":11262.36,"velocity":220.32,"heading":185.9,"onGround":false,"type":"Large","desc":"OpenSky cat 4","military":false,"spi":false,"category":4,"source":"opensky"}},{"type":"Feature","geometry":{"type":"Point","coordinates":[9.4109,48.3841]},"properties":{"callsign":"AEE2AD","hex":"46b82a","origin":"Greece","altitude":10066.02,"velocity":245.13,"heading":144.31,"onGround":false,"type":"Unknown","desc":"OpenSky cat 0","military":false,"spi":false,"category":0,"source":"opensky"}},{"type":"Feature","geometry":{"type":"Point","coordinates":[7.9424,50.757]},"properties":{"callsign":"AEE4BT","hex":"46b82b","origin":"Greece","altitude":7246.62,"velocity":214.69,"heading":148.02,"onGround":false,"type":"Unknown","desc":"OpenSky cat 0","military":false,"spi":false,"category":0,"source":"opensky"}},{"type":"Feature","geometry":{"type":"Point","coordinates":[6.2,49.9026]},"properties":{"callsign":"EWG594","hex":"3c5eeb","origin":"Germany","altitude":10546.08,"velocity":216.12,"heading":186.97,"onGround":false,"type":"Unknown","desc":"OpenSky cat 0","military":false,"spi":false,"category":0,"source":"opensky"}},{"type":"Feature","geometry":{"type":"Point","coordinates":[13.6313,54.2624]},"properties":{"callsign":"OYCVW","hex":"458ed7","origin":"Denmark","altitude":9105.9,"velocity":132.11,"heading":142.59,"onGround":false,"type":"Unknown","desc":"OpenSky cat 0","military":false,"spi":false,"category":0,"source":"opensky"}},{"type":"Feature","geometry":{"type":"Point","coordinates":[9.0642,49.956]},"properties":{"callsign":"AEE4TS","hex":"46b832","origin":"Greece","altitude":10157.46,"velocity":245.54,"heading":135.08,"onGround":false,"type":"Unknown","desc":"OpenSky cat 0","military":false,"spi":false,"category":0,"source":"opensky"}},{"type":"Feature","geometry":{"type":"Point","coordinates":[0.1598,51.5644]},"properties":{"callsign":"GGOES","hex":"4057c3","origin":"United Kingdom","altitude":182.88,"velocity":51.94,"heading":326.31,"onGround":false,"type":"Unknown","desc":"OpenSky cat 0","military":false,"spi":false,"category":0,"source":"opensky"}},{"type":"Feature","geometry":{"type":"Point","coordinates":[9.79,49.1545]},"properties":{"callsign":"DMOMO","hex":"3ffc4a","origin":"Germany","altitude":662.94,"velocity":34.59,"heading":210.38,"onGround":false,"type":"Unknown","desc":"OpenSky cat 0","military":false,"spi":false,"category":0,"source":"opensky"}},{"type":"Feature","geometry":{"type":"Point","coordinates":[0.2941,45.1415]},"properties":{"callsign":"NSZ5063","hex":"4aca9a","origin":"Sweden","altitude":11277.6,"velocity":212.29,"heading":211.73,"onGround":false,"type":"Unknown","desc":"OpenSky cat 0","military":false,"spi":false,"category":0,"source":"opensky"}},{"type":"Feature","geometry":{"type":"Point","coordinates":[7.1602,50.7696]},"properties":{"callsign":"DMTLD","hex":"3ffbad","origin":"Germany","altitude":0,"velocity":32.05,"heading":288.73,"onGround":false,"type":"Unknown","desc":"OpenSky cat 0","military":false,"spi":false,"category":0,"source":"opensky"}},{"type":"Feature","geometry":{"type":"Point","coordinates":[3.0976,51.0375]},"properties":{"callsign":"OCO114G","hex":"3d124c","origin":"Germany","altitude":518.16,"velocity":64.17,"heading":12.03,"onGround":false,"type":"Unknown","desc":"OpenSky cat 0","military":false,"spi":false,"category":0,"source":"opensky"}},{"type":"Feature","geometry":{"type":"Point","coordinates":[10.3982,57.6527]},"properties":{"callsign":"NSZ2ES","hex":"4aca89","origin":"Sweden","altitude":11277.6,"velocity":250.22,"heading":54.71,"onGround":false,"type":"Unknown","desc":"OpenSky cat 0","military":false,"spi":false,"category":0,"source":"opensky"}},{"type":"Feature","geometry":{"type":"Point","coordinates":[9.1067,48.9738]},"properties":{"callsign":"NSZ5051","hex":"4aca92","origin":"Sweden","altitude":10363.2,"velocity":217.59,"heading":213.43,"onGround":false,"type":"Unknown","desc":"OpenSky cat 0","military":false,"spi":false,"category":0,"source":"opensky"}},{"type":"Feature","geometry":{"type":"Point","coordinates":[9.7871,47.1605]},"properties":{"callsign":"DEFGR","hex":"3d1289","origin":"Germany","altitude":2110.74,"velocity":54.65,"heading":112.7,"onGround":false,"type":"Unknown","desc":"OpenSky cat 0","military":false,"spi":false,"category":0,"source":"opensky"}},{"type":"Feature","geometry":{"type":"Point","coordinates":[6.288,48.9523]},"properties":{"callsign":"NOZ91H","hex":"4aca8b","origin":"Sweden","altitude":11582.4,"velocity":238.24,"heading":1.24,"onGround":false,"type":"Unknown","desc":"OpenSky cat 0","military":false,"spi":false,"category":0,"source":"opensky"}},{"type":"Feature","geometry":{"type":"Point","coordinates":[10.567,50.0025]},"properties":{"callsign":"DETPS","hex":"3d386c","origin":"Germany","altitude":335.28,"velocity":40.52,"heading":20.05,"onGround":false,"type":"Unknown","desc":"OpenSky cat 0","military":false,"spi":false,"category":0,"source":"opensky"}},{"type":"Feature","geometry":{"type":"Point","coordinates":[8.1784,51.5341]},"properties":{"callsign":"TFL6GD","hex":"4520ce","origin":"Bulgaria","altitude":11590.02,"velocity":215.82,"heading":313.16,"onGround":false,"type":"Unknown","desc":"OpenSky cat 0","military":false,"spi":false,"category":0,"source":"opensky"}},{"type":"Feature","geometry":{"type":"Point","coordinates":[8.1861,51.5066]},"properties":{"callsign":"WZZ59","hex":"471f9a","origin":"Hungary","altitude":6530.34,"velocity":161.46,"heading":276.22,"onGround":false,"type":"Unknown","desc":"OpenSky cat 0","military":false,"spi":false,"category":0,"source":"opensky"}},{"type":"Feature","geometry":{"type":"Point","coordinates":[8.7452,51.2869]},"properties":{"callsign":"WMT2JB","hex":"471f86","origin":"Hungary","altitude":3444.24,"velocity":131.43,"heading":302.69,"onGround":false,"type":"Unknown","desc":"OpenSky cat 0","military":false,"spi":false,"category":0,"source":"opensky"}},{"type":"Feature","geometry":{"type":"Point","coordinates":[8.7145,45.6282]},"properties":{"callsign":"TAM8073","hex":"e48ba7","origin":"Brazil","altitude":0,"velocity":0,"heading":168.75,"onGround":true,"type":"Unknown","desc":"OpenSky cat 0","military":false,"spi":false,"category":0,"source":"opensky"}},{"type":"Feature","geometry":{"type":"Point","coordinates":[4.6438,45.5812]},"properties":{"callsign":"IBE06GL","hex":"34444b","origin":"Spain","altitude":9243.06,"velocity":215.34,"heading":243.31,"onGround":false,"type":"Unknown","desc":"OpenSky cat 0","military":false,"spi":false,"category":0,"source":"opensky"}},{"type":"Feature","geometry":{"type":"Point","coordinates":[-75.5397,39.2775]},"properties":{"callsign":"CAP779","hex":"ada554","origin":"United States","altitude":1196.34,"velocity":57.92,"heading":161.89,"onGround":false,"type":"Unknown","desc":"OpenSky cat 0","military":false,"spi":false,"category":0,"source":"opensky"}},{"type":"Feature","geometry":{"type":"Point","coordinates":[13.8752,48.4783]},"properties":{"callsign":"WZZ3LT","hex":"471f65","origin":"Hungary","altitude":10675.62,"velocity":254.01,"heading":124.69,"onGround":false,"type":"Unknown","desc":"OpenSky cat 0","military":false,"spi":false,"category":0,"source":"opensky"}},{"type":"Feature","geometry":{"type":"Point","coordinates":[9.9561,44.6852]},"properties":{"callsign":"IBE08RW","hex":"344449","origin":"Spain","altitude":11590.02,"velocity":263.08,"heading":81.68,"onGround":false,"type":"Unknown","desc":"OpenSky cat 0","military":false,"spi":false,"category":0,"source":"opensky"}},{"type":"Feature","geometry":{"type":"Point","coordinates":[-79.6742,36.6799]},"properties":{"callsign":"AAL1521","hex":"a03ce6","origin":"United States","altitude":9570.72,"velocity":244.25,"heading":221.24,"onGround":false,"type":"Unknown","desc":"OpenSky cat 0","military":false,"spi":false,"category":0,"source":"opensky"}},{"type":"Feature","geometry":{"type":"Point","coordinates":[9.9481,44.967]},"properties":{"callsign":"DUKE51","hex":"adfece","origin":"United States","altitude":8534.4,"velocity":124.26,"heading":332.37,"onGround":false,"type":"Unknown","desc":"OpenSky cat 13","military":false,"spi":false,"category":13,"source":"opensky"}},{"type":"Feature","geometry":{"type":"Point","coordinates":[8.7472,50.2642]},"properties":{"callsign":"VEGAS12","hex":"adfecd","origin":"United States","altitude":1455.42,"velocity":83.18,"heading":196.53,"onGround":false,"type":"Unknown","desc":"OpenSky cat 13","military":false,"spi":false,"category":13,"source":"opensky"}},{"type":"Feature","geometry":{"type":"Point","coordinates":[13.8767,50.7713]},"properties":{"callsign":"MBU5DF","hex":"51119a","origin":"Estonia","altitude":6918.96,"velocity":190.26,"heading":315.55,"onGround":false,"type":"Unknown","desc":"OpenSky cat 0","military":false,"spi":false,"category":0,"source":"opensky"}},{"type":"Feature","geometry":{"type":"Point","coordinates":[6.0088,51.4709]},"properties":{"callsign":"KOC01","hex":"4bb64b","origin":"Turkey","altitude":13106.4,"velocity":234.45,"heading":283.58,"onGround":false,"type":"Unknown","desc":"OpenSky cat 0","military":false,"spi":false,"category":0,"source":"opensky"}},{"type":"Feature","geometry":{"type":"Point","coordinates":[8.5824,45.3396]},"properties":{"callsign":"EJU4121","hex":"4400b3","origin":"Austria","altitude":1653.54,"velocity":130.08,"heading":79.98,"onGround":false,"type":"Unknown","desc":"OpenSky cat 0","military":false,"spi":false,"category":0,"source":"opensky"}},{"type":"Feature","geometry":{"type":"Point","coordinates":[19.8446,44.5331]},"properties":{"callsign":"WZZ81AS","hex":"471f44","origin":"Hungary","altitude":10675.62,"velocity":226.26,"heading":185.22,"onGround":false,"type":"Unknown","desc":"OpenSky cat 0","military":false,"spi":false,"category":0,"source":"opensky"}},{"type":"Feature","geometry":{"type":"Point","coordinates":[-83.7678,32.5535]},"properties":{"callsign":"N101KT","hex":"a0095e","origin":"United States","altitude":297.18,"velocity":45.89,"heading":176.14,"onGround":false,"type":"Unknown","desc":"OpenSky cat 0","military":false,"spi":false,"category":0,"source":"opensky"}},{"type":"Feature","geometry":{"type":"Point","coordinates":[12.9923,52.1867]},"properties":{"callsign":"EJU93DL","hex":"4400dc","origin":"Austria","altitude":3375.66,"velocity":140.47,"heading":249.64,"onGround":false,"type":"Unknown","desc":"OpenSky cat 0","military":false,"spi":false,"category":0,"source":"opensky"}},{"type":"Feature","geometry":{"type":"Point","coordinates":[7.3118,51.5859]},"properties":{"callsign":"WMT9NX","hex":"471f58","origin":"Hungary","altitude":6080.76,"velocity":156.73,"heading":273.76,"onGround":false,"type":"Unknown","desc":"OpenSky cat 0","military":false,"spi":false,"category":0,"source":"opensky"}},{"type":"Feature","geometry":{"type":"Point","coordinates":[23.1685,37.2852]},"properties":{"callsign":"SXGAK","hex":"469c2b","origin":"Greece","altitude":899.16,"velocity":42.34,"heading":94.88,"onGround":false,"type":"Unknown","desc":"OpenSky cat 0","military":false,"spi":false,"category":0,"source":"opensky"}},{"type":"Feature","geometry":{"type":"Point","coordinates":[19.8387,44.622]},"properties":{"callsign":"WZZ94HR","hex":"471f3d","origin":"Hungary","altitude":10050.78,"velocity":233.04,"heading":186.59,"onGround":false,"type":"Unknown","desc":"OpenSky cat 0","military":false,"spi":false,"category":0,"source":"opensky"}},{"type":"Feature","geometry":{"type":"Point","coordinates":[24.5192,38.4385]},"properties":{"callsign":"SXGAP","hex":"469c30","origin":"Greece","altitude":1645.92,"velocity":42.73,"heading":357.93,"onGround":false,"type":"Unknown","desc":"OpenSky cat 0","military":false,"spi":false,"category":0,"source":"opensky"}},{"type":"Feature","geometry":{"type":"Point","coordinates":[7.9038,47.1096]},"properties":{"callsign":"EMO75","hex":"4400d6","origin":"Austria","altitude":10363.2,"velocity":235.31,"heading":310.66,"onGround":false,"type":"No emitter category","desc":"OpenSky cat 1","military":false,"spi":false,"category":1,"source":"opensky"}},{"type":"Feature","geometry":{"type":"Point","coordinates":[9.4701,50.2156]},"properties":{"callsign":"KLC71F","hex":"3c4d4a","origin":"Germany","altitude":6743.7,"velocity":231.69,"heading":117.08,"onGround":false,"type":"Unknown","desc":"OpenSky cat 0","military":false,"spi":false,"category":0,"source":"opensky"}},{"type":"Feature","geometry":{"type":"Point","coordinates":[8.5728,47.4536]},"properties":{"callsign":"AXS777","hex":"5003a7","origin":"San Marino","altitude":0,"velocity":0,"heading":45,"onGround":true,"type":"Unknown","desc":"OpenSky cat 0","military":false,"spi":false,"category":0,"source":"opensky"}},{"type":"Feature","geometry":{"type":"Point","coordinates":[0.2541,51.2396]},"properties":{"callsign":"GOMST","hex":"40450a","origin":"United Kingdom","altitude":274.32,"velocity":42.9,"heading":264.49,"onGround":false,"type":"Unknown","desc":"OpenSky cat 0","military":false,"spi":false,"category":0,"source":"opensky"}},{"type":"Feature","geometry":{"type":"Point","coordinates":[4.913,43.36]},"properties":{"callsign":"VLG4JU","hex":"344409","origin":"Spain","altitude":9761.22,"velocity":221.9,"heading":355.48,"onGround":false,"type":"Unknown","desc":"OpenSky cat 0","military":false,"spi":false,"category":0,"source":"opensky"}},{"type":"Feature","geometry":{"type":"Point","coordinates":[23.2125,42.768]},"properties":{"callsign":"WZZ1013","hex":"471f35","origin":"Hungary","altitude":2255.52,"velocity":144.86,"heading":262.24,"onGround":false,"type":"Unknown","desc":"OpenSky cat 0","military":false,"spi":false,"category":0,"source":"opensky"}},{"type":"Feature","geometry":{"type":"Point","coordinates":[87.1971,20.6772]},"properties":{"callsign":"AXB46K","hex":"801607","origin":"India","altitude":9753.6,"velocity":228.12,"heading":223.99,"onGround":false,"type":"Unknown","desc":"OpenSky cat 0","military":false,"spi":false,"category":0,"source":"opensky"}},{"type":"Feature","geometry":{"type":"Point","coordinates":[-83.9776,34.5883]},"properties":{"callsign":"N7426","hex":"a9fd22","origin":"United States","altitude":3764.28,"velocity":176.67,"heading":182.84,"onGround":false,"type":"Unknown","desc":"OpenSky cat 0","military":false,"spi":false,"category":0,"source":"opensky"}},{"type":"Feature","geometry":{"type":"Point","coordinates":[15.6579,43.3337]},"properties":{"callsign":"AIC162","hex":"801612","origin":"India","altitude":11887.2,"velocity":263.09,"heading":139.52,"onGround":false,"type":"Unknown","desc":"OpenSky cat 0","military":false,"spi":false,"category":0,"source":"opensky"}},{"type":"Feature","geometry":{"type":"Point","coordinates":[3.6302,41.5681]},"properties":{"callsign":"WMT931","hex":"471f03","origin":"Hungary","altitude":10965.18,"velocity":258.63,"heading":77.59,"onGround":false,"type":"Unknown","desc":"OpenSky cat 0","military":false,"spi":false,"category":0,"source":"opensky"}},{"type":"Feature","geometry":{"type":"Point","coordinates":[10.5786,53.9587]},"properties":{"callsign":"WZZ4937","hex":"471f00","origin":"Hungary","altitude":4975.86,"velocity":186.12,"heading":57.76,"onGround":false,"type":"Unknown","desc":"OpenSky cat 0","military":false,"spi":false,"category":0,"source":"opensky"}},{"type":"Feature","geometry":{"type":"Point","coordinates":[6.9462,50.5553]},"properties":{"callsign":"WMT481","hex":"471f04","origin":"Hungary","altitude":7383.78,"velocity":184.83,"heading":267.77,"onGround":false,"type":"Unknown","desc":"OpenSky cat 0","military":false,"spi":false,"category":0,"source":"opensky"}},{"type":"Feature","geometry":{"type":"Point","coordinates":[8.9117,45.2241]},"properties":{"callsign":"WMT6QH","hex":"471f05","origin":"Hungary","altitude":1394.46,"velocity":122.68,"heading":289.35,"onGround":false,"type":"Unknown","desc":"OpenSky cat 0","military":false,"spi":false,"category":0,"source":"opensky"}},{"type":"Feature","geometry":{"type":"Point","coordinates":[-86.631,31.367]},"properties":{"callsign":"N650HG","hex":"a88d70","origin":"United States","altitude":10370.82,"velocity":233.7,"heading":278.74,"onGround":false,"type":"Unknown","desc":"OpenSky cat 0","military":false,"spi":false,"category":0,"source":"opensky"}},{"type":"Feature","geometry":{"type":"Point","coordinates":[13.4497,48.4009]},"properties":{"callsign":"EUROPA3","hex":"4400a1","origin":"Austria","altitude":259.08,"velocity":0,"heading":0,"onGround":false,"type":"Unknown","desc":"OpenSky cat 0","military":false,"spi":false,"category":0,"source":"opensky"}},{"type":"Feature","geometry":{"type":"Point","coordinates":[12.556,47.9764]},"properties":{"callsign":"DKYGL","hex":"3edbf7","origin":"Germany","altitude":1173.48,"velocity":37.18,"heading":14.42,"onGround":false,"type":"Unknown","desc":"OpenSky cat 0","military":false,"spi":false,"category":0,"source":"opensky"}},{"type":"Feature","geometry":{"type":"Point","coordinates":[5.5816,43.9958]},"properties":{"callsign":"FHDRU","hex":"398e34","origin":"France","altitude":1630.68,"velocity":59.87,"heading":17.5,"onGround":false,"type":"Unknown","desc":"OpenSky cat 0","military":false,"spi":false,"category":0,"source":"opensky"}},{"type":"Feature","geometry":{"type":"Point","coordinates":[-79.6155,43.6816]},"properties":{"callsign":"00000000","hex":"c07e2c","origin":"Canada","altitude":0,"velocity":0.06,"heading":59.06,"onGround":true,"type":"Unknown","desc":"OpenSky cat 0","military":false,"spi":false,"category":0,"source":"opensky"}},{"type":"Feature","geometry":{"type":"Point","coordinates":[-81.0505,36.4399]},"properties":{"callsign":"EDV4965","hex":"a7cfb7","origin":"United States","altitude":10363.2,"velocity":237.91,"heading":225.35,"onGround":false,"type":"No emitter category","desc":"OpenSky cat 1","military":false,"spi":false,"category":1,"source":"opensky"}},{"type":"Feature","geometry":{"type":"Point","coordinates":[-83.2699,35.8665]},"properties":{"callsign":"SWA1020","hex":"ac2412","origin":"United States","altitude":10972.8,"velocity":237.37,"heading":274.47,"onGround":false,"type":"Unknown","desc":"OpenSky cat 0","military":false,"spi":false,"category":0,"source":"opensky"}},{"type":"Feature","geometry":{"type":"Point","coordinates":[4.3921,51.1535]},"properties":{"callsign":"WUK2BY","hex":"407b55","origin":"United Kingdom","altitude":10972.8,"velocity":211.71,"heading":293.64,"onGround":false,"type":"Unknown","desc":"OpenSky cat 0","military":false,"spi":false,"category":0,"source":"opensky"}},{"type":"Feature","geometry":{"type":"Point","coordinates":[-85.1425,36.4605]},"properties":{"callsign":"SWA2285","hex":"abadc0","origin":"United States","altitude":11887.2,"velocity":232.26,"heading":168.24,"onGround":false,"type":"Unknown","desc":"OpenSky cat 0","military":false,"spi":false,"category":0,"source":"opensky"}},{"type":"Feature","geometry":{"type":"Point","coordinates":[10.2584,59.1527]},"properties":{"callsign":"LNELT","hex":"47b380","origin":"Norway","altitude":274.32,"velocity":38.86,"heading":6.84,"onGround":false,"type":"Unknown","desc":"OpenSky cat 0","military":false,"spi":false,"category":0,"source":"opensky"}},{"type":"Feature","geometry":{"type":"Point","coordinates":[0.2676,57.6203]},"properties":{"callsign":"NHZ631","hex":"407b2c","origin":"United Kingdom","altitude":960.12,"velocity":92.93,"heading":73.27,"onGround":false,"type":"Unknown","desc":"OpenSky cat 0","military":false,"spi":false,"category":0,"source":"opensky"}},{"type":"Feature","geometry":{"type":"Point","coordinates":[77.1909,28.4222]},"properties":{"callsign":"IGO349","hex":"80172c","origin":"India","altitude":3375.66,"velocity":133.09,"heading":102.05,"onGround":false,"type":"Unknown","desc":"OpenSky cat 0","military":false,"spi":false,"category":0,"source":"opensky"}},{"type":"Feature","geometry":{"type":"Point","coordinates":[-85.9094,39.71]},"properties":{"callsign":"N319PW","hex":"a3699a","origin":"United States","altitude":1485.9,"velocity":93.07,"heading":139.71,"onGround":false,"type":"Unknown","desc":"OpenSky cat 0","military":false,"spi":false,"category":0,"source":"opensky"}},{"type":"Feature","geometry":{"type":"Point","coordinates":[86.5341,22.2275]},"properties":{"callsign":"IGO405K","hex":"801742","origin":"India","altitude":9235.44,"velocity":232.81,"heading":261.87,"onGround":false,"type":"Unknown","desc":"OpenSky cat 0","military":false,"spi":false,"category":0,"source":"opensky"}},{"type":"Feature","geometry":{"type":"Point","coordinates":[-80.9624,35.1666]},"properties":{"callsign":"AAL2938","hex":"ad574f","origin":"United States","altitude":373.38,"velocity":74.34,"heading":355.24,"onGround":false,"type":"No emitter category","desc":"OpenSky cat 1","military":false,"spi":false,"category":1,"source":"opensky"}},{"type":"Feature","geometry":{"type":"Point","coordinates":[6.3862,51.6577]},"properties":{"callsign":"AUA346","hex":"4402a3","origin":"Austria","altitude":10668,"velocity":253.33,"heading":113.96,"onGround":false,"type":"No emitter category","desc":"OpenSky cat 1","military":false,"spi":false,"category":1,"source":"opensky"}},{"type":"Feature","geometry":{"type":"Point","coordinates":[0.0741,51.9977]},"properties":{"callsign":"GCLTE","hex":"407b25","origin":"United Kingdom","altitude":114.3,"velocity":20.38,"heading":222.95,"onGround":false,"type":"Unknown","desc":"OpenSky cat 0","military":false,"spi":false,"category":0,"source":"opensky"}},{"type":"Feature","geometry":{"type":"Point","coordinates":[89.9594,25.3305]},"properties":{"callsign":"IGO6344","hex":"801752","origin":"India","altitude":9410.7,"velocity":227.74,"heading":57.17,"onGround":false,"type":"Unknown","desc":"OpenSky cat 0","military":false,"spi":false,"category":0,"source":"opensky"}},{"type":"Feature","geometry":{"type":"Point","coordinates":[-79.6036,43.6768]},"properties":{"callsign":"JZA835","hex":"c035d4","origin":"Canada","altitude":0,"velocity":7.72,"heading":19.69,"onGround":true,"type":"Unknown","desc":"OpenSky cat 0","military":false,"spi":false,"category":0,"source":"opensky"}},{"type":"Feature","geometry":{"type":"Point","coordinates":[-81.2113,41.3031]},"properties":{"callsign":"GJS4166","hex":"a76cc0","origin":"United States","altitude":10363.2,"velocity":196.69,"heading":320.73,"onGround":false,"type":"Unknown","desc":"OpenSky cat 0","military":false,"spi":false,"category":0,"source":"opensky"}},{"type":"Feature","geometry":{"type":"Point","coordinates":[23.668,59.1731]},"properties":{"callsign":"ESPWB","hex":"51104c","origin":"Estonia","altitude":411.48,"velocity":68.83,"heading":250.35,"onGround":false,"type":"Unknown","desc":"OpenSky cat 0","military":false,"spi":false,"category":0,"source":"opensky"}},{"type":"Feature","geometry":{"type":"Point","coordinates":[-87.5244,35.6832]},"properties":{"callsign":"SWA753","hex":"ac245c","origin":"United States","altitude":12192,"velocity":228.15,"heading":313.63,"onGround":false,"type":"Unknown","desc":"OpenSky cat 0","military":false,"spi":false,"category":0,"source":"opensky"}},{"type":"Feature","geometry":{"type":"Point","coordinates":[1.0395,58.9356]},"properties":{"callsign":"DLH456","hex":"3c4b2d","origin":"Germany","altitude":9753.6,"velocity":258.18,"heading":345.11,"onGround":false,"type":"Unknown","desc":"OpenSky cat 0","military":false,"spi":false,"category":0,"source":"opensky"}},{"type":"Feature","geometry":{"type":"Point","coordinates":[7.083,43.519]},"properties":{"callsign":"EWG2YR","hex":"3c4b45","origin":"Germany","altitude":2293.62,"velocity":141.76,"heading":286.66,"onGround":false,"type":"Unknown","desc":"OpenSky cat 0","military":false,"spi":false,"category":0,"source":"opensky"}},{"type":"Feature","geometry":{"type":"Point","coordinates":[-82.0532,38.753]},"properties":{"callsign":"UAL2115","hex":"a8dd7b","origin":"United States","altitude":10972.8,"velocity":225.64,"heading":266.99,"onGround":false,"type":"Unknown","desc":"OpenSky cat 0","military":false,"spi":false,"category":0,"source":"opensky"}},{"type":"Feature","geometry":{"type":"Point","coordinates":[1.7856,50.5606]},"properties":{"callsign":"DAL183","hex":"ab048d","origin":"United States","altitude":10363.2,"velocity":228.33,"heading":321.22,"onGround":false,"type":"Unknown","desc":"OpenSky cat 0","military":false,"spi":false,"category":0,"source":"opensky"}},{"type":"Feature","geometry":{"type":"Point","coordinates":[77.3842,28.3482]},"properties":{"callsign":"IGO527E","hex":"801788","origin":"India","altitude":2827.02,"velocity":132.57,"heading":42.17,"onGround":false,"type":"Unknown","desc":"OpenSky cat 0","military":false,"spi":false,"category":0,"source":"opensky"}},{"type":"Feature","geometry":{"type":"Point","coordinates":[88.4419,22.6401]},"properties":{"callsign":"AKJ389U","hex":"801786","origin":"India","altitude":0,"velocity":5.92,"heading":275.62,"onGround":true,"type":"Unknown","desc":"OpenSky cat 0","military":false,"spi":false,"category":0,"source":"opensky"}},{"type":"Feature","geometry":{"type":"Point","coordinates":[10.5718,47.3439]},"properties":{"callsign":"WUK7JA","hex":"407b70","origin":"United Kingdom","altitude":10965.18,"velocity":212.68,"heading":312.26,"onGround":false,"type":"Unknown","desc":"OpenSky cat 0","military":false,"spi":false,"category":0,"source":"opensky"}},{"type":"Feature","geometry":{"type":"Point","coordinates":[17.4005,48.324]},"properties":{"callsign":"OMEXP","hex":"505e05","origin":"Slovakia","altitude":297.18,"velocity":28.97,"heading":253.5,"onGround":false,"type":"Unknown","desc":"OpenSky cat 0","military":false,"spi":false,"category":0,"source":"opensky"}},{"type":"Feature","geometry":{"type":"Point","coordinates":[81.8307,26.3362]},"properties":{"callsign":"IGO626M","hex":"80177d","origin":"India","altitude":10058.4,"velocity":241.93,"heading":110.67,"onGround":false,"type":"Unknown","desc":"OpenSky cat 0","military":false,"spi":false,"category":0,"source":"opensky"}},{"type":"Feature","geometry":{"type":"Point","coordinates":[76.1037,26.9652]},"properties":{"callsign":"IGO471V","hex":"801793","origin":"India","altitude":9791.7,"velocity":239.55,"heading":203.81,"onGround":false,"type":"Unknown","desc":"OpenSky cat 0","military":false,"spi":false,"category":0,"source":"opensky"}},{"type":"Feature","geometry":{"type":"Point","coordinates":[84.2891,25.0127]},"properties":{"callsign":"IGO52AR","hex":"801792","origin":"India","altitude":10957.56,"velocity":234.7,"heading":300.27,"onGround":false,"type":"Unknown","desc":"OpenSky cat 0","military":false,"spi":false,"category":0,"source":"opensky"}},{"type":"Feature","geometry":{"type":"Point","coordinates":[6.6841,47.6539]},"properties":{"callsign":"EWG6QP","hex":"3c4b4b","origin":"Germany","altitude":10195.56,"velocity":225.97,"heading":184.31,"onGround":false,"type":"Unknown","desc":"OpenSky cat 0","military":false,"spi":false,"category":0,"source":"opensky"}},{"type":"Feature","geometry":{"type":"Point","coordinates":[-83.3237,42.5805]},"properties":{"callsign":"JBU816","hex":"ada5ee","origin":"United States","altitude":10668,"velocity":263.53,"heading":99.66,"onGround":false,"type":"Large","desc":"OpenSky cat 4","military":false,"spi":false,"category":4,"source":"opensky"}},{"type":"Feature","geometry":{"type":"Point","coordinates":[-2.9239,42.3601]},"properties":{"callsign":"VLG7JJ","hex":"3443d3","origin":"Spain","altitude":10363.2,"velocity":255.04,"heading":97.07,"onGround":false,"type":"Unknown","desc":"OpenSky cat 0","military":false,"spi":false,"category":0,"source":"opensky"}},{"type":"Feature","geometry":{"type":"Point","coordinates":[-2.82,51.8448]},"properties":{"callsign":"IFA6345","hex":"3c171b","origin":"Germany","altitude":12192,"velocity":233.48,"heading":280.67,"onGround":false,"type":"Unknown","desc":"OpenSky cat 0","military":false,"spi":false,"category":0,"source":"opensky"}},{"type":"Feature","geometry":{"type":"Point","coordinates":[-87.1549,38.4701]},"properties":{"callsign":"DAL1436","hex":"a45091","origin":"United States","altitude":11887.2,"velocity":241.21,"heading":170.92,"onGround":false,"type":"Unknown","desc":"OpenSky cat 0","military":false,"spi":false,"category":0,"source":"opensky"}},{"type":"Feature","geometry":{"type":"Point","coordinates":[9.1426,53.2414]},"properties":{"callsign":"DMYFG","hex":"3ffb83","origin":"Germany","altitude":274.32,"velocity":44.86,"heading":310.82,"onGround":false,"type":"Unknown","desc":"OpenSky cat 0","military":false,"spi":false,"category":0,"source":"opensky"}},{"type":"Feature","geometry":{"type":"Point","coordinates":[8.6794,49.9626]},"properties":{"callsign":"DETCN","hex":"3d3715","origin":"Germany","altitude":228.6,"velocity":31.29,"heading":260.54,"onGround":false,"type":"Unknown","desc":"OpenSky cat 0","military":false,"spi":false,"category":0,"source":"opensky"}},{"type":"Feature","geometry":{"type":"Point","coordinates":[1.7994,49.4362]},"properties":{"callsign":"NSZ3613","hex":"4aca04","origin":"Sweden","altitude":10972.8,"velocity":253.48,"heading":42.2,"onGround":false,"type":"Unknown","desc":"OpenSky cat 0","military":false,"spi":false,"category":0,"source":"opensky"}},{"type":"Feature","geometry":{"type":"Point","coordinates":[15.8679,46.5946]},"properties":{"callsign":"S5DUG","hex":"506fd9","origin":"Slovenia","altitude":2065.02,"velocity":57,"heading":233.44,"onGround":false,"type":"Unknown","desc":"OpenSky cat 0","military":false,"spi":false,"category":0,"source":"opensky"}},{"type":"Feature","geometry":{"type":"Point","coordinates":[3.2466,41.61]},"properties":{"callsign":"NSZ365L","hex":"4aca06","origin":"Sweden","altitude":7886.7,"velocity":243.8,"heading":61.38,"onGround":false,"type":"Unknown","desc":"OpenSky cat 0","military":false,"spi":false,"category":0,"source":"opensky"}},{"type":"Feature","geometry":{"type":"Point","coordinates":[2.0608,47.6305]},"properties":{"callsign":"NSZ3LE","hex":"4aca08","origin":"Sweden","altitude":11277.6,"velocity":220.25,"heading":193.09,"onGround":false,"type":"Unknown","desc":"OpenSky cat 0","military":false,"spi":false,"category":0,"source":"opensky"}},{"type":"Feature","geometry":{"type":"Point","coordinates":[12.4317,57.8183]},"properties":{"callsign":"NSZ5283","hex":"4aca09","origin":"Sweden","altitude":1150.62,"velocity":100.6,"heading":235.42,"onGround":false,"type":"Unknown","desc":"OpenSky cat 0","military":false,"spi":false,"category":0,"source":"opensky"}},{"type":"Feature","geometry":{"type":"Point","coordinates":[-77.0417,38.8558]},"properties":{"callsign":"AAL2819","hex":"aa8164","origin":"United States","altitude":0,"velocity":0.06,"heading":334.69,"onGround":true,"type":"Unknown","desc":"OpenSky cat 0","military":false,"spi":false,"category":0,"source":"opensky"}},{"type":"Feature","geometry":{"type":"Point","coordinates":[7.3866,47.2104]},"properties":{"callsign":"HB3341","hex":"4b51b4","origin":"Switzerland","altitude":1470.66,"velocity":28.76,"heading":243.43,"onGround":false,"type":"Unknown","desc":"OpenSky cat 0","military":false,"spi":false,"category":0,"source":"opensky"}},{"type":"Feature","geometry":{"type":"Point","coordinates":[13.5799,53.8738]},"properties":{"callsign":"NSZ3582","hex":"4aca13","origin":"Sweden","altitude":11277.6,"velocity":232.24,"heading":170.31,"onGround":false,"type":"Unknown","desc":"OpenSky cat 0","military":false,"spi":false,"category":0,"source":"opensky"}},{"type":"Feature","geometry":{"type":"Point","coordinates":[0.6987,47.1093]},"properties":{"callsign":"NSZ1KS","hex":"4aca12","origin":"Sweden","altitude":11582.4,"velocity":241.39,"heading":4.16,"onGround":false,"type":"Unknown","desc":"OpenSky cat 0","military":false,"spi":false,"category":0,"source":"opensky"}},{"type":"Feature","geometry":{"type":"Point","coordinates":[15.8973,55.2716]},"properties":{"callsign":"NSZ56J","hex":"4aca14","origin":"Sweden","altitude":11887.2,"velocity":240.33,"heading":16.03,"onGround":false,"type":"Unknown","desc":"OpenSky cat 0","military":false,"spi":false,"category":0,"source":"opensky"}},{"type":"Feature","geometry":{"type":"Point","coordinates":[-95.2698,35.2074]},"properties":{"callsign":"N550LV","hex":"a70079","origin":"United States","altitude":10919.46,"velocity":203.57,"heading":97.84,"onGround":false,"type":"Unknown","desc":"OpenSky cat 0","military":false,"spi":false,"category":0,"source":"opensky"}},{"type":"Feature","geometry":{"type":"Point","coordinates":[2.7267,41.0924]},"properties":{"callsign":"NSZ5639","hex":"4aca0b","origin":"Sweden","altitude":9624.06,"velocity":228.51,"heading":181.68,"onGround":false,"type":"Unknown","desc":"OpenSky cat 0","military":false,"spi":false,"category":0,"source":"opensky"}},{"type":"Feature","geometry":{"type":"Point","coordinates":[2.9153,49.088]},"properties":{"callsign":"NSZ5321","hex":"4aca0a","origin":"Sweden","altitude":11277.6,"velocity":209.31,"heading":208.96,"onGround":false,"type":"Unknown","desc":"OpenSky cat 0","military":false,"spi":false,"category":0,"source":"opensky"}},{"type":"Feature","geometry":{"type":"Point","coordinates":[12.6377,55.6256]},"properties":{"callsign":"NSZ3225","hex":"4aca0d","origin":"Sweden","altitude":0,"velocity":9.26,"heading":357.19,"onGround":true,"type":"Unknown","desc":"OpenSky cat 0","military":false,"spi":false,"category":0,"source":"opensky"}},{"type":"Feature","geometry":{"type":"Point","coordinates":[12.6435,55.6221]},"properties":{"callsign":"SAS937","hex":"4aca64","origin":"Sweden","altitude":0,"velocity":6.94,"heading":219.38,"onGround":true,"type":"Unknown","desc":"OpenSky cat 0","military":false,"spi":false,"category":0,"source":"opensky"}},{"type":"Feature","geometry":{"type":"Point","coordinates":[14.6298,53.5058]},"properties":{"callsign":"SAS983","hex":"4aca66","origin":"Sweden","altitude":9479.28,"velocity":267.1,"heading":140.39,"onGround":false,"type":"Unknown","desc":"OpenSky cat 0","military":false,"spi":false,"category":0,"source":"opensky"}},{"type":"Feature","geometry":{"type":"Point","coordinates":[9.9282,56.8808]},"properties":{"callsign":"SAS935","hex":"4aca67","origin":"Sweden","altitude":9464.04,"velocity":245.19,"heading":314.49,"onGround":false,"type":"Unknown","desc":"OpenSky cat 0","military":false,"spi":false,"category":0,"source":"opensky"}},{"type":"Feature","geometry":{"type":"Point","coordinates":[18.4692,44.2938]},"properties":{"callsign":"MGH272","hex":"4bb4ec","origin":"Turkey","altitude":11277.6,"velocity":252.76,"heading":128.97,"onGround":false,"type":"Unknown","desc":"OpenSky cat 0","military":false,"spi":false,"category":0,"source":"opensky"}},{"type":"Feature","geometry":{"type":"Point","coordinates":[77.1074,28.5417]},"properties":{"callsign":"AIC7KU","hex":"8016a6","origin":"India","altitude":342.9,"velocity":71.99,"heading":283.64,"onGround":false,"type":"Unknown","desc":"OpenSky cat 0","military":false,"spi":false,"category":0,"source":"opensky"}},{"type":"Feature","geometry":{"type":"Point","coordinates":[15.4008,48.2168]},"properties":{"callsign":"OEAES","hex":"44032e","origin":"Austria","altitude":1005.84,"velocity":47.69,"heading":290.19,"onGround":false,"type":"Unknown","desc":"OpenSky cat 0","military":false,"spi":false,"category":0,"source":"opensky"}},{"type":"Feature","geometry":{"type":"Point","coordinates":[-78.8902,42.1656]},"properties":{"callsign":"N26VJ","hex":"a27e88","origin":"United States","altitude":5364.48,"velocity":117.44,"heading":191.11,"onGround":false,"type":"Unknown","desc":"OpenSky cat 0","military":false,"spi":false,"category":0,"source":"opensky"}},{"type":"Feature","geometry":{"type":"Point","coordinates":[80.0425,27.371]},"properties":{"callsign":"IGO541M","hex":"8016a9","origin":"India","altitude":10355.58,"velocity":234,"heading":313.31,"onGround":false,"type":"Unknown","desc":"OpenSky cat 0","military":false,"spi":false,"category":0,"source":"opensky"}},{"type":"Feature","geometry":{"type":"Point","coordinates":[-82.1986,38.3979]},"properties":{"callsign":"SWA968","hex":"a2bb10","origin":"United States","altitude":12192,"velocity":217.13,"heading":265.92,"onGround":false,"type":"Unknown","desc":"OpenSky cat 0","military":false,"spi":false,"category":0,"source":"opensky"}},{"type":"Feature","geometry":{"type":"Point","coordinates":[12.1078,57.6427]},"properties":{"callsign":"SAS24F","hex":"4aca70","origin":"Sweden","altitude":10210.8,"velocity":212,"heading":355.83,"onGround":false,"type":"Unknown","desc":"OpenSky cat 0","military":false,"spi":false,"category":0,"source":"opensky"}},{"type":"Feature","geometry":{"type":"Point","coordinates":[12.6412,55.6193]},"properties":{"callsign":"SAS2986","hex":"4aca73","origin":"Sweden","altitude":0,"velocity":5.14,"heading":205.31,"onGround":true,"type":"Unknown","desc":"OpenSky cat 0","military":false,"spi":false,"category":0,"source":"opensky"}},{"type":"Feature","geometry":{"type":"Point","coordinates":[22.406,37.3001]},"properties":{"callsign":"OYSES","hex":"45ccb3","origin":"Denmark","altitude":13251.18,"velocity":193.03,"heading":153.23,"onGround":false,"type":"Unknown","desc":"OpenSky cat 0","military":false,"spi":false,"category":0,"source":"opensky"}},{"type":"Feature","geometry":{"type":"Point","coordinates":[-80.9896,32.339]},"properties":{"callsign":"JIA5386","hex":"a6f326","origin":"United States","altitude":8831.58,"velocity":214.76,"heading":19.3,"onGround":false,"type":"Unknown","desc":"OpenSky cat 0","military":false,"spi":false,"category":0,"source":"opensky"}},{"type":"Feature","geometry":{"type":"Point","coordinates":[12.6412,55.6193]},"properties":{"callsign":"SAS2746","hex":"4aca75","origin":"Sweden","altitude":0,"velocity":8.75,"heading":205.31,"onGround":true,"type":"Unknown","desc":"OpenSky cat 0","military":false,"spi":false,"category":0,"source":"opensky"}},{"type":"Feature","geometry":{"type":"Point","coordinates":[5.6358,58.9396]},"properties":{"callsign":"SAS4159","hex":"4aca74","origin":"Sweden","altitude":304.8,"velocity":66.89,"heading":179.12,"onGround":false,"type":"Unknown","desc":"OpenSky cat 0","military":false,"spi":false,"category":0,"source":"opensky"}},{"type":"Feature","geometry":{"type":"Point","coordinates":[17.9539,59.7855]},"properties":{"callsign":"SAS2471","hex":"4aca78","origin":"Sweden","altitude":1485.9,"velocity":136.52,"heading":3.02,"onGround":false,"type":"Unknown","desc":"OpenSky cat 0","military":false,"spi":false,"category":0,"source":"opensky"}},{"type":"Feature","geometry":{"type":"Point","coordinates":[12.4991,55.5581]},"properties":{"callsign":"SAS1868","hex":"4aca6b","origin":"Sweden","altitude":1272.54,"velocity":104.63,"heading":281.92,"onGround":false,"type":"Unknown","desc":"OpenSky cat 0","military":false,"spi":false,"category":0,"source":"opensky"}},{"type":"Feature","geometry":{"type":"Point","coordinates":[17.9266,59.6525]},"properties":{"callsign":"SAS497","hex":"4aca6d","origin":"Sweden","altitude":0,"velocity":0,"heading":106.88,"onGround":true,"type":"Unknown","desc":"OpenSky cat 0","military":false,"spi":false,"category":0,"source":"opensky"}},{"type":"Feature","geometry":{"type":"Point","coordinates":[-76.5698,36.1225]},"properties":{"callsign":"CXK230","hex":"a235f5","origin":"United States","altitude":457.2,"velocity":43.22,"heading":180.68,"onGround":false,"type":"Unknown","desc":"OpenSky cat 0","military":false,"spi":false,"category":0,"source":"opensky"}},{"type":"Feature","geometry":{"type":"Point","coordinates":[-82.9914,34.8438]},"properties":{"callsign":"DAL2242","hex":"a475a3","origin":"United States","altitude":9791.7,"velocity":245.98,"heading":223.64,"onGround":false,"type":"Unknown","desc":"OpenSky cat 0","military":false,"spi":false,"category":0,"source":"opensky"}},{"type":"Feature","geometry":{"type":"Point","coordinates":[-82.1248,32.2025]},"properties":{"callsign":"JBU2489","hex":"ab0416","origin":"United States","altitude":11582.4,"velocity":235.48,"heading":164.93,"onGround":false,"type":"Unknown","desc":"OpenSky cat 0","military":false,"spi":false,"category":0,"source":"opensky"}},{"type":"Feature","geometry":{"type":"Point","coordinates":[5.5881,50.9326]},"properties":{"callsign":"NSZ3616","hex":"4aca45","origin":"Sweden","altitude":10058.4,"velocity":223.75,"heading":214.6,"onGround":false,"type":"Unknown","desc":"OpenSky cat 0","military":false,"spi":false,"category":0,"source":"opensky"}},{"type":"Feature","geometry":{"type":"Point","coordinates":[14.2659,50.1112]},"properties":{"callsign":"EJU72JD","hex":"440352","origin":"Austria","altitude":0,"velocity":9.26,"heading":33.75,"onGround":true,"type":"Unknown","desc":"OpenSky cat 0","military":false,"spi":false,"category":0,"source":"opensky"}},{"type":"Feature","geometry":{"type":"Point","coordinates":[15.4357,42.3468]},"properties":{"callsign":"WZZ8HY","hex":"471fa3","origin":"Hungary","altitude":10370.82,"velocity":209.05,"heading":251.79,"onGround":false,"type":"Unknown","desc":"OpenSky cat 0","military":false,"spi":false,"category":0,"source":"opensky"}},{"type":"Feature","geometry":{"type":"Point","coordinates":[14.8581,45.6419]},"properties":{"callsign":"WZZ4237","hex":"471fa4","origin":"Hungary","altitude":10370.82,"velocity":209.74,"heading":312.42,"onGround":false,"type":"Unknown","desc":"OpenSky cat 0","military":false,"spi":false,"category":0,"source":"opensky"}},{"type":"Feature","geometry":{"type":"Point","coordinates":[20.4477,51.5874]},"properties":{"callsign":"WZZ446Z","hex":"471fa2","origin":"Hungary","altitude":6979.92,"velocity":189.29,"heading":193.36,"onGround":false,"type":"Unknown","desc":"OpenSky cat 0","military":false,"spi":false,"category":0,"source":"opensky"}},{"type":"Feature","geometry":{"type":"Point","coordinates":[10.6184,48.0165]},"properties":{"callsign":"DMGFH","hex":"3ffb0a","origin":"Germany","altitude":533.4,"velocity":28.25,"heading":259.51,"onGround":false,"type":"Unknown","desc":"OpenSky cat 0","military":false,"spi":false,"category":0,"source":"opensky"}},{"type":"Feature","geometry":{"type":"Point","coordinates":[-83.3346,42.8396]},"properties":{"callsign":"SKW4627","hex":"ab5dab","origin":"United States","altitude":8008.62,"velocity":209.34,"heading":337.15,"onGround":false,"type":"Unknown","desc":"OpenSky cat 0","military":false,"spi":false,"category":0,"source":"opensky"}},{"type":"Feature","geometry":{"type":"Point","coordinates":[20.6294,46.512]},"properties":{"callsign":"WMT7WE","hex":"471faa","origin":"Hungary","altitude":10363.2,"velocity":211.74,"heading":283.63,"onGround":false,"type":"Unknown","desc":"OpenSky cat 0","military":false,"spi":false,"category":0,"source":"opensky"}},{"type":"Feature","geometry":{"type":"Point","coordinates":[-80.2234,44.0626]},"properties":{"callsign":"CGVII","hex":"c07cf5","origin":"Canada","altitude":701.04,"velocity":55.3,"heading":12.36,"onGround":false,"type":"Unknown","desc":"OpenSky cat 0","military":false,"spi":false,"category":0,"source":"opensky"}},{"type":"Feature","geometry":{"type":"Point","coordinates":[9.6928,42.7404]},"properties":{"callsign":"WMT1WA","hex":"471fae","origin":"Hungary","altitude":10622.28,"velocity":210.62,"heading":298.44,"onGround":false,"type":"Unknown","desc":"OpenSky cat 0","military":false,"spi":false,"category":0,"source":"opensky"}},{"type":"Feature","geometry":{"type":"Point","coordinates":[17.4139,58.1996]},"properties":{"callsign":"NSZ2022","hex":"4aca50","origin":"Sweden","altitude":12192,"velocity":226.04,"heading":300.65,"onGround":false,"type":"Unknown","desc":"OpenSky cat 0","military":false,"spi":false,"category":0,"source":"opensky"}},{"type":"Feature","geometry":{"type":"Point","coordinates":[0.3345,42.9575]},"properties":{"callsign":"NSZ5379","hex":"4aca53","origin":"Sweden","altitude":11277.6,"velocity":223.57,"heading":188.34,"onGround":false,"type":"Unknown","desc":"OpenSky cat 0","military":false,"spi":false,"category":0,"source":"opensky"}},{"type":"Feature","geometry":{"type":"Point","coordinates":[6.7967,45.3897]},"properties":{"callsign":"ELG2R","hex":"44033f","origin":"Austria","altitude":12496.8,"velocity":251.69,"heading":137.9,"onGround":false,"type":"Unknown","desc":"OpenSky cat 0","military":false,"spi":false,"category":0,"source":"opensky"}},{"type":"Feature","geometry":{"type":"Point","coordinates":[6.1082,53.0522]},"properties":{"callsign":"NSZ2047","hex":"4aca4a","origin":"Sweden","altitude":11887.2,"velocity":240.77,"heading":37.36,"onGround":false,"type":"Unknown","desc":"OpenSky cat 0","military":false,"spi":false,"category":0,"source":"opensky"}},{"type":"Feature","geometry":{"type":"Point","coordinates":[-4.434,36.6282]},"properties":{"callsign":"EJU74LY","hex":"44033e","origin":"Austria","altitude":716.28,"velocity":110.82,"heading":131.24,"onGround":false,"type":"No emitter category","desc":"OpenSky cat 1","military":false,"spi":false,"category":1,"source":"opensky"}},{"type":"Feature","geometry":{"type":"Point","coordinates":[4.4851,50.9027]},"properties":{"callsign":"SEH8BR","hex":"46b927","origin":"Greece","altitude":0,"velocity":0,"heading":334.69,"onGround":true,"type":"Unknown","desc":"OpenSky cat 0","military":false,"spi":false,"category":0,"source":"opensky"}},{"type":"Feature","geometry":{"type":"Point","coordinates":[83.0289,25.2277]},"properties":{"callsign":"IGO542Y","hex":"8015c0","origin":"India","altitude":3329.94,"velocity":171.63,"heading":288.16,"onGround":false,"type":"Unknown","desc":"OpenSky cat 0","military":false,"spi":false,"category":0,"source":"opensky"}},{"type":"Feature","geometry":{"type":"Point","coordinates":[-94.3191,31.2937]},"properties":{"callsign":"DAL2557","hex":"a3a5ec","origin":"United States","altitude":8602.98,"velocity":250.98,"heading":33.89,"onGround":false,"type":"Unknown","desc":"OpenSky cat 0","military":false,"spi":false,"category":0,"source":"opensky"}},{"type":"Feature","geometry":{"type":"Point","coordinates":[75.0265,15.0762]},"properties":{"callsign":"IGO542M","hex":"8015bc","origin":"India","altitude":10668,"velocity":225.7,"heading":153.03,"onGround":false,"type":"Unknown","desc":"OpenSky cat 0","military":false,"spi":false,"category":0,"source":"opensky"}},{"type":"Feature","geometry":{"type":"Point","coordinates":[-81.9354,30.948]},"properties":{"callsign":"DAL2450","hex":"a8de10","origin":"United States","altitude":5501.64,"velocity":205.73,"heading":319.26,"onGround":false,"type":"Unknown","desc":"OpenSky cat 0","military":false,"spi":false,"category":0,"source":"opensky"}},{"type":"Feature","geometry":{"type":"Point","coordinates":[-83.126,40.0094]},"properties":{"callsign":"SWA4674","hex":"ac48f2","origin":"United States","altitude":2034.54,"velocity":141.57,"heading":272.08,"onGround":false,"type":"Unknown","desc":"OpenSky cat 0","military":false,"spi":false,"category":0,"source":"opensky"}},{"type":"Feature","geometry":{"type":"Point","coordinates":[78.2335,27.8372]},"properties":{"callsign":"IGO605F","hex":"8015ca","origin":"India","altitude":9768.84,"velocity":230.15,"heading":113.59,"onGround":false,"type":"Unknown","desc":"OpenSky cat 0","military":false,"spi":false,"category":0,"source":"opensky"}},{"type":"Feature","geometry":{"type":"Point","coordinates":[76.8521,28.5084]},"properties":{"callsign":"IGO6440","hex":"8015ce","origin":"India","altitude":2750.82,"velocity":172.45,"heading":142.51,"onGround":false,"type":"Unknown","desc":"OpenSky cat 0","military":false,"spi":false,"category":0,"source":"opensky"}},{"type":"Feature","geometry":{"type":"Point","coordinates":[23.9842,37.6481]},"properties":{"callsign":"TRN415","hex":"46ed9f","origin":"Greece","altitude":411.48,"velocity":106.08,"heading":285.18,"onGround":false,"type":"Unknown","desc":"OpenSky cat 0","military":false,"spi":false,"category":0,"source":"opensky"}},{"type":"Feature","geometry":{"type":"Point","coordinates":[16.672,47.8962]},"properties":{"callsign":"SEH840","hex":"46da6c","origin":"Greece","altitude":1280.16,"velocity":115.79,"heading":345.59,"onGround":false,"type":"Unknown","desc":"OpenSky cat 0","military":false,"spi":false,"category":0,"source":"opensky"}},{"type":"Feature","geometry":{"type":"Point","coordinates":[-82.1915,35.5094]},"properties":{"callsign":"DAL2818","hex":"a39e6b","origin":"United States","altitude":9761.22,"velocity":256.13,"heading":224.02,"onGround":false,"type":"Unknown","desc":"OpenSky cat 0","military":false,"spi":false,"category":0,"source":"opensky"}},{"type":"Feature","geometry":{"type":"Point","coordinates":[-84.7564,33.8164]},"properties":{"callsign":"SWA204","hex":"ab5e6c","origin":"United States","altitude":4968.24,"velocity":212.48,"heading":270.69,"onGround":false,"type":"Unknown","desc":"OpenSky cat 0","military":false,"spi":false,"category":0,"source":"opensky"}},{"type":"Feature","geometry":{"type":"Point","coordinates":[15.2961,48.2228]},"properties":{"callsign":"OEXYV","hex":"440309","origin":"Austria","altitude":701.04,"velocity":18.12,"heading":276.52,"onGround":false,"type":"Unknown","desc":"OpenSky cat 0","military":false,"spi":false,"category":0,"source":"opensky"}},{"type":"Feature","geometry":{"type":"Point","coordinates":[-85.3356,36.0694]},"properties":{"callsign":"ENY3761","hex":"a26b4a","origin":"United States","altitude":10972.8,"velocity":217.02,"heading":258.93,"onGround":false,"type":"Unknown","desc":"OpenSky cat 0","military":false,"spi":false,"category":0,"source":"opensky"}},{"type":"Feature","geometry":{"type":"Point","coordinates":[14.2704,50.0867]},"properties":{"callsign":"TXLU04","hex":"49f0e1","origin":"Czech Republic","altitude":0,"velocity":5.92,"heading":202.5,"onGround":true,"type":"Unknown","desc":"OpenSky cat 0","military":false,"spi":false,"category":0,"source":"opensky"}},{"type":"Feature","geometry":{"type":"Point","coordinates":[-90.1126,43.9273]},"properties":{"callsign":"DAL1274","hex":"ac7e60","origin":"United States","altitude":6705.6,"velocity":208.01,"heading":308.37,"onGround":false,"type":"Unknown","desc":"OpenSky cat 0","military":false,"spi":false,"category":0,"source":"opensky"}},{"type":"Feature","geometry":{"type":"Point","coordinates":[-87.9028,41.9743]},"properties":{"callsign":"ASA587","hex":"ad8b1d","origin":"United States","altitude":0,"velocity":0.51,"heading":289.69,"onGround":true,"type":"Unknown","desc":"OpenSky cat 0","military":false,"spi":false,"category":0,"source":"opensky"}},{"type":"Feature","geometry":{"type":"Point","coordinates":[7.2131,43.6635]},"properties":{"callsign":"TSC628","hex":"c06a9b","origin":"Canada","altitude":0,"velocity":2.57,"heading":309.38,"onGround":true,"type":"Unknown","desc":"OpenSky cat 0","military":false,"spi":false,"category":0,"source":"opensky"}},{"type":"Feature","geometry":{"type":"Point","coordinates":[5.7515,58.8622]},"properties":{"callsign":"LNYNP","hex":"47c4e5","origin":"Norway","altitude":342.9,"velocity":46.95,"heading":4.4,"onGround":false,"type":"Unknown","desc":"OpenSky cat 0","military":false,"spi":false,"category":0,"source":"opensky"}},{"type":"Feature","geometry":{"type":"Point","coordinates":[13.3536,53.2367]},"properties":{"callsign":"AIB605A","hex":"3c1786","origin":"Germany","altitude":9448.8,"velocity":227.29,"heading":300.16,"onGround":false,"type":"Unknown","desc":"OpenSky cat 0","military":false,"spi":false,"category":0,"source":"opensky"}},{"type":"Feature","geometry":{"type":"Point","coordinates":[22.0943,48.179]},"properties":{"callsign":"ENT3YD","hex":"4881ac","origin":"Poland","altitude":11582.4,"velocity":207.34,"heading":328.6,"onGround":false,"type":"Unknown","desc":"OpenSky cat 0","military":false,"spi":false,"category":0,"source":"opensky"}},{"type":"Feature","geometry":{"type":"Point","coordinates":[-78.1224,38.4879]},"properties":{"callsign":"VOI903","hex":"0d116b","origin":"Mexico","altitude":10965.18,"velocity":228.73,"heading":232.77,"onGround":false,"type":"Unknown","desc":"OpenSky cat 0","military":false,"spi":false,"category":0,"source":"opensky"}},{"type":"Feature","geometry":{"type":"Point","coordinates":[86.1406,22.8254]},"properties":{"callsign":"IGO394","hex":"8015e2","origin":"India","altitude":9951.72,"velocity":247.71,"heading":290.17,"onGround":false,"type":"Unknown","desc":"OpenSky cat 0","military":false,"spi":false,"category":0,"source":"opensky"}},{"type":"Feature","geometry":{"type":"Point","coordinates":[-93.2321,44.8801]},"properties":{"callsign":"BMJ52","hex":"a9536f","origin":"United States","altitude":0,"velocity":0,"heading":8.44,"onGround":true,"type":"Unknown","desc":"OpenSky cat 0","military":false,"spi":false,"category":0,"source":"opensky"}},{"type":"Feature","geometry":{"type":"Point","coordinates":[-1.9099,46.2613]},"properties":{"callsign":"IBE05SM","hex":"34324f","origin":"Spain","altitude":10668,"velocity":213.23,"heading":202.11,"onGround":false,"type":"Unknown","desc":"OpenSky cat 0","military":false,"spi":false,"category":0,"source":"opensky"}},{"type":"Feature","geometry":{"type":"Point","coordinates":[-86.1451,39.9764]},"properties":{"callsign":"N500M","hex":"a63b03","origin":"United States","altitude":982.98,"velocity":126.6,"heading":97.47,"onGround":false,"type":"Unknown","desc":"OpenSky cat 0","military":false,"spi":false,"category":0,"source":"opensky"}},{"type":"Feature","geometry":{"type":"Point","coordinates":[-98.3169,33.4117]},"properties":{"callsign":"N997SS","hex":"adee45","origin":"United States","altitude":7216.14,"velocity":191.77,"heading":246.94,"onGround":false,"type":"Unknown","desc":"OpenSky cat 0","military":false,"spi":false,"category":0,"source":"opensky"}},{"type":"Feature","geometry":{"type":"Point","coordinates":[21.0286,51.5475]},"properties":{"callsign":"LOT5PR","hex":"4521ba","origin":"Bulgaria","altitude":3070.86,"velocity":153.44,"heading":8.48,"onGround":false,"type":"Unknown","desc":"OpenSky cat 0","military":false,"spi":false,"category":0,"source":"opensky"}},{"type":"Feature","geometry":{"type":"Point","coordinates":[18.0579,48.545]},"properties":{"callsign":"PGT96LK","hex":"4bc856","origin":"Turkey","altitude":10363.2,"velocity":212.8,"heading":311.67,"onGround":false,"type":"Unknown","desc":"OpenSky cat 0","military":false,"spi":false,"category":0,"source":"opensky"}},{"type":"Feature","geometry":{"type":"Point","coordinates":[16.8413,52.4188]},"properties":{"callsign":"a1174b","hex":"a1174b","origin":"United States","altitude":0,"velocity":6.17,"heading":196.88,"onGround":true,"type":"Unknown","desc":"OpenSky cat 0","military":false,"spi":false,"category":0,"source":"opensky"}},{"type":"Feature","geometry":{"type":"Point","coordinates":[26.1182,44.1055]},"properties":{"callsign":"PGT65UA","hex":"4bc853","origin":"Turkey","altitude":10378.44,"velocity":56.14,"heading":333.9,"onGround":false,"type":"Unknown","desc":"OpenSky cat 0","military":false,"spi":false,"category":0,"source":"opensky"}},{"type":"Feature","geometry":{"type":"Point","coordinates":[11.8842,50.1782]},"properties":{"callsign":"PGT9GP","hex":"4bc84e","origin":"Turkey","altitude":10363.2,"velocity":205.96,"heading":288.34,"onGround":false,"type":"Unknown","desc":"OpenSky cat 0","military":false,"spi":false,"category":0,"source":"opensky"}},{"type":"Feature","geometry":{"type":"Point","coordinates":[2.6637,52.1478]},"properties":{"callsign":"PGT7286","hex":"4bc84d","origin":"Turkey","altitude":9959.34,"velocity":246.49,"heading":74.63,"onGround":false,"type":"Unknown","desc":"OpenSky cat 0","military":false,"spi":false,"category":0,"source":"opensky"}},{"type":"Feature","geometry":{"type":"Point","coordinates":[5.8023,37.0094]},"properties":{"callsign":"PGT751","hex":"4bc84b","origin":"Turkey","altitude":10972.8,"velocity":224.1,"heading":273.03,"onGround":false,"type":"Unknown","desc":"OpenSky cat 0","military":false,"spi":false,"category":0,"source":"opensky"}},{"type":"Feature","geometry":{"type":"Point","coordinates":[-2.1514,40.4515]},"properties":{"callsign":"EJU72DY","hex":"4401e4","origin":"Austria","altitude":11887.2,"velocity":210.7,"heading":210.2,"onGround":false,"type":"Unknown","desc":"OpenSky cat 0","military":false,"spi":false,"category":0,"source":"opensky"}},{"type":"Feature","geometry":{"type":"Point","coordinates":[6.186,46.5727]},"properties":{"callsign":"HB3423","hex":"4b5206","origin":"Switzerland","altitude":2301.24,"velocity":33.75,"heading":217.57,"onGround":false,"type":"Unknown","desc":"OpenSky cat 0","military":false,"spi":false,"category":0,"source":"opensky"}},{"type":"Feature","geometry":{"type":"Point","coordinates":[2.4017,41.2905]},"properties":{"callsign":"VLG346B","hex":"34454b","origin":"Spain","altitude":1569.72,"velocity":131.91,"heading":347.16,"onGround":false,"type":"Unknown","desc":"OpenSky cat 0","military":false,"spi":false,"category":0,"source":"opensky"}},{"type":"Feature","geometry":{"type":"Point","coordinates":[-83.6418,34.0056]},"properties":{"callsign":"DAL987","hex":"a99b83","origin":"United States","altitude":6347.46,"velocity":214.12,"heading":53.6,"onGround":false,"type":"Unknown","desc":"OpenSky cat 0","military":false,"spi":false,"category":0,"source":"opensky"}},{"type":"Feature","geometry":{"type":"Point","coordinates":[-84.4278,39.105]},"properties":{"callsign":"WUP650","hex":"a88e8a","origin":"United States","altitude":0,"velocity":0,"heading":67.5,"onGround":true,"type":"Unknown","desc":"OpenSky cat 0","military":false,"spi":false,"category":0,"source":"opensky"}},{"type":"Feature","geometry":{"type":"Point","coordinates":[13.2471,47.7077]},"properties":{"callsign":"NOJ93","hex":"c06a60","origin":"Canada","altitude":12192,"velocity":216.7,"heading":339.28,"onGround":false,"type":"Unknown","desc":"OpenSky cat 0","military":false,"spi":false,"category":0,"source":"opensky"}},{"type":"Feature","geometry":{"type":"Point","coordinates":[86.6282,21.5672]},"properties":{"callsign":"BBC349","hex":"70203e","origin":"Bangladesh","altitude":10363.2,"velocity":255.6,"heading":249.38,"onGround":false,"type":"Unknown","desc":"OpenSky cat 0","military":false,"spi":false,"category":0,"source":"opensky"}},{"type":"Feature","geometry":{"type":"Point","coordinates":[-4.917,52.5341]},"properties":{"callsign":"UAL914","hex":"aa92fc","origin":"United States","altitude":10363.2,"velocity":227.15,"heading":304.01,"onGround":false,"type":"Unknown","desc":"OpenSky cat 0","military":false,"spi":false,"category":0,"source":"opensky"}},{"type":"Feature","geometry":{"type":"Point","coordinates":[-6.6375,54.8998]},"properties":{"callsign":"UAL885","hex":"aa92fb","origin":"United States","altitude":10972.8,"velocity":226.88,"heading":297.55,"onGround":false,"type":"Unknown","desc":"OpenSky cat 0","military":false,"spi":false,"category":0,"source":"opensky"}},{"type":"Feature","geometry":{"type":"Point","coordinates":[-99.0424,32.9099]},"properties":{"callsign":"N11JA","hex":"a02aa3","origin":"United States","altitude":4236.72,"velocity":98.17,"heading":236.98,"onGround":false,"type":"Unknown","desc":"OpenSky cat 0","military":false,"spi":false,"category":0,"source":"opensky"}},{"type":"Feature","geometry":{"type":"Point","coordinates":[2.7726,48.5424]},"properties":{"callsign":"PGT158K","hex":"4bc849","origin":"Turkey","altitude":3550.92,"velocity":205.53,"heading":107.03,"onGround":false,"type":"Unknown","desc":"OpenSky cat 0","military":false,"spi":false,"category":0,"source":"opensky"}},{"type":"Feature","geometry":{"type":"Point","coordinates":[27.0984,41.541]},"properties":{"callsign":"PGT549U","hex":"4bc848","origin":"Turkey","altitude":8755.38,"velocity":254.01,"heading":133.36,"onGround":false,"type":"Unknown","desc":"OpenSky cat 0","military":false,"spi":false,"category":0,"source":"opensky"}},{"type":"Feature","geometry":{"type":"Point","coordinates":[17.9174,59.6389]},"properties":{"callsign":"PGT264P","hex":"4bc845","origin":"Turkey","altitude":0,"velocity":8.75,"heading":191.25,"onGround":true,"type":"Unknown","desc":"OpenSky cat 0","military":false,"spi":false,"category":0,"source":"opensky"}},{"type":"Feature","geometry":{"type":"Point","coordinates":[28.5555,41.7045]},"properties":{"callsign":"PGT63QR","hex":"4bc846","origin":"Turkey","altitude":10363.2,"velocity":216.67,"heading":310.76,"onGround":false,"type":"Unknown","desc":"OpenSky cat 0","military":false,"spi":false,"category":0,"source":"opensky"}},{"type":"Feature","geometry":{"type":"Point","coordinates":[16.6555,40.9202]},"properties":{"callsign":"PGT1101","hex":"4bc843","origin":"Turkey","altitude":10363.2,"velocity":218.17,"heading":271.22,"onGround":false,"type":"Unknown","desc":"OpenSky cat 0","military":false,"spi":false,"category":0,"source":"opensky"}},{"type":"Feature","geometry":{"type":"Point","coordinates":[2.264,48.939]},"properties":{"callsign":"EJU79UW","hex":"4401dc","origin":"Austria","altitude":2286,"velocity":145.16,"heading":177.97,"onGround":false,"type":"Large","desc":"OpenSky cat 4","military":false,"spi":false,"category":4,"source":"opensky"}},{"type":"Feature","geometry":{"type":"Point","coordinates":[23.7868,37.782]},"properties":{"callsign":"JTY52W","hex":"4401ea","origin":"Austria","altitude":899.16,"velocity":87.17,"heading":38.29,"onGround":false,"type":"Unknown","desc":"OpenSky cat 0","military":false,"spi":false,"category":0,"source":"opensky"}},{"type":"Feature","geometry":{"type":"Point","coordinates":[-86.4951,39.6352]},"properties":{"callsign":"EDV5523","hex":"a35701","origin":"United States","altitude":10363.2,"velocity":220.23,"heading":334.69,"onGround":false,"type":"Unknown","desc":"OpenSky cat 0","military":false,"spi":false,"category":0,"source":"opensky"}},{"type":"Feature","geometry":{"type":"Point","coordinates":[-10.4181,39.8489]},"properties":{"callsign":"EJU79HV","hex":"4401f7","origin":"Austria","altitude":9616.44,"velocity":231.92,"heading":217.43,"onGround":false,"type":"Unknown","desc":"OpenSky cat 0","military":false,"spi":false,"category":0,"source":"opensky"}},{"type":"Feature","geometry":{"type":"Point","coordinates":[-4.8178,54.3124]},"properties":{"callsign":"TSC189","hex":"c06a80","origin":"Canada","altitude":9136.38,"velocity":214.41,"heading":299.15,"onGround":false,"type":"Unknown","desc":"OpenSky cat 0","military":false,"spi":false,"category":0,"source":"opensky"}},{"type":"Feature","geometry":{"type":"Point","coordinates":[9.5433,47.1273]},"properties":{"callsign":"OM1010","hex":"505e39","origin":"Slovakia","altitude":1783.08,"velocity":31.98,"heading":64.26,"onGround":false,"type":"Unknown","desc":"OpenSky cat 0","military":false,"spi":false,"category":0,"source":"opensky"}},{"type":"Feature","geometry":{"type":"Point","coordinates":[-85.41,44.2162]},"properties":{"callsign":"SNC1470","hex":"a40dd8","origin":"United States","altitude":1920.24,"velocity":106.66,"heading":10.28,"onGround":false,"type":"Unknown","desc":"OpenSky cat 0","military":false,"spi":false,"category":0,"source":"opensky"}},{"type":"Feature","geometry":{"type":"Point","coordinates":[14.3481,46.3219]},"properties":{"callsign":"PGT71HQ","hex":"4bc88d","origin":"Turkey","altitude":10073.64,"velocity":254.98,"heading":127.54,"onGround":false,"type":"Unknown","desc":"OpenSky cat 0","military":false,"spi":false,"category":0,"source":"opensky"}},{"type":"Feature","geometry":{"type":"Point","coordinates":[-92.986,31.388]},"properties":{"callsign":"ENY3796","hex":"a1f116","origin":"United States","altitude":8534.4,"velocity":233.62,"heading":294.87,"onGround":false,"type":"Unknown","desc":"OpenSky cat 0","military":false,"spi":false,"category":0,"source":"opensky"}},{"type":"Feature","geometry":{"type":"Point","coordinates":[24.0806,44.0626]},"properties":{"callsign":"CAI7PC","hex":"4bb567","origin":"Turkey","altitude":11582.4,"velocity":200.77,"heading":310.22,"onGround":false,"type":"Unknown","desc":"OpenSky cat 0","military":false,"spi":false,"category":0,"source":"opensky"}},{"type":"Feature","geometry":{"type":"Point","coordinates":[15.6954,59.2368]},"properties":{"callsign":"NOZ1087","hex":"4787b3","origin":"Norway","altitude":10972.8,"velocity":218.43,"heading":317.29,"onGround":false,"type":"Unknown","desc":"OpenSky cat 0","military":false,"spi":false,"category":0,"source":"opensky"}},{"type":"Feature","geometry":{"type":"Point","coordinates":[-85.516,32.614]},"properties":{"callsign":"AUB118","hex":"a23780","origin":"United States","altitude":868.68,"velocity":47.85,"heading":271.23,"onGround":false,"type":"Unknown","desc":"OpenSky cat 0","military":false,"spi":false,"category":0,"source":"opensky"}},{"type":"Feature","geometry":{"type":"Point","coordinates":[-77.2581,38.202]},"properties":{"callsign":"JIA5031","hex":"a99b1b","origin":"United States","altitude":3931.92,"velocity":182.17,"heading":14.39,"onGround":false,"type":"Unknown","desc":"OpenSky cat 0","military":false,"spi":false,"category":0,"source":"opensky"}},{"type":"Feature","geometry":{"type":"Point","coordinates":[-88.5527,41.0304]},"properties":{"callsign":"RPA4633","hex":"a51b93","origin":"United States","altitude":10668,"velocity":246.45,"heading":99.86,"onGround":false,"type":"Large","desc":"OpenSky cat 4","military":false,"spi":false,"category":4,"source":"opensky"}},{"type":"Feature","geometry":{"type":"Point","coordinates":[7.2207,43.6653]},"properties":{"callsign":"AFR37FA","hex":"3946e5","origin":"France","altitude":0,"velocity":9.26,"heading":135,"onGround":true,"type":"Unknown","desc":"OpenSky cat 0","military":false,"spi":false,"category":0,"source":"opensky"}},{"type":"Feature","geometry":{"type":"Point","coordinates":[16.5524,44.7419]},"properties":{"callsign":"PGT5AA","hex":"4bc88e","origin":"Turkey","altitude":10972.8,"velocity":199.16,"heading":284.97,"onGround":false,"type":"Unknown","desc":"OpenSky cat 0","military":false,"spi":false,"category":0,"source":"opensky"}},{"type":"Feature","geometry":{"type":"Point","coordinates":[28.8983,41.4635]},"properties":{"callsign":"PGT52GR","hex":"4bc89a","origin":"Turkey","altitude":10363.2,"velocity":206.51,"heading":302.38,"onGround":false,"type":"Unknown","desc":"OpenSky cat 0","military":false,"spi":false,"category":0,"source":"opensky"}},{"type":"Feature","geometry":{"type":"Point","coordinates":[77.1281,28.5373]},"properties":{"callsign":"VTAMG","hex":"801727","origin":"India","altitude":441.96,"velocity":73.62,"heading":283.74,"onGround":false,"type":"Unknown","desc":"OpenSky cat 0","military":false,"spi":false,"category":0,"source":"opensky"}},{"type":"Feature","geometry":{"type":"Point","coordinates":[-81.2099,40.7793]},"properties":{"callsign":"UAL1803","hex":"a5d2f9","origin":"United States","altitude":7086.6,"velocity":192.02,"heading":309.02,"onGround":false,"type":"Unknown","desc":"OpenSky cat 0","military":false,"spi":false,"category":0,"source":"opensky"}},{"type":"Feature","geometry":{"type":"Point","coordinates":[22.2285,43.9483]},"properties":{"callsign":"PGT64N","hex":"4bc883","origin":"Turkey","altitude":10690.86,"velocity":270.61,"heading":125.17,"onGround":false,"type":"Unknown","desc":"OpenSky cat 0","military":false,"spi":false,"category":0,"source":"opensky"}},{"type":"Feature","geometry":{"type":"Point","coordinates":[2.6779,39.765]},"properties":{"callsign":"PGT5BM","hex":"4bc884","origin":"Turkey","altitude":10660.38,"velocity":212.23,"heading":261.5,"onGround":false,"type":"Unknown","desc":"OpenSky cat 0","military":false,"spi":false,"category":0,"source":"opensky"}},{"type":"Feature","geometry":{"type":"Point","coordinates":[-5.4655,41.5894]},"properties":{"callsign":"IBE03SY","hex":"344502","origin":"Spain","altitude":8260.08,"velocity":227.35,"heading":302.43,"onGround":false,"type":"Unknown","desc":"OpenSky cat 0","military":false,"spi":false,"category":0,"source":"opensky"}},{"type":"Feature","geometry":{"type":"Point","coordinates":[-14.3847,39.133]},"properties":{"callsign":"IBE02SJ","hex":"344503","origin":"Spain","altitude":11277.6,"velocity":246.99,"heading":254.66,"onGround":false,"type":"Unknown","desc":"OpenSky cat 0","military":false,"spi":false,"category":0,"source":"opensky"}},{"type":"Feature","geometry":{"type":"Point","coordinates":[28.7317,41.7132]},"properties":{"callsign":"PGT25MB","hex":"4bc889","origin":"Turkey","altitude":10363.2,"velocity":55.92,"heading":242.02,"onGround":false,"type":"Unknown","desc":"OpenSky cat 0","military":false,"spi":false,"category":0,"source":"opensky"}},{"type":"Feature","geometry":{"type":"Point","coordinates":[-96.6038,32.7731]},"properties":{"callsign":"AAL2925","hex":"aaf5a9","origin":"United States","altitude":3459.48,"velocity":187.15,"heading":84.32,"onGround":false,"type":"Unknown","desc":"OpenSky cat 0","military":false,"spi":false,"category":0,"source":"opensky"}},{"type":"Feature","geometry":{"type":"Point","coordinates":[18.1409,49.3613]},"properties":{"callsign":"NOZ5FD","hex":"4787a0","origin":"Norway","altitude":11582.4,"velocity":223.43,"heading":351.93,"onGround":false,"type":"Unknown","desc":"OpenSky cat 0","military":false,"spi":false,"category":0,"source":"opensky"}},{"type":"Feature","geometry":{"type":"Point","coordinates":[0.2609,53.344]},"properties":{"callsign":"PGT30WQ","hex":"4bc885","origin":"Turkey","altitude":8420.1,"velocity":200.01,"heading":284.14,"onGround":false,"type":"Unknown","desc":"OpenSky cat 0","military":false,"spi":false,"category":0,"source":"opensky"}},{"type":"Feature","geometry":{"type":"Point","coordinates":[28.9658,41.2155]},"properties":{"callsign":"CAI5A","hex":"4bb563","origin":"Turkey","altitude":10972.8,"velocity":213.07,"heading":328.73,"onGround":false,"type":"Unknown","desc":"OpenSky cat 0","military":false,"spi":false,"category":0,"source":"opensky"}},{"type":"Feature","geometry":{"type":"Point","coordinates":[12.8969,48.8304]},"properties":{"callsign":"PGT3MF","hex":"4bc894","origin":"Turkey","altitude":10660.38,"velocity":249.07,"heading":121.23,"onGround":false,"type":"Unknown","desc":"OpenSky cat 0","military":false,"spi":false,"category":0,"source":"opensky"}},{"type":"Feature","geometry":{"type":"Point","coordinates":[28.1877,40.4954]},"properties":{"callsign":"PGT353Z","hex":"4bc895","origin":"Turkey","altitude":10378.44,"velocity":30.51,"heading":174.19,"onGround":false,"type":"Unknown","desc":"OpenSky cat 0","military":false,"spi":false,"category":0,"source":"opensky"}},{"type":"Feature","geometry":{"type":"Point","coordinates":[7.5748,43.4937]},"properties":{"callsign":"PGT1149","hex":"4bc892","origin":"Turkey","altitude":1821.18,"velocity":118.4,"heading":275.74,"onGround":false,"type":"Unknown","desc":"OpenSky cat 0","military":false,"spi":false,"category":0,"source":"opensky"}},{"type":"Feature","geometry":{"type":"Point","coordinates":[29.3585,41.2458]},"properties":{"callsign":"PGT861J","hex":"4bc893","origin":"Turkey","altitude":9227.82,"velocity":163.87,"heading":302.04,"onGround":false,"type":"Unknown","desc":"OpenSky cat 0","military":false,"spi":false,"category":0,"source":"opensky"}},{"type":"Feature","geometry":{"type":"Point","coordinates":[-3.5529,40.4883]},"properties":{"callsign":"PGT1099","hex":"4bc890","origin":"Turkey","altitude":0,"velocity":10.8,"heading":292.5,"onGround":true,"type":"Unknown","desc":"OpenSky cat 0","military":false,"spi":false,"category":0,"source":"opensky"}},{"type":"Feature","geometry":{"type":"Point","coordinates":[10.2949,50.4763]},"properties":{"callsign":"UBD424","hex":"452087","origin":"Bulgaria","altitude":10668,"velocity":259.82,"heading":117.99,"onGround":false,"type":"Unknown","desc":"OpenSky cat 0","military":false,"spi":false,"category":0,"source":"opensky"}},{"type":"Feature","geometry":{"type":"Point","coordinates":[-84.346,31.5388]},"properties":{"callsign":"AAL1342","hex":"a36661","origin":"United States","altitude":10058.4,"velocity":224.22,"heading":157.61,"onGround":false,"type":"Unknown","desc":"OpenSky cat 0","military":false,"spi":false,"category":0,"source":"opensky"}},{"type":"Feature","geometry":{"type":"Point","coordinates":[21.1431,43.8281]},"properties":{"callsign":"ELY312","hex":"73806f","origin":"Israel","altitude":11277.6,"velocity":262.44,"heading":124.78,"onGround":false,"type":"Unknown","desc":"OpenSky cat 0","military":false,"spi":false,"category":0,"source":"opensky"}},{"type":"Feature","geometry":{"type":"Point","coordinates":[-84.6545,34.0909]},"properties":{"callsign":"BPX257","hex":"a23359","origin":"United States","altitude":1234.44,"velocity":45.83,"heading":315,"onGround":false,"type":"Unknown","desc":"OpenSky cat 0","military":false,"spi":false,"category":0,"source":"opensky"}},{"type":"Feature","geometry":{"type":"Point","coordinates":[-1.6575,47.0914]},"properties":{"callsign":"EJU58KZ","hex":"440096","origin":"Austria","altitude":289.56,"velocity":72.94,"heading":27.29,"onGround":false,"type":"Unknown","desc":"OpenSky cat 0","military":false,"spi":false,"category":0,"source":"opensky"}},{"type":"Feature","geometry":{"type":"Point","coordinates":[-13.1368,31.2386]},"properties":{"callsign":"EXS4UA","hex":"4068f5","origin":"United Kingdom","altitude":10972.8,"velocity":243.55,"heading":20.66,"onGround":false,"type":"Unknown","desc":"OpenSky cat 0","military":false,"spi":false,"category":0,"source":"opensky"}},{"type":"Feature","geometry":{"type":"Point","coordinates":[1.3801,41.6113]},"properties":{"callsign":"EXS37R","hex":"4068f6","origin":"United Kingdom","altitude":10972.8,"velocity":230.33,"heading":346.31,"onGround":false,"type":"Unknown","desc":"OpenSky cat 0","military":false,"spi":false,"category":0,"source":"opensky"}},{"type":"Feature","geometry":{"type":"Point","coordinates":[82.6483,20.1806]},"properties":{"callsign":"IGO162","hex":"80184b","origin":"India","altitude":11269.98,"velocity":233.88,"heading":51.34,"onGround":false,"type":"Unknown","desc":"OpenSky cat 0","military":false,"spi":false,"category":0,"source":"opensky"}},{"type":"Feature","geometry":{"type":"Point","coordinates":[9.5811,53.7077]},"properties":{"callsign":"EIS78","hex":"3d6a4b","origin":"Germany","altitude":6705.6,"velocity":121.2,"heading":198.05,"onGround":false,"type":"Unknown","desc":"OpenSky cat 0","military":false,"spi":false,"category":0,"source":"opensky"}},{"type":"Feature","geometry":{"type":"Point","coordinates":[5.0157,50.6208]},"properties":{"callsign":"ACA883","hex":"c058d5","origin":"Canada","altitude":12184.38,"velocity":232.65,"heading":306.19,"onGround":false,"type":"Unknown","desc":"OpenSky cat 0","military":false,"spi":false,"category":0,"source":"opensky"}},{"type":"Feature","geometry":{"type":"Point","coordinates":[-75.1208,38.4014]},"properties":{"callsign":"JBU109","hex":"a3795a","origin":"United States","altitude":12192,"velocity":230.47,"heading":219.84,"onGround":false,"type":"Unknown","desc":"OpenSky cat 0","military":false,"spi":false,"category":0,"source":"opensky"}},{"type":"Feature","geometry":{"type":"Point","coordinates":[4.7545,52.3136]},"properties":{"callsign":"ELY237","hex":"738065","origin":"Israel","altitude":0,"velocity":5.14,"heading":177.19,"onGround":true,"type":"Unknown","desc":"OpenSky cat 0","military":false,"spi":false,"category":0,"source":"opensky"}},{"type":"Feature","geometry":{"type":"Point","coordinates":[12.3707,49.0626]},"properties":{"callsign":"ELY338","hex":"738064","origin":"Israel","altitude":11277.6,"velocity":251.34,"heading":119.56,"onGround":false,"type":"Unknown","desc":"OpenSky cat 0","military":false,"spi":false,"category":0,"source":"opensky"}},{"type":"Feature","geometry":{"type":"Point","coordinates":[26.0971,42.2519]},"properties":{"callsign":"ELY2360","hex":"738063","origin":"Israel","altitude":11277.6,"velocity":259.53,"heading":137.01,"onGround":false,"type":"Unknown","desc":"OpenSky cat 0","military":false,"spi":false,"category":0,"source":"opensky"}},{"type":"Feature","geometry":{"type":"Point","coordinates":[29.306,37.8235]},"properties":{"callsign":"ELY2522","hex":"738068","origin":"Israel","altitude":11277.6,"velocity":241.25,"heading":144.55,"onGround":false,"type":"Unknown","desc":"OpenSky cat 0","military":false,"spi":false,"category":0,"source":"opensky"}},{"type":"Feature","geometry":{"type":"Point","coordinates":[13.3706,50.7354]},"properties":{"callsign":"OEXHR","hex":"44009f","origin":"Austria","altitude":960.12,"velocity":50.15,"heading":243.17,"onGround":false,"type":"Unknown","desc":"OpenSky cat 0","military":false,"spi":false,"category":0,"source":"opensky"}},{"type":"Feature","geometry":{"type":"Point","coordinates":[18.741,39.9941]},"properties":{"callsign":"EJU89BT","hex":"44009e","origin":"Austria","altitude":7894.32,"velocity":218.65,"heading":131.57,"onGround":false,"type":"Unknown","desc":"OpenSky cat 0","military":false,"spi":false,"category":0,"source":"opensky"}},{"type":"Feature","geometry":{"type":"Point","coordinates":[17.0549,43.4791]},"properties":{"callsign":"EXS7DB","hex":"4068cb","origin":"United Kingdom","altitude":9349.74,"velocity":204.55,"heading":321.23,"onGround":false,"type":"Unknown","desc":"OpenSky cat 0","military":false,"spi":false,"category":0,"source":"opensky"}},{"type":"Feature","geometry":{"type":"Point","coordinates":[11.3635,53.5271]},"properties":{"callsign":"ELY007","hex":"738075","origin":"Israel","altitude":10363.2,"velocity":239.45,"heading":322.24,"onGround":false,"type":"Unknown","desc":"OpenSky cat 0","military":false,"spi":false,"category":0,"source":"opensky"}},{"type":"Feature","geometry":{"type":"Point","coordinates":[-0.6799,53.9022]},"properties":{"callsign":"ACA901","hex":"c058bb","origin":"Canada","altitude":12192,"velocity":238.59,"heading":325.45,"onGround":false,"type":"Unknown","desc":"OpenSky cat 0","military":false,"spi":false,"category":0,"source":"opensky"}},{"type":"Feature","geometry":{"type":"Point","coordinates":[-75.6166,38.6531]},"properties":{"callsign":"CAP742","hex":"a9fa38","origin":"United States","altitude":1798.32,"velocity":68.04,"heading":200.35,"onGround":false,"type":"Unknown","desc":"OpenSky cat 0","military":false,"spi":false,"category":0,"source":"opensky"}},{"type":"Feature","geometry":{"type":"Point","coordinates":[11.3805,46.8205]},"properties":{"callsign":"EJU52DB","hex":"440065","origin":"Austria","altitude":11582.4,"velocity":222.78,"heading":359.21,"onGround":false,"type":"No emitter category","desc":"OpenSky cat 1","military":false,"spi":false,"category":1,"source":"opensky"}},{"type":"Feature","geometry":{"type":"Point","coordinates":[-6.4942,41.4807]},"properties":{"callsign":"EJU39LF","hex":"440062","origin":"Austria","altitude":9288.78,"velocity":243.37,"heading":89.03,"onGround":false,"type":"Large","desc":"OpenSky cat 4","military":false,"spi":false,"category":4,"source":"opensky"}},{"type":"Feature","geometry":{"type":"Point","coordinates":[-80.4337,37.2752]},"properties":{"callsign":"AAL2589","hex":"aa0701","origin":"United States","altitude":10972.8,"velocity":232.6,"heading":184.06,"onGround":false,"type":"Large","desc":"OpenSky cat 4","military":false,"spi":false,"category":4,"source":"opensky"}},{"type":"Feature","geometry":{"type":"Point","coordinates":[9.2671,48.6948]},"properties":{"callsign":"GPX5SA","hex":"452037","origin":"Bulgaria","altitude":419.1,"velocity":75,"heading":252.43,"onGround":false,"type":"Unknown","desc":"OpenSky cat 0","military":false,"spi":false,"category":0,"source":"opensky"}},{"type":"Feature","geometry":{"type":"Point","coordinates":[23.513,39.0885]},"properties":{"callsign":"AUA877J","hex":"44004f","origin":"Austria","altitude":937.26,"velocity":101.69,"heading":193.76,"onGround":false,"type":"Unknown","desc":"OpenSky cat 0","military":false,"spi":false,"category":0,"source":"opensky"}},{"type":"Feature","geometry":{"type":"Point","coordinates":[-2.5305,51.707]},"properties":{"callsign":"DLH451","hex":"3c4a0d","origin":"Germany","altitude":11277.6,"velocity":270.89,"heading":99.73,"onGround":false,"type":"Unknown","desc":"OpenSky cat 0","military":false,"spi":false,"category":0,"source":"opensky"}},{"type":"Feature","geometry":{"type":"Point","coordinates":[8.0196,46.5322]},"properties":{"callsign":"PCH060","hex":"4b0f0a","origin":"Switzerland","altitude":3832.86,"velocity":116.16,"heading":122.7,"onGround":false,"type":"Unknown","desc":"OpenSky cat 0","military":false,"spi":false,"category":0,"source":"opensky"}},{"type":"Feature","geometry":{"type":"Point","coordinates":[22.6788,37.9799]},"properties":{"callsign":"ELY224","hex":"738054","origin":"Israel","altitude":10668,"velocity":234.44,"heading":116.17,"onGround":false,"type":"Unknown","desc":"OpenSky cat 0","military":false,"spi":false,"category":0,"source":"opensky"}},{"type":"Feature","geometry":{"type":"Point","coordinates":[18.2907,38.7006]},"properties":{"callsign":"ELY394","hex":"738053","origin":"Israel","altitude":10668,"velocity":238.5,"heading":107.97,"onGround":false,"type":"Unknown","desc":"OpenSky cat 0","military":false,"spi":false,"category":0,"source":"opensky"}},{"type":"Feature","geometry":{"type":"Point","coordinates":[18.8892,38.5444]},"properties":{"callsign":"ELY396","hex":"738052","origin":"Israel","altitude":10668,"velocity":240.68,"heading":109.87,"onGround":false,"type":"Unknown","desc":"OpenSky cat 0","military":false,"spi":false,"category":0,"source":"opensky"}},{"type":"Feature","geometry":{"type":"Point","coordinates":[16.6601,47.29]},"properties":{"callsign":"AUA729","hex":"440052","origin":"Austria","altitude":6659.88,"velocity":220.85,"heading":168.72,"onGround":false,"type":"Unknown","desc":"OpenSky cat 0","military":false,"spi":false,"category":0,"source":"opensky"}},{"type":"Feature","geometry":{"type":"Point","coordinates":[8.7103,45.5966]},"properties":{"callsign":"DLH568","hex":"3c4a14","origin":"Germany","altitude":11269.98,"velocity":251.09,"heading":174.71,"onGround":false,"type":"Unknown","desc":"OpenSky cat 0","military":false,"spi":false,"category":0,"source":"opensky"}},{"type":"Feature","geometry":{"type":"Point","coordinates":[10.893,47.2483]},"properties":{"callsign":"ELY348","hex":"738058","origin":"Israel","altitude":9745.98,"velocity":254.91,"heading":104.37,"onGround":false,"type":"Unknown","desc":"OpenSky cat 0","military":false,"spi":false,"category":0,"source":"opensky"}},{"type":"Feature","geometry":{"type":"Point","coordinates":[22.1371,46.6446]},"properties":{"callsign":"ELY2372","hex":"738057","origin":"Israel","altitude":10668,"velocity":247.11,"heading":144.49,"onGround":false,"type":"Unknown","desc":"OpenSky cat 0","military":false,"spi":false,"category":0,"source":"opensky"}},{"type":"Feature","geometry":{"type":"Point","coordinates":[20.1125,44.0587]},"properties":{"callsign":"ELY320","hex":"738056","origin":"Israel","altitude":10668,"velocity":268.36,"heading":118.14,"onGround":false,"type":"Unknown","desc":"OpenSky cat 0","military":false,"spi":false,"category":0,"source":"opensky"}},{"type":"Feature","geometry":{"type":"Point","coordinates":[-85.772,34.9986]},"properties":{"callsign":"DAL2453","hex":"ac7aa9","origin":"United States","altitude":9022.08,"velocity":248.43,"heading":141.9,"onGround":false,"type":"Unknown","desc":"OpenSky cat 0","military":false,"spi":false,"category":0,"source":"opensky"}},{"type":"Feature","geometry":{"type":"Point","coordinates":[11.116,44.705]},"properties":{"callsign":"ELY382","hex":"738055","origin":"Israel","altitude":10134.6,"velocity":254.72,"heading":121.54,"onGround":false,"type":"Unknown","desc":"OpenSky cat 0","military":false,"spi":false,"category":0,"source":"opensky"}},{"type":"Feature","geometry":{"type":"Point","coordinates":[21.1111,46.4879]},"properties":{"callsign":"AUA78R","hex":"44006e","origin":"Austria","altitude":10363.2,"velocity":223.6,"heading":302.89,"onGround":false,"type":"Unknown","desc":"OpenSky cat 0","military":false,"spi":false,"category":0,"source":"opensky"}},{"type":"Feature","geometry":{"type":"Point","coordinates":[16.5074,47.8913]},"properties":{"callsign":"AUA61HK","hex":"44006d","origin":"Austria","altitude":2689.86,"velocity":149.95,"heading":172.51,"onGround":false,"type":"Unknown","desc":"OpenSky cat 0","military":false,"spi":false,"category":0,"source":"opensky"}},{"type":"Feature","geometry":{"type":"Point","coordinates":[12.0839,47.7508]},"properties":{"callsign":"AUA136","hex":"44006c","origin":"Austria","altitude":9448.8,"velocity":258.28,"heading":78.51,"onGround":false,"type":"Unknown","desc":"OpenSky cat 0","military":false,"spi":false,"category":0,"source":"opensky"}},{"type":"Feature","geometry":{"type":"Point","coordinates":[6.0002,42.2056]},"properties":{"callsign":"HUE40H","hex":"4b0f50","origin":"Switzerland","altitude":8839.2,"velocity":150.89,"heading":121.9,"onGround":false,"type":"Unknown","desc":"OpenSky cat 0","military":false,"spi":false,"category":0,"source":"opensky"}},{"type":"Feature","geometry":{"type":"Point","coordinates":[-79.3328,37.6251]},"properties":{"callsign":"EDV5321","hex":"a3534a","origin":"United States","altitude":7018.02,"velocity":218.24,"heading":73.15,"onGround":false,"type":"Unknown","desc":"OpenSky cat 0","military":false,"spi":false,"category":0,"source":"opensky"}},{"type":"Feature","geometry":{"type":"Point","coordinates":[-5.4545,41.3789]},"properties":{"callsign":"AEA79ZK","hex":"3453c1","origin":"Spain","altitude":9144,"velocity":251.58,"heading":137.4,"onGround":false,"type":"Large","desc":"OpenSky cat 4","military":false,"spi":false,"category":4,"source":"opensky"}},{"type":"Feature","geometry":{"type":"Point","coordinates":[15.9114,47.6597]},"properties":{"callsign":"CHRI33","hex":"440085","origin":"Austria","altitude":975.36,"velocity":60.26,"heading":238.62,"onGround":false,"type":"Unknown","desc":"OpenSky cat 0","military":false,"spi":false,"category":0,"source":"opensky"}},{"type":"Feature","geometry":{"type":"Point","coordinates":[3.3817,41.911]},"properties":{"callsign":"VLG3XB","hex":"3453c3","origin":"Spain","altitude":6606.54,"velocity":168.1,"heading":226.24,"onGround":false,"type":"Unknown","desc":"OpenSky cat 0","military":false,"spi":false,"category":0,"source":"opensky"}},{"type":"Feature","geometry":{"type":"Point","coordinates":[-82.7647,41.7013]},"properties":{"callsign":"DAL1079","hex":"ad675d","origin":"United States","altitude":6164.58,"velocity":195.35,"heading":332.56,"onGround":false,"type":"Unknown","desc":"OpenSky cat 0","military":false,"spi":false,"category":0,"source":"opensky"}},{"type":"Feature","geometry":{"type":"Point","coordinates":[3.9821,49.1337]},"properties":{"callsign":"EJU75HN","hex":"440083","origin":"Austria","altitude":8397.24,"velocity":239.8,"heading":88.65,"onGround":false,"type":"Unknown","desc":"OpenSky cat 0","military":false,"spi":false,"category":0,"source":"opensky"}},{"type":"Feature","geometry":{"type":"Point","coordinates":[23.3563,38.6627]},"properties":{"callsign":"EJU85DB","hex":"440080","origin":"Austria","altitude":10660.38,"velocity":227.73,"heading":145.77,"onGround":false,"type":"Unknown","desc":"OpenSky cat 0","military":false,"spi":false,"category":0,"source":"opensky"}},{"type":"Feature","geometry":{"type":"Point","coordinates":[15.5588,52.111]},"properties":{"callsign":"KLM1314","hex":"484fde","origin":"Kingdom of the Netherlands","altitude":11879.58,"velocity":205.41,"heading":274.6,"onGround":false,"type":"Unknown","desc":"OpenSky cat 0","military":false,"spi":false,"category":0,"source":"opensky"}},{"type":"Feature","geometry":{"type":"Point","coordinates":[9.1865,54.5512]},"properties":{"callsign":"DESFH","hex":"3d34b9","origin":"Germany","altitude":335.28,"velocity":56.03,"heading":210.33,"onGround":false,"type":"Unknown","desc":"OpenSky cat 0","military":false,"spi":false,"category":0,"source":"opensky"}},{"type":"Feature","geometry":{"type":"Point","coordinates":[15.6898,58.6919]},"properties":{"callsign":"SEIUD","hex":"4aa6a4","origin":"Sweden","altitude":1158.24,"velocity":54.41,"heading":76.88,"onGround":false,"type":"Unknown","desc":"OpenSky cat 0","military":false,"spi":false,"category":0,"source":"opensky"}},{"type":"Feature","geometry":{"type":"Point","coordinates":[12.2112,41.4327]},"properties":{"callsign":"EJU52WF","hex":"440075","origin":"Austria","altitude":10767.06,"velocity":223.7,"heading":310.43,"onGround":false,"type":"Unknown","desc":"OpenSky cat 0","military":false,"spi":false,"category":0,"source":"opensky"}},{"type":"Feature","geometry":{"type":"Point","coordinates":[-8.3306,56.2814]},"properties":{"callsign":"BBC305","hex":"70209f","origin":"Bangladesh","altitude":11269.98,"velocity":224.32,"heading":308.76,"onGround":false,"type":"Unknown","desc":"OpenSky cat 0","military":false,"spi":false,"category":0,"source":"opensky"}},{"type":"Feature","geometry":{"type":"Point","coordinates":[4.8996,46.2824]},"properties":{"callsign":"IE779","hex":"31e0b3","origin":"Italy","altitude":1363.98,"velocity":48.29,"heading":284.18,"onGround":false,"type":"Unknown","desc":"OpenSky cat 0","military":false,"spi":false,"category":0,"source":"opensky"}},{"type":"Feature","geometry":{"type":"Point","coordinates":[7.5278,51.9191]},"properties":{"callsign":"EJU85NZ","hex":"440073","origin":"Austria","altitude":10241.28,"velocity":219.08,"heading":311.29,"onGround":false,"type":"Unknown","desc":"OpenSky cat 0","military":false,"spi":false,"category":0,"source":"opensky"}},{"type":"Feature","geometry":{"type":"Point","coordinates":[-84.5714,42.8815]},"properties":{"callsign":"AAL2917","hex":"ad4105","origin":"United States","altitude":11384.28,"velocity":202.26,"heading":271.6,"onGround":false,"type":"Large","desc":"OpenSky cat 4","military":false,"spi":false,"category":4,"source":"opensky"}},{"type":"Feature","geometry":{"type":"Point","coordinates":[4.8835,45.1202]},"properties":{"callsign":"EJU16YH","hex":"440018","origin":"Austria","altitude":3329.94,"velocity":195.55,"heading":21.77,"onGround":false,"type":"Unknown","desc":"OpenSky cat 0","military":false,"spi":false,"category":0,"source":"opensky"}},{"type":"Feature","geometry":{"type":"Point","coordinates":[-79.2814,32.9625]},"properties":{"callsign":"JBU513","hex":"a73690","origin":"United States","altitude":11590.02,"velocity":236.25,"heading":197.49,"onGround":false,"type":"Large","desc":"OpenSky cat 4","military":false,"spi":false,"category":4,"source":"opensky"}},{"type":"Feature","geometry":{"type":"Point","coordinates":[6.5186,43.4696]},"properties":{"callsign":"JSD692","hex":"472fd0","origin":"Hungary","altitude":3497.58,"velocity":161.74,"heading":116.65,"onGround":false,"type":"Unknown","desc":"OpenSky cat 0","military":false,"spi":false,"category":0,"source":"opensky"}},{"type":"Feature","geometry":{"type":"Point","coordinates":[-97.2169,37.6939]},"properties":{"callsign":"abab43","hex":"abab43","origin":"United States","altitude":0,"velocity":1.8,"heading":247.5,"onGround":true,"type":"Small","desc":"OpenSky cat 3","military":false,"spi":false,"category":3,"source":"opensky"}},{"type":"Feature","geometry":{"type":"Point","coordinates":[9.4182,47.4628]},"properties":{"callsign":"DESSC","hex":"3d3606","origin":"Germany","altitude":1752.6,"velocity":62.81,"heading":357.65,"onGround":false,"type":"Unknown","desc":"OpenSky cat 0","military":false,"spi":false,"category":0,"source":"opensky"}},{"type":"Feature","geometry":{"type":"Point","coordinates":[7.1932,52.8476]},"properties":{"callsign":"DMMLS","hex":"3ffa6f","origin":"Germany","altitude":777.24,"velocity":34.39,"heading":21.96,"onGround":false,"type":"Unknown","desc":"OpenSky cat 0","military":false,"spi":false,"category":0,"source":"opensky"}},{"type":"Feature","geometry":{"type":"Point","coordinates":[-98.1075,40.1945]},"properties":{"callsign":"SKW4679","hex":"a8431a","origin":"United States","altitude":11582.4,"velocity":201.97,"heading":240.89,"onGround":false,"type":"Unknown","desc":"OpenSky cat 0","military":false,"spi":false,"category":0,"source":"opensky"}},{"type":"Feature","geometry":{"type":"Point","coordinates":[-84.8825,37.3295]},"properties":{"callsign":"SWA1159","hex":"ac32cf","origin":"United States","altitude":9753.6,"velocity":234.61,"heading":215.99,"onGround":false,"type":"Unknown","desc":"OpenSky cat 0","military":false,"spi":false,"category":0,"source":"opensky"}},{"type":"Feature","geometry":{"type":"Point","coordinates":[-85.6816,42.3142]},"properties":{"callsign":"SKW3996","hex":"a3539d","origin":"United States","altitude":10972.8,"velocity":195.83,"heading":293.53,"onGround":false,"type":"Unknown","desc":"OpenSky cat 0","military":false,"spi":false,"category":0,"source":"opensky"}},{"type":"Feature","geometry":{"type":"Point","coordinates":[-98.2053,38.6246]},"properties":{"callsign":"AAL2474","hex":"adc8e7","origin":"United States","altitude":10972.8,"velocity":228.33,"heading":249.97,"onGround":false,"type":"Unknown","desc":"OpenSky cat 0","military":false,"spi":false,"category":0,"source":"opensky"}},{"type":"Feature","geometry":{"type":"Point","coordinates":[-6.0231,33.6275]},"properties":{"callsign":"EJU49ZT","hex":"440037","origin":"Austria","altitude":11277.6,"velocity":242.31,"heading":70.14,"onGround":false,"type":"Unknown","desc":"OpenSky cat 0","military":false,"spi":false,"category":0,"source":"opensky"}},{"type":"Feature","geometry":{"type":"Point","coordinates":[15.4448,37.6142]},"properties":{"callsign":"EJU7062","hex":"440036","origin":"Austria","altitude":10972.8,"velocity":225.15,"heading":251.48,"onGround":false,"type":"Unknown","desc":"OpenSky cat 0","military":false,"spi":false,"category":0,"source":"opensky"}},{"type":"Feature","geometry":{"type":"Point","coordinates":[-101.8295,33.6431]},"properties":{"callsign":"N958FE","hex":"ad52e1","origin":"United States","altitude":1371.6,"velocity":39.29,"heading":136.06,"onGround":false,"type":"Light","desc":"OpenSky cat 2","military":false,"spi":false,"category":2,"source":"opensky"}},{"type":"Feature","geometry":{"type":"Point","coordinates":[-93.2899,32.4224]},"properties":{"callsign":"AAL3180","hex":"a4b065","origin":"United States","altitude":10957.56,"velocity":229.43,"heading":264.6,"onGround":false,"type":"Unknown","desc":"OpenSky cat 0","military":true,"spi":true,"category":0,"source":"opensky"}},{"type":"Feature","geometry":{"type":"Point","coordinates":[-97.089,40.8715]},"properties":{"callsign":"SWA3062","hex":"ac32f2","origin":"United States","altitude":8374.38,"velocity":205.62,"heading":258.75,"onGround":false,"type":"Unknown","desc":"OpenSky cat 0","military":false,"spi":false,"category":0,"source":"opensky"}},{"type":"Feature","geometry":{"type":"Point","coordinates":[-5.144,50.3773]},"properties":{"callsign":"GUJGK","hex":"40436a","origin":"United Kingdom","altitude":762,"velocity":42.95,"heading":34.26,"onGround":false,"type":"Unknown","desc":"OpenSky cat 0","military":false,"spi":false,"category":0,"source":"opensky"}},{"type":"Feature","geometry":{"type":"Point","coordinates":[4.7546,46.4846]},"properties":{"callsign":"EJU412C","hex":"440030","origin":"Austria","altitude":10363.2,"velocity":224.27,"heading":329.08,"onGround":false,"type":"Unknown","desc":"OpenSky cat 0","military":false,"spi":false,"category":0,"source":"opensky"}},{"type":"Feature","geometry":{"type":"Point","coordinates":[-3.5209,55.0296]},"properties":{"callsign":"AUA55","hex":"44001e","origin":"Austria","altitude":10363.2,"velocity":205.48,"heading":301.38,"onGround":false,"type":"Unknown","desc":"OpenSky cat 0","military":false,"spi":false,"category":0,"source":"opensky"}},{"type":"Feature","geometry":{"type":"Point","coordinates":[16.2329,47.5619]},"properties":{"callsign":"AUA75U","hex":"44001c","origin":"Austria","altitude":4053.84,"velocity":202.32,"heading":37.98,"onGround":false,"type":"Unknown","desc":"OpenSky cat 0","military":false,"spi":false,"category":0,"source":"opensky"}},{"type":"Feature","geometry":{"type":"Point","coordinates":[15.7558,47.8325]},"properties":{"callsign":"AUA465","hex":"44001b","origin":"Austria","altitude":4008.12,"velocity":201.58,"heading":247.49,"onGround":false,"type":"Unknown","desc":"OpenSky cat 0","military":false,"spi":false,"category":0,"source":"opensky"}},{"type":"Feature","geometry":{"type":"Point","coordinates":[21.6789,43.3736]},"properties":{"callsign":"AUA824","hex":"44001a","origin":"Austria","altitude":10370.82,"velocity":226.12,"heading":338.51,"onGround":false,"type":"Unknown","desc":"OpenSky cat 0","military":false,"spi":false,"category":0,"source":"opensky"}},{"type":"Feature","geometry":{"type":"Point","coordinates":[86.8517,26.7341]},"properties":{"callsign":"BHA709","hex":"70a8eb","origin":"Nepal","altitude":3055.62,"velocity":109.17,"heading":126.76,"onGround":false,"type":"Unknown","desc":"OpenSky cat 0","military":false,"spi":false,"category":0,"source":"opensky"}},{"type":"Feature","geometry":{"type":"Point","coordinates":[23.7307,45.0821]},"properties":{"callsign":"UAE72V","hex":"8960f2","origin":"United Arab Emirates","altitude":11582.4,"velocity":218.16,"heading":303.65,"onGround":false,"type":"Unknown","desc":"OpenSky cat 0","military":false,"spi":false,"category":0,"source":"opensky"}},{"type":"Feature","geometry":{"type":"Point","coordinates":[5.2941,52.5045]},"properties":{"callsign":"UAE84N","hex":"8960ee","origin":"United Arab Emirates","altitude":2423.16,"velocity":135.51,"heading":280.5,"onGround":false,"type":"Unknown","desc":"OpenSky cat 0","military":false,"spi":false,"category":0,"source":"opensky"}},{"type":"Feature","geometry":{"type":"Point","coordinates":[-78.7585,35.9096]},"properties":{"callsign":"EDV4956","hex":"accb65","origin":"United States","altitude":228.6,"velocity":64.39,"heading":225.32,"onGround":false,"type":"No emitter category","desc":"OpenSky cat 1","military":false,"spi":false,"category":1,"source":"opensky"}},{"type":"Feature","geometry":{"type":"Point","coordinates":[3.2214,39.9565]},"properties":{"callsign":"HBFXE","hex":"4b0f8e","origin":"Switzerland","altitude":2339.34,"velocity":124.77,"heading":202.55,"onGround":false,"type":"Unknown","desc":"OpenSky cat 0","military":false,"spi":false,"category":0,"source":"opensky"}},{"type":"Feature","geometry":{"type":"Point","coordinates":[82.5918,28.2688]},"properties":{"callsign":"SHA124","hex":"70a8e9","origin":"Nepal","altitude":5943.6,"velocity":157.51,"heading":134.87,"onGround":false,"type":"Unknown","desc":"OpenSky cat 0","military":false,"spi":false,"category":0,"source":"opensky"}},{"type":"Feature","geometry":{"type":"Point","coordinates":[2.0831,41.3019]},"properties":{"callsign":"NOZ41B","hex":"47c1f7","origin":"Norway","altitude":0,"velocity":9.77,"heading":244.69,"onGround":true,"type":"Unknown","desc":"OpenSky cat 0","military":false,"spi":false,"category":0,"source":"opensky"}},{"type":"Feature","geometry":{"type":"Point","coordinates":[-84.4254,33.6336]},"properties":{"callsign":"DAL1494","hex":"a03b67","origin":"United States","altitude":0,"velocity":5.4,"heading":275.62,"onGround":true,"type":"Unknown","desc":"OpenSky cat 0","military":true,"spi":true,"category":0,"source":"opensky"}},{"type":"Feature","geometry":{"type":"Point","coordinates":[6.3981,40.996]},"properties":{"callsign":"UAE185","hex":"8960fa","origin":"United Arab Emirates","altitude":11277.6,"velocity":234.27,"heading":277.95,"onGround":false,"type":"Unknown","desc":"OpenSky cat 0","military":false,"spi":false,"category":0,"source":"opensky"}},{"type":"Feature","geometry":{"type":"Point","coordinates":[-3.5914,40.4972]},"properties":{"callsign":"ANE87AT","hex":"344197","origin":"Spain","altitude":0,"velocity":0.77,"heading":168.75,"onGround":true,"type":"Unknown","desc":"OpenSky cat 0","military":false,"spi":false,"category":0,"source":"opensky"}},{"type":"Feature","geometry":{"type":"Point","coordinates":[21.0346,39.4958]},"properties":{"callsign":"DAL241","hex":"a4c34c","origin":"United States","altitude":9083.04,"velocity":250.99,"heading":321.16,"onGround":false,"type":"Unknown","desc":"OpenSky cat 0","military":false,"spi":false,"category":0,"source":"opensky"}},{"type":"Feature","geometry":{"type":"Point","coordinates":[-71.0219,42.3602]},"properties":{"callsign":"RPA4658","hex":"a04e60","origin":"United States","altitude":0,"velocity":4.89,"heading":67.5,"onGround":true,"type":"Unknown","desc":"OpenSky cat 0","military":false,"spi":false,"category":0,"source":"opensky"}},{"type":"Feature","geometry":{"type":"Point","coordinates":[-84.2797,33.7612]},"properties":{"callsign":"ASA377","hex":"a97608","origin":"United States","altitude":2042.16,"velocity":143.02,"heading":359.79,"onGround":false,"type":"Unknown","desc":"OpenSky cat 0","military":false,"spi":false,"category":0,"source":"opensky"}},{"type":"Feature","geometry":{"type":"Point","coordinates":[22.2758,45.4028]},"properties":{"callsign":"UAE62T","hex":"8960e7","origin":"United Arab Emirates","altitude":11582.4,"velocity":218.19,"heading":300.62,"onGround":false,"type":"Unknown","desc":"OpenSky cat 0","military":false,"spi":false,"category":0,"source":"opensky"}},{"type":"Feature","geometry":{"type":"Point","coordinates":[11.1853,44.9769]},"properties":{"callsign":"MEA209","hex":"500214","origin":"San Marino","altitude":9768.84,"velocity":213.44,"heading":288.26,"onGround":false,"type":"Unknown","desc":"OpenSky cat 0","military":false,"spi":false,"category":0,"source":"opensky"}},{"type":"Feature","geometry":{"type":"Point","coordinates":[-73.2817,41.514]},"properties":{"callsign":"FLT80848","hex":"ab271b","origin":"United States","altitude":2720.34,"velocity":138.75,"heading":14.6,"onGround":false,"type":"Unknown","desc":"OpenSky cat 0","military":false,"spi":false,"category":0,"source":"opensky"}},{"type":"Feature","geometry":{"type":"Point","coordinates":[-86.6185,41.7068]},"properties":{"callsign":"GJS4540","hex":"a73665","origin":"United States","altitude":4030.98,"velocity":181.33,"heading":317.53,"onGround":false,"type":"Unknown","desc":"OpenSky cat 0","military":false,"spi":false,"category":0,"source":"opensky"}},{"type":"Feature","geometry":{"type":"Point","coordinates":[-3.8305,40.3222]},"properties":{"callsign":"AEA1676","hex":"344297","origin":"Spain","altitude":2811.78,"velocity":155.61,"heading":118.43,"onGround":false,"type":"Unknown","desc":"OpenSky cat 0","military":false,"spi":false,"category":0,"source":"opensky"}},{"type":"Feature","geometry":{"type":"Point","coordinates":[17.887,51.7212]},"properties":{"callsign":"BNI1KG","hex":"48e1a4","origin":"Poland","altitude":670.56,"velocity":31.14,"heading":292.33,"onGround":false,"type":"Unknown","desc":"OpenSky cat 0","military":false,"spi":false,"category":0,"source":"opensky"}},{"type":"Feature","geometry":{"type":"Point","coordinates":[-2.4708,46.7535]},"properties":{"callsign":"EZY34FP","hex":"405636","origin":"United Kingdom","altitude":11582.4,"velocity":239.6,"heading":9.77,"onGround":false,"type":"Unknown","desc":"OpenSky cat 0","military":false,"spi":false,"category":0,"source":"opensky"}},{"type":"Feature","geometry":{"type":"Point","coordinates":[9.5377,42.9731]},"properties":{"callsign":"EZY52CE","hex":"405631","origin":"United Kingdom","altitude":11574.78,"velocity":202.65,"heading":292.85,"onGround":false,"type":"Unknown","desc":"OpenSky cat 0","military":false,"spi":false,"category":0,"source":"opensky"}},{"type":"Feature","geometry":{"type":"Point","coordinates":[-96.2649,41.1007]},"properties":{"callsign":"UAL1442","hex":"a41e2c","origin":"United States","altitude":3924.3,"velocity":192.12,"heading":244.12,"onGround":false,"type":"Unknown","desc":"OpenSky cat 0","military":false,"spi":false,"category":0,"source":"opensky"}},{"type":"Feature","geometry":{"type":"Point","coordinates":[21.0051,44.955]},"properties":{"callsign":"ENT2MC","hex":"4891b4","origin":"Poland","altitude":10972.8,"velocity":206.18,"heading":332.35,"onGround":false,"type":"Unknown","desc":"OpenSky cat 0","military":false,"spi":false,"category":0,"source":"opensky"}},{"type":"Feature","geometry":{"type":"Point","coordinates":[15.9449,45.8438]},"properties":{"callsign":"ENT8XA","hex":"4891b2","origin":"Poland","altitude":10980.42,"velocity":218.86,"heading":2.56,"onGround":false,"type":"Unknown","desc":"OpenSky cat 0","military":false,"spi":false,"category":0,"source":"opensky"}},{"type":"Feature","geometry":{"type":"Point","coordinates":[-97.604,35.3997]},"properties":{"callsign":"N724KW","hex":"a9b35e","origin":"United States","altitude":0,"velocity":7.72,"heading":0,"onGround":true,"type":"Unknown","desc":"OpenSky cat 0","military":false,"spi":false,"category":0,"source":"opensky"}},{"type":"Feature","geometry":{"type":"Point","coordinates":[-82.1057,36.8643]},"properties":{"callsign":"N331S","hex":"a39b16","origin":"United States","altitude":8397.24,"velocity":191.24,"heading":290.14,"onGround":false,"type":"Light","desc":"OpenSky cat 2","military":false,"spi":false,"category":2,"source":"opensky"}},{"type":"Feature","geometry":{"type":"Point","coordinates":[-84.611,40.3113]},"properties":{"callsign":"ENY3819","hex":"aa908e","origin":"United States","altitude":6134.1,"velocity":165.73,"heading":358.22,"onGround":false,"type":"Unknown","desc":"OpenSky cat 0","military":false,"spi":false,"category":0,"source":"opensky"}},{"type":"Feature","geometry":{"type":"Point","coordinates":[-79.6247,43.6867]},"properties":{"callsign":"ENY3524","hex":"a39b19","origin":"United States","altitude":167.64,"velocity":0,"heading":56.25,"onGround":true,"type":"Unknown","desc":"OpenSky cat 0","military":false,"spi":false,"category":0,"source":"opensky"}},{"type":"Feature","geometry":{"type":"Point","coordinates":[17.0206,44.7285]},"properties":{"callsign":"ENT6632","hex":"4891ad","origin":"Poland","altitude":10972.8,"velocity":216.18,"heading":318.76,"onGround":false,"type":"Unknown","desc":"OpenSky cat 0","military":false,"spi":false,"category":0,"source":"opensky"}},{"type":"Feature","geometry":{"type":"Point","coordinates":[-2.7702,52.827]},"properties":{"callsign":"GCHVY","hex":"40694b","origin":"United Kingdom","altitude":297.18,"velocity":37.55,"heading":131.11,"onGround":false,"type":"Unknown","desc":"OpenSky cat 0","military":false,"spi":false,"category":0,"source":"opensky"}},{"type":"Feature","geometry":{"type":"Point","coordinates":[77.2304,28.5672]},"properties":{"callsign":"IGO12AJ","hex":"8016ba","origin":"India","altitude":868.68,"velocity":87.99,"heading":271.34,"onGround":false,"type":"Unknown","desc":"OpenSky cat 0","military":false,"spi":false,"category":0,"source":"opensky"}},{"type":"Feature","geometry":{"type":"Point","coordinates":[-73.8756,40.7766]},"properties":{"callsign":"RPA4522","hex":"a4e8ef","origin":"United States","altitude":0,"velocity":5.92,"heading":30.94,"onGround":true,"type":"Unknown","desc":"OpenSky cat 0","military":false,"spi":false,"category":0,"source":"opensky"}},{"type":"Feature","geometry":{"type":"Point","coordinates":[25.6681,45.3131]},"properties":{"callsign":"ENT7748","hex":"4891b9","origin":"Poland","altitude":11582.4,"velocity":199.09,"heading":321.29,"onGround":false,"type":"Unknown","desc":"OpenSky cat 0","military":false,"spi":false,"category":0,"source":"opensky"}},{"type":"Feature","geometry":{"type":"Point","coordinates":[25.5165,45.6949]},"properties":{"callsign":"WZZ946","hex":"471d6b","origin":"Hungary","altitude":0,"velocity":0,"heading":126.56,"onGround":true,"type":"Unknown","desc":"OpenSky cat 0","military":false,"spi":false,"category":0,"source":"opensky"}},{"type":"Feature","geometry":{"type":"Point","coordinates":[85.4809,19.6095]},"properties":{"callsign":"AXB43K","hex":"8016c9","origin":"India","altitude":11376.66,"velocity":243.47,"heading":235.07,"onGround":false,"type":"Unknown","desc":"OpenSky cat 0","military":false,"spi":false,"category":0,"source":"opensky"}},{"type":"Feature","geometry":{"type":"Point","coordinates":[5.5864,42.6104]},"properties":{"callsign":"WZZ2AV","hex":"471d6f","origin":"Hungary","altitude":10980.42,"velocity":249.9,"heading":50.35,"onGround":false,"type":"Unknown","desc":"OpenSky cat 0","military":false,"spi":false,"category":0,"source":"opensky"}},{"type":"Feature","geometry":{"type":"Point","coordinates":[24.5661,58.4338]},"properties":{"callsign":"WZZ8TQ","hex":"471d6d","origin":"Hungary","altitude":6606.54,"velocity":211.05,"heading":21,"onGround":false,"type":"Unknown","desc":"OpenSky cat 0","military":false,"spi":false,"category":0,"source":"opensky"}},{"type":"Feature","geometry":{"type":"Point","coordinates":[17.2022,48.1681]},"properties":{"callsign":"WZZ5NC","hex":"471d6e","origin":"Hungary","altitude":0,"velocity":7.72,"heading":312.19,"onGround":true,"type":"Unknown","desc":"OpenSky cat 0","military":false,"spi":false,"category":0,"source":"opensky"}},{"type":"Feature","geometry":{"type":"Point","coordinates":[15.1465,46.5095]},"properties":{"callsign":"MEA218","hex":"5001e3","origin":"San Marino","altitude":10073.64,"velocity":262.15,"heading":122.66,"onGround":false,"type":"Unknown","desc":"OpenSky cat 0","military":false,"spi":false,"category":0,"source":"opensky"}},{"type":"Feature","geometry":{"type":"Point","coordinates":[88.093,23.0448]},"properties":{"callsign":"VTSKJ","hex":"8016d0","origin":"India","altitude":3352.8,"velocity":132.29,"heading":116.07,"onGround":false,"type":"Unknown","desc":"OpenSky cat 0","military":false,"spi":false,"category":0,"source":"opensky"}},{"type":"Feature","geometry":{"type":"Point","coordinates":[-4.5808,40.8586]},"properties":{"callsign":"ANE8123","hex":"345597","origin":"Spain","altitude":10972.8,"velocity":240.76,"heading":122.43,"onGround":false,"type":"Large","desc":"OpenSky cat 4","military":false,"spi":false,"category":4,"source":"opensky"}},{"type":"Feature","geometry":{"type":"Point","coordinates":[-8.8799,40.4794]},"properties":{"callsign":"AAL69","hex":"aa9093","origin":"United States","altitude":10058.4,"velocity":240.3,"heading":266.07,"onGround":false,"type":"Unknown","desc":"OpenSky cat 0","military":false,"spi":false,"category":0,"source":"opensky"}},{"type":"Feature","geometry":{"type":"Point","coordinates":[87.9766,24.1712]},"properties":{"callsign":"IGO6134","hex":"8016d4","origin":"India","altitude":9700.26,"velocity":230.38,"heading":350.75,"onGround":false,"type":"Unknown","desc":"OpenSky cat 0","military":false,"spi":false,"category":0,"source":"opensky"}},{"type":"Feature","geometry":{"type":"Point","coordinates":[1.3483,43.6344]},"properties":{"callsign":"38377a","hex":"38377a","origin":"France","altitude":0,"velocity":0,"heading":53.44,"onGround":true,"type":"Unknown","desc":"OpenSky cat 0","military":false,"spi":false,"category":0,"source":"opensky"}},{"type":"Feature","geometry":{"type":"Point","coordinates":[5.2769,46.2561]},"properties":{"callsign":"FJJTA","hex":"386abc","origin":"France","altitude":830.58,"velocity":57.85,"heading":128.5,"onGround":false,"type":"Unknown","desc":"OpenSky cat 0","military":false,"spi":false,"category":0,"source":"opensky"}},{"type":"Feature","geometry":{"type":"Point","coordinates":[11.5504,48.1628]},"properties":{"callsign":"DEEKL","hex":"3d1047","origin":"Germany","altitude":815.34,"velocity":48.09,"heading":325.46,"onGround":false,"type":"Unknown","desc":"OpenSky cat 0","military":false,"spi":false,"category":0,"source":"opensky"}},{"type":"Feature","geometry":{"type":"Point","coordinates":[-83.7484,40.0341]},"properties":{"callsign":"DAL2403","hex":"a03b6d","origin":"United States","altitude":5387.34,"velocity":185.98,"heading":279.07,"onGround":false,"type":"Unknown","desc":"OpenSky cat 0","military":false,"spi":false,"category":0,"source":"opensky"}},{"type":"Feature","geometry":{"type":"Point","coordinates":[14.4196,49.114]},"properties":{"callsign":"UAE42X","hex":"896121","origin":"United Arab Emirates","altitude":6515.1,"velocity":213.83,"heading":340.17,"onGround":false,"type":"Unknown","desc":"OpenSky cat 0","military":false,"spi":false,"category":0,"source":"opensky"}},{"type":"Feature","geometry":{"type":"Point","coordinates":[4.4127,51.34]},"properties":{"callsign":"SCR762","hex":"3cf027","origin":"Germany","altitude":7155.18,"velocity":192.34,"heading":153.64,"onGround":false,"type":"Unknown","desc":"OpenSky cat 0","military":false,"spi":false,"category":0,"source":"opensky"}},{"type":"Feature","geometry":{"type":"Point","coordinates":[88.2632,22.143]},"properties":{"callsign":"AXB1354","hex":"8016cc","origin":"India","altitude":10058.4,"velocity":228.58,"heading":17.82,"onGround":false,"type":"Unknown","desc":"OpenSky cat 0","military":false,"spi":false,"category":0,"source":"opensky"}},{"type":"Feature","geometry":{"type":"Point","coordinates":[16.7196,52.225]},"properties":{"callsign":"CES218","hex":"781b7b","origin":"China","altitude":11277.6,"velocity":253.09,"heading":35.4,"onGround":false,"type":"Unknown","desc":"OpenSky cat 0","military":false,"spi":false,"category":0,"source":"opensky"}},{"type":"Feature","geometry":{"type":"Point","coordinates":[4.2656,45.469]},"properties":{"callsign":"ANE51QE","hex":"345583","origin":"Spain","altitude":10668,"velocity":213.44,"heading":239.91,"onGround":false,"type":"Large","desc":"OpenSky cat 4","military":false,"spi":false,"category":4,"source":"opensky"}},{"type":"Feature","geometry":{"type":"Point","coordinates":[14.2718,50.4331]},"properties":{"callsign":"WZZ9PJ","hex":"471d69","origin":"Hungary","altitude":10355.58,"velocity":207.74,"heading":326.31,"onGround":false,"type":"Unknown","desc":"OpenSky cat 0","military":false,"spi":false,"category":0,"source":"opensky"}},{"type":"Feature","geometry":{"type":"Point","coordinates":[16.1224,46.1795]},"properties":{"callsign":"WZZ4JN","hex":"471d62","origin":"Hungary","altitude":10972.8,"velocity":200.29,"heading":293.14,"onGround":false,"type":"Unknown","desc":"OpenSky cat 0","military":false,"spi":false,"category":0,"source":"opensky"}},{"type":"Feature","geometry":{"type":"Point","coordinates":[19.7319,38.2809]},"properties":{"callsign":"WMT2CL","hex":"471d63","origin":"Hungary","altitude":10675.62,"velocity":233.26,"heading":110.39,"onGround":false,"type":"Unknown","desc":"OpenSky cat 0","military":false,"spi":false,"category":0,"source":"opensky"}},{"type":"Feature","geometry":{"type":"Point","coordinates":[24.1755,39.5935]},"properties":{"callsign":"WZZ50","hex":"471d66","origin":"Hungary","altitude":10355.58,"velocity":224.71,"heading":329.15,"onGround":false,"type":"Unknown","desc":"OpenSky cat 0","military":false,"spi":false,"category":0,"source":"opensky"}},{"type":"Feature","geometry":{"type":"Point","coordinates":[17.5164,45.7393]},"properties":{"callsign":"WZZ4005","hex":"471d67","origin":"Hungary","altitude":10363.2,"velocity":202.11,"heading":294.67,"onGround":false,"type":"Unknown","desc":"OpenSky cat 0","military":false,"spi":false,"category":0,"source":"opensky"}},{"type":"Feature","geometry":{"type":"Point","coordinates":[10.9387,47.3001]},"properties":{"callsign":"DFABJ","hex":"3d4973","origin":"Germany","altitude":2583.18,"velocity":119.51,"heading":87.04,"onGround":false,"type":"Unknown","desc":"OpenSky cat 0","military":false,"spi":false,"category":0,"source":"opensky"}},{"type":"Feature","geometry":{"type":"Point","coordinates":[-80.6782,35.4002]},"properties":{"callsign":"N5592G","hex":"a7237f","origin":"United States","altitude":472.44,"velocity":44.17,"heading":194.85,"onGround":false,"type":"Unknown","desc":"OpenSky cat 0","military":false,"spi":false,"category":0,"source":"opensky"}},{"type":"Feature","geometry":{"type":"Point","coordinates":[17.0796,50.6907]},"properties":{"callsign":"WZZ48","hex":"471d70","origin":"Hungary","altitude":3169.92,"velocity":135.82,"heading":12.25,"onGround":false,"type":"Unknown","desc":"OpenSky cat 0","military":false,"spi":false,"category":0,"source":"opensky"}},{"type":"Feature","geometry":{"type":"Point","coordinates":[14.3429,35.9657]},"properties":{"callsign":"WMT694","hex":"471d5a","origin":"Hungary","altitude":929.64,"velocity":96.4,"heading":134.78,"onGround":false,"type":"Unknown","desc":"OpenSky cat 0","military":false,"spi":false,"category":0,"source":"opensky"}},{"type":"Feature","geometry":{"type":"Point","coordinates":[14.6602,46.4892]},"properties":{"callsign":"WZZ549","hex":"471d5f","origin":"Hungary","altitude":10363.2,"velocity":195.89,"heading":252.42,"onGround":false,"type":"Unknown","desc":"OpenSky cat 0","military":false,"spi":false,"category":0,"source":"opensky"}},{"type":"Feature","geometry":{"type":"Point","coordinates":[19.7471,48.0284]},"properties":{"callsign":"WMT9669","hex":"471d5c","origin":"Hungary","altitude":10980.42,"velocity":202.25,"heading":275.99,"onGround":false,"type":"Unknown","desc":"OpenSky cat 0","military":false,"spi":false,"category":0,"source":"opensky"}},{"type":"Feature","geometry":{"type":"Point","coordinates":[-80.9312,27.7962]},"properties":{"callsign":"DAL1352","hex":"a3c8cb","origin":"United States","altitude":7802.88,"velocity":231.63,"heading":330.02,"onGround":false,"type":"Large","desc":"OpenSky cat 4","military":false,"spi":false,"category":4,"source":"opensky"}},{"type":"Feature","geometry":{"type":"Point","coordinates":[-3.8313,40.3616]},"properties":{"callsign":"ECCZO","hex":"34554d","origin":"Spain","altitude":838.2,"velocity":44.27,"heading":268,"onGround":false,"type":"Unknown","desc":"OpenSky cat 0","military":false,"spi":false,"category":0,"source":"opensky"}},{"type":"Feature","geometry":{"type":"Point","coordinates":[-1.8226,42.5488]},"properties":{"callsign":"FSMK2L","hex":"34554f","origin":"Spain","altitude":3360.42,"velocity":40.52,"heading":208.84,"onGround":false,"type":"Unknown","desc":"OpenSky cat 0","military":false,"spi":false,"category":0,"source":"opensky"}},{"type":"Feature","geometry":{"type":"Point","coordinates":[-84.4183,32.8069]},"properties":{"callsign":"AAL1020","hex":"ad9b28","origin":"United States","altitude":11887.2,"velocity":231.54,"heading":178.98,"onGround":false,"type":"No emitter category","desc":"OpenSky cat 1","military":false,"spi":false,"category":1,"source":"opensky"}},{"type":"Feature","geometry":{"type":"Point","coordinates":[-70.2552,41.6261]},"properties":{"callsign":"KAP811","hex":"a0f2f5","origin":"United States","altitude":358.14,"velocity":64.58,"heading":161.42,"onGround":false,"type":"Unknown","desc":"OpenSky cat 0","military":false,"spi":false,"category":0,"source":"opensky"}},{"type":"Feature","geometry":{"type":"Point","coordinates":[4.9272,45.862]},"properties":{"callsign":"GES251L","hex":"345559","origin":"Spain","altitude":12496.8,"velocity":200.46,"heading":234.19,"onGround":false,"type":"Unknown","desc":"OpenSky cat 0","military":false,"spi":false,"category":0,"source":"opensky"}},{"type":"Feature","geometry":{"type":"Point","coordinates":[-5.0475,36.959]},"properties":{"callsign":"EFW8AK","hex":"40697c","origin":"United Kingdom","altitude":10965.18,"velocity":246.98,"heading":41.96,"onGround":false,"type":"Unknown","desc":"OpenSky cat 0","military":false,"spi":false,"category":0,"source":"opensky"}},{"type":"Feature","geometry":{"type":"Point","coordinates":[10.5518,46.0516]},"properties":{"callsign":"BAW602","hex":"40697b","origin":"United Kingdom","altitude":7879.08,"velocity":219.35,"heading":140.71,"onGround":false,"type":"Unknown","desc":"OpenSky cat 0","military":false,"spi":false,"category":0,"source":"opensky"}},{"type":"Feature","geometry":{"type":"Point","coordinates":[15.2717,56.2992]},"properties":{"callsign":"NOZ1053","hex":"4784c2","origin":"Norway","altitude":10972.8,"velocity":210.99,"heading":315.2,"onGround":false,"type":"Unknown","desc":"OpenSky cat 0","military":false,"spi":false,"category":0,"source":"opensky"}},{"type":"Feature","geometry":{"type":"Point","coordinates":[0.8718,39.5957]},"properties":{"callsign":"AEA66PK","hex":"344216","origin":"Spain","altitude":9448.8,"velocity":215.88,"heading":275.06,"onGround":false,"type":"Unknown","desc":"OpenSky cat 0","military":false,"spi":false,"category":0,"source":"opensky"}},{"type":"Feature","geometry":{"type":"Point","coordinates":[-8.9835,38.9173]},"properties":{"callsign":"AEA41RG","hex":"344217","origin":"Spain","altitude":1805.94,"velocity":144.27,"heading":64.44,"onGround":false,"type":"No emitter category","desc":"OpenSky cat 1","military":false,"spi":false,"category":1,"source":"opensky"}},{"type":"Feature","geometry":{"type":"Point","coordinates":[-75.0324,39.9337]},"properties":{"callsign":"UAL2854","hex":"a12732","origin":"United States","altitude":678.18,"velocity":88.43,"heading":223.35,"onGround":false,"type":"Unknown","desc":"OpenSky cat 0","military":false,"spi":false,"category":0,"source":"opensky"}},{"type":"Feature","geometry":{"type":"Point","coordinates":[9.1588,48.421]},"properties":{"callsign":"EXS1314","hex":"406900","origin":"United Kingdom","altitude":11582.4,"velocity":215.75,"heading":316.06,"onGround":false,"type":"Unknown","desc":"OpenSky cat 0","military":false,"spi":false,"category":0,"source":"opensky"}},{"type":"Feature","geometry":{"type":"Point","coordinates":[8.4047,46.9733]},"properties":{"callsign":"HUE11F","hex":"4b0dd5","origin":"Switzerland","altitude":0,"velocity":0,"heading":281.25,"onGround":true,"type":"Unknown","desc":"OpenSky cat 0","military":false,"spi":false,"category":0,"source":"opensky"}},{"type":"Feature","geometry":{"type":"Point","coordinates":[-98.1917,30.9786]},"properties":{"callsign":"AAL2342","hex":"ac8cf1","origin":"United States","altitude":7627.62,"velocity":190.89,"heading":6.03,"onGround":false,"type":"Unknown","desc":"OpenSky cat 0","military":false,"spi":false,"category":0,"source":"opensky"}},{"type":"Feature","geometry":{"type":"Point","coordinates":[-77.4563,37.5703]},"properties":{"callsign":"JIA5552","hex":"a842ac","origin":"United States","altitude":6477,"velocity":193.22,"heading":20.41,"onGround":false,"type":"Unknown","desc":"OpenSky cat 0","military":false,"spi":false,"category":0,"source":"opensky"}},{"type":"Feature","geometry":{"type":"Point","coordinates":[-70.7771,42.5392]},"properties":{"callsign":"JBU397","hex":"ad5329","origin":"United States","altitude":3406.14,"velocity":170.89,"heading":311.71,"onGround":false,"type":"Unknown","desc":"OpenSky cat 0","military":false,"spi":false,"category":0,"source":"opensky"}},{"type":"Feature","geometry":{"type":"Point","coordinates":[76.4619,27.7231]},"properties":{"callsign":"IGO6437","hex":"801804","origin":"India","altitude":7170.42,"velocity":217.35,"heading":204.32,"onGround":false,"type":"Unknown","desc":"OpenSky cat 0","military":false,"spi":false,"category":0,"source":"opensky"}},{"type":"Feature","geometry":{"type":"Point","coordinates":[75.4693,25.786]},"properties":{"callsign":"AKJ673W","hex":"801811","origin":"India","altitude":10363.2,"velocity":228.66,"heading":203.05,"onGround":false,"type":"Unknown","desc":"OpenSky cat 0","military":false,"spi":false,"category":0,"source":"opensky"}},{"type":"Feature","geometry":{"type":"Point","coordinates":[-79.6767,26.6685]},"properties":{"callsign":"N713TX","hex":"a988f1","origin":"United States","altitude":9250.68,"velocity":178.34,"heading":12.83,"onGround":false,"type":"Unknown","desc":"OpenSky cat 0","military":false,"spi":false,"category":0,"source":"opensky"}},{"type":"Feature","geometry":{"type":"Point","coordinates":[10.1241,47.4157]},"properties":{"callsign":"UAE73","hex":"896198","origin":"United Arab Emirates","altitude":12192,"velocity":228.42,"heading":270.39,"onGround":false,"type":"Unknown","desc":"OpenSky cat 0","military":false,"spi":false,"category":0,"source":"opensky"}},{"type":"Feature","geometry":{"type":"Point","coordinates":[2.8504,49.0078]},"properties":{"callsign":"ELY323","hex":"738102","origin":"Israel","altitude":982.98,"velocity":97.02,"heading":265.44,"onGround":false,"type":"Unknown","desc":"OpenSky cat 0","military":false,"spi":false,"category":0,"source":"opensky"}},{"type":"Feature","geometry":{"type":"Point","coordinates":[19.1719,39.2082]},"properties":{"callsign":"ELY327","hex":"738101","origin":"Israel","altitude":12184.38,"velocity":243.6,"heading":302.58,"onGround":false,"type":"Unknown","desc":"OpenSky cat 0","military":true,"spi":true,"category":0,"source":"opensky"}},{"type":"Feature","geometry":{"type":"Point","coordinates":[8.6819,43.313]},"properties":{"callsign":"UAE1GP","hex":"896190","origin":"United Arab Emirates","altitude":5516.88,"velocity":198.7,"heading":294.31,"onGround":false,"type":"Unknown","desc":"OpenSky cat 0","military":false,"spi":false,"category":0,"source":"opensky"}},{"type":"Feature","geometry":{"type":"Point","coordinates":[12.3004,42.086]},"properties":{"callsign":"UAE6JL","hex":"896192","origin":"United Arab Emirates","altitude":1874.52,"velocity":163.4,"heading":313.34,"onGround":false,"type":"Unknown","desc":"OpenSky cat 0","military":false,"spi":false,"category":0,"source":"opensky"}},{"type":"Feature","geometry":{"type":"Point","coordinates":[12.8924,43.6277]},"properties":{"callsign":"AIZ0338","hex":"4a3123","origin":"Romania","altitude":11277.6,"velocity":251.17,"heading":131.26,"onGround":false,"type":"Unknown","desc":"OpenSky cat 0","military":false,"spi":false,"category":0,"source":"opensky"}},{"type":"Feature","geometry":{"type":"Point","coordinates":[-80.2798,36.0889]},"properties":{"callsign":"N60188","hex":"a7ce87","origin":"United States","altitude":769.62,"velocity":50.95,"heading":54.87,"onGround":false,"type":"Unknown","desc":"OpenSky cat 0","military":false,"spi":false,"category":0,"source":"opensky"}},{"type":"Feature","geometry":{"type":"Point","coordinates":[17.6207,47.907]},"properties":{"callsign":"OMBHK","hex":"505d0b","origin":"Slovakia","altitude":335.28,"velocity":63.63,"heading":345.96,"onGround":false,"type":"Unknown","desc":"OpenSky cat 0","military":false,"spi":false,"category":0,"source":"opensky"}},{"type":"Feature","geometry":{"type":"Point","coordinates":[8.5832,50.0487]},"properties":{"callsign":"OCN50","hex":"3c15c1","origin":"Germany","altitude":0,"velocity":1.29,"heading":70.31,"onGround":true,"type":"Unknown","desc":"OpenSky cat 0","military":false,"spi":false,"category":0,"source":"opensky"}},{"type":"Feature","geometry":{"type":"Point","coordinates":[21.0549,49.1148]},"properties":{"callsign":"OMM130","hex":"505d48","origin":"Slovakia","altitude":662.94,"velocity":43.25,"heading":296.87,"onGround":false,"type":"Unknown","desc":"OpenSky cat 0","military":false,"spi":false,"category":0,"source":"opensky"}},{"type":"Feature","geometry":{"type":"Point","coordinates":[-83.921,33.2662]},"properties":{"callsign":"JBU518","hex":"a8b8ba","origin":"United States","altitude":4267.2,"velocity":203.66,"heading":311.83,"onGround":false,"type":"Unknown","desc":"OpenSky cat 0","military":false,"spi":false,"category":0,"source":"opensky"}},{"type":"Feature","geometry":{"type":"Point","coordinates":[77.0083,28.5852]},"properties":{"callsign":"AKJ781Z","hex":"801835","origin":"India","altitude":937.26,"velocity":122.41,"heading":284.85,"onGround":false,"type":"Unknown","desc":"OpenSky cat 0","military":false,"spi":false,"category":0,"source":"opensky"}},{"type":"Feature","geometry":{"type":"Point","coordinates":[25.6594,44.2321]},"properties":{"callsign":"UAE2VL","hex":"896175","origin":"United Arab Emirates","altitude":11277.6,"velocity":277.84,"heading":121.6,"onGround":false,"type":"Unknown","desc":"OpenSky cat 0","military":false,"spi":false,"category":0,"source":"opensky"}},{"type":"Feature","geometry":{"type":"Point","coordinates":[-86.6493,37.6451]},"properties":{"callsign":"CJT952","hex":"c044b2","origin":"Canada","altitude":10972.8,"velocity":239.53,"heading":238.97,"onGround":false,"type":"Unknown","desc":"OpenSky cat 0","military":false,"spi":false,"category":0,"source":"opensky"}},{"type":"Feature","geometry":{"type":"Point","coordinates":[2.1934,41.3364]},"properties":{"callsign":"UAE256","hex":"896174","origin":"United Arab Emirates","altitude":373.38,"velocity":81.75,"heading":245.85,"onGround":false,"type":"Unknown","desc":"OpenSky cat 0","military":false,"spi":false,"category":0,"source":"opensky"}},{"type":"Feature","geometry":{"type":"Point","coordinates":[12.8276,55.506]},"properties":{"callsign":"UAE65U","hex":"896173","origin":"United Arab Emirates","altitude":1965.96,"velocity":137.06,"heading":23.68,"onGround":false,"type":"Unknown","desc":"OpenSky cat 0","military":false,"spi":false,"category":0,"source":"opensky"}},{"type":"Feature","geometry":{"type":"Point","coordinates":[-11.9652,40.5978]},"properties":{"callsign":"UAE81W","hex":"896179","origin":"United Arab Emirates","altitude":10363.2,"velocity":255.54,"heading":256.5,"onGround":false,"type":"Unknown","desc":"OpenSky cat 0","military":false,"spi":false,"category":0,"source":"opensky"}},{"type":"Feature","geometry":{"type":"Point","coordinates":[29.7383,38.5139]},"properties":{"callsign":"UAE220","hex":"896178","origin":"United Arab Emirates","altitude":11887.2,"velocity":253.15,"heading":125.82,"onGround":false,"type":"Unknown","desc":"OpenSky cat 0","military":false,"spi":false,"category":0,"source":"opensky"}},{"type":"Feature","geometry":{"type":"Point","coordinates":[4.4429,50.8953]},"properties":{"callsign":"UAL995","hex":"a0f428","origin":"United States","altitude":228.6,"velocity":93.29,"heading":246.26,"onGround":false,"type":"Unknown","desc":"OpenSky cat 0","military":false,"spi":false,"category":0,"source":"opensky"}},{"type":"Feature","geometry":{"type":"Point","coordinates":[-80.4586,38.4774]},"properties":{"callsign":"UPS7818","hex":"a4d5f0","origin":"United States","altitude":10363.2,"velocity":240.82,"heading":255.4,"onGround":false,"type":"Unknown","desc":"OpenSky cat 0","military":false,"spi":false,"category":0,"source":"opensky"}},{"type":"Feature","geometry":{"type":"Point","coordinates":[-82.6277,34.6756]},"properties":{"callsign":"CXK202","hex":"a10120","origin":"United States","altitude":1097.28,"velocity":45.55,"heading":251.57,"onGround":false,"type":"Unknown","desc":"OpenSky cat 0","military":false,"spi":false,"category":0,"source":"opensky"}},{"type":"Feature","geometry":{"type":"Point","coordinates":[-81.1084,40.4832]},"properties":{"callsign":"SWA4721","hex":"ac205f","origin":"United States","altitude":5326.38,"velocity":182.72,"heading":268.23,"onGround":false,"type":"Unknown","desc":"OpenSky cat 0","military":false,"spi":false,"category":0,"source":"opensky"}},{"type":"Feature","geometry":{"type":"Point","coordinates":[77.1139,28.5662]},"properties":{"callsign":"80183b","hex":"80183b","origin":"India","altitude":0,"velocity":3.34,"heading":196.88,"onGround":true,"type":"Unknown","desc":"OpenSky cat 0","military":false,"spi":false,"category":0,"source":"opensky"}},{"type":"Feature","geometry":{"type":"Point","coordinates":[-74.1714,40.6924]},"properties":{"callsign":"GJS4544","hex":"a748f8","origin":"United States","altitude":0,"velocity":4.63,"heading":22.5,"onGround":true,"type":"Unknown","desc":"OpenSky cat 0","military":false,"spi":false,"category":0,"source":"opensky"}},{"type":"Feature","geometry":{"type":"Point","coordinates":[75.8231,27.8726]},"properties":{"callsign":"IGO1462","hex":"801851","origin":"India","altitude":6979.92,"velocity":233.27,"heading":30.92,"onGround":false,"type":"Unknown","desc":"OpenSky cat 0","military":false,"spi":false,"category":0,"source":"opensky"}},{"type":"Feature","geometry":{"type":"Point","coordinates":[-80.7062,32.2324]},"properties":{"callsign":"N333WR","hex":"a3a2f8","origin":"United States","altitude":769.62,"velocity":69.9,"heading":308.73,"onGround":false,"type":"Unknown","desc":"OpenSky cat 0","military":false,"spi":false,"category":0,"source":"opensky"}},{"type":"Feature","geometry":{"type":"Point","coordinates":[-81.7142,30.0648]},"properties":{"callsign":"DAL1056","hex":"ab38a1","origin":"United States","altitude":11277.6,"velocity":232.79,"heading":355.31,"onGround":false,"type":"Large","desc":"OpenSky cat 4","military":false,"spi":false,"category":4,"source":"opensky"}},{"type":"Feature","geometry":{"type":"Point","coordinates":[15.2766,45.892]},"properties":{"callsign":"UAE9CL","hex":"896183","origin":"United Arab Emirates","altitude":10340.34,"velocity":238.44,"heading":327.06,"onGround":false,"type":"Heavy","desc":"OpenSky cat 6","military":false,"spi":false,"category":6,"source":"opensky"}},{"type":"Feature","geometry":{"type":"Point","coordinates":[14.6864,37.5336]},"properties":{"callsign":"LXJ569","hex":"a748ec","origin":"United States","altitude":1775.46,"velocity":123.55,"heading":249.53,"onGround":false,"type":"Unknown","desc":"OpenSky cat 0","military":false,"spi":false,"category":0,"source":"opensky"}},{"type":"Feature","geometry":{"type":"Point","coordinates":[-2.1489,40.1137]},"properties":{"callsign":"UAE7AM","hex":"896181","origin":"United Arab Emirates","altitude":5181.6,"velocity":187.76,"heading":281.22,"onGround":false,"type":"Unknown","desc":"OpenSky cat 0","military":false,"spi":false,"category":0,"source":"opensky"}},{"type":"Feature","geometry":{"type":"Point","coordinates":[-79.8479,44.4774]},"properties":{"callsign":"CGAAT","hex":"c044bc","origin":"Canada","altitude":4861.56,"velocity":120.34,"heading":344.12,"onGround":false,"type":"Unknown","desc":"OpenSky cat 0","military":false,"spi":false,"category":0,"source":"opensky"}},{"type":"Feature","geometry":{"type":"Point","coordinates":[9.7044,44.8981]},"properties":{"callsign":"EZY75KU","hex":"40690a","origin":"United Kingdom","altitude":11582.4,"velocity":219.54,"heading":339.99,"onGround":false,"type":"Unknown","desc":"OpenSky cat 0","military":false,"spi":false,"category":0,"source":"opensky"}},{"type":"Feature","geometry":{"type":"Point","coordinates":[-2.9219,43.2475]},"properties":{"callsign":"EZY26TV","hex":"40690c","origin":"United Kingdom","altitude":10355.58,"velocity":227.96,"heading":358.71,"onGround":false,"type":"Unknown","desc":"OpenSky cat 0","military":false,"spi":false,"category":0,"source":"opensky"}},{"type":"Feature","geometry":{"type":"Point","coordinates":[76.9888,28.653]},"properties":{"callsign":"IGO2285","hex":"801816","origin":"India","altitude":3817.62,"velocity":148.62,"heading":63.7,"onGround":false,"type":"Unknown","desc":"OpenSky cat 0","military":false,"spi":false,"category":0,"source":"opensky"}},{"type":"Feature","geometry":{"type":"Point","coordinates":[81.7255,26.1192]},"properties":{"callsign":"IGO1053","hex":"80180c","origin":"India","altitude":10668,"velocity":235.89,"heading":128.27,"onGround":false,"type":"Unknown","desc":"OpenSky cat 0","military":false,"spi":false,"category":0,"source":"opensky"}},{"type":"Feature","geometry":{"type":"Point","coordinates":[77.3529,28.5642]},"properties":{"callsign":"IGO719F","hex":"80180b","origin":"India","altitude":868.68,"velocity":104.49,"heading":271.97,"onGround":false,"type":"Unknown","desc":"OpenSky cat 0","military":false,"spi":false,"category":0,"source":"opensky"}},{"type":"Feature","geometry":{"type":"Point","coordinates":[7.5308,47.5998]},"properties":{"callsign":"M02","hex":"3849ff","origin":"France","altitude":0,"velocity":6.69,"heading":67.5,"onGround":true,"type":"Unknown","desc":"OpenSky cat 0","military":false,"spi":false,"category":0,"source":"opensky"}},{"type":"Feature","geometry":{"type":"Point","coordinates":[-96.7346,43.581]},"properties":{"callsign":"aa4e47","hex":"aa4e47","origin":"United States","altitude":0,"velocity":0.45,"heading":165.94,"onGround":true,"type":"Unknown","desc":"OpenSky cat 0","military":false,"spi":false,"category":0,"source":"opensky"}},{"type":"Feature","geometry":{"type":"Point","coordinates":[21.0778,49.4762]},"properties":{"callsign":"ENT4362","hex":"505d58","origin":"Slovakia","altitude":10363.2,"velocity":203.64,"heading":332.46,"onGround":false,"type":"Unknown","desc":"OpenSky cat 0","military":false,"spi":false,"category":0,"source":"opensky"}},{"type":"Feature","geometry":{"type":"Point","coordinates":[-2.7325,51.3838]},"properties":{"callsign":"EZY25KV","hex":"406909","origin":"United Kingdom","altitude":0,"velocity":10.29,"heading":64.69,"onGround":true,"type":"Unknown","desc":"OpenSky cat 0","military":false,"spi":false,"category":0,"source":"opensky"}},{"type":"Feature","geometry":{"type":"Point","coordinates":[19.9703,49.5732]},"properties":{"callsign":"SPVSR","hex":"48e230","origin":"Poland","altitude":1249.68,"velocity":52.93,"heading":207.81,"onGround":false,"type":"Unknown","desc":"OpenSky cat 0","military":false,"spi":false,"category":0,"source":"opensky"}},{"type":"Feature","geometry":{"type":"Point","coordinates":[-1.4716,46.3045]},"properties":{"callsign":"TSC517","hex":"c07a14","origin":"Canada","altitude":9989.82,"velocity":238.02,"heading":324.15,"onGround":false,"type":"Unknown","desc":"OpenSky cat 0","military":false,"spi":false,"category":0,"source":"opensky"}},{"type":"Feature","geometry":{"type":"Point","coordinates":[-86.4214,34.2667]},"properties":{"callsign":"N391KC","hex":"a48764","origin":"United States","altitude":2712.72,"velocity":77.86,"heading":140.63,"onGround":false,"type":"Unknown","desc":"OpenSky cat 0","military":false,"spi":false,"category":0,"source":"opensky"}},{"type":"Feature","geometry":{"type":"Point","coordinates":[-97.2396,35.5062]},"properties":{"callsign":"SKW4926","hex":"a9fb92","origin":"United States","altitude":5524.5,"velocity":205.54,"heading":190.38,"onGround":false,"type":"Unknown","desc":"OpenSky cat 0","military":false,"spi":false,"category":0,"source":"opensky"}},{"type":"Feature","geometry":{"type":"Point","coordinates":[-73.0724,40.8193]},"properties":{"callsign":"EJA487","hex":"a60409","origin":"United States","altitude":160.02,"velocity":60.39,"heading":224.31,"onGround":false,"type":"Unknown","desc":"OpenSky cat 0","military":false,"spi":false,"category":0,"source":"opensky"}},{"type":"Feature","geometry":{"type":"Point","coordinates":[-8.3278,39.559]},"properties":{"callsign":"EAF9264","hex":"452198","origin":"Bulgaria","altitude":10980.42,"velocity":246.76,"heading":46.86,"onGround":false,"type":"Unknown","desc":"OpenSky cat 0","military":false,"spi":false,"category":0,"source":"opensky"}},{"type":"Feature","geometry":{"type":"Point","coordinates":[5.1553,45.6838]},"properties":{"callsign":"CCM81Z","hex":"39dd48","origin":"France","altitude":2377.44,"velocity":98.78,"heading":179.4,"onGround":false,"type":"Unknown","desc":"OpenSky cat 0","military":false,"spi":false,"category":0,"source":"opensky"}},{"type":"Feature","geometry":{"type":"Point","coordinates":[-82.9312,42.1734]},"properties":{"callsign":"DAL1163","hex":"a34119","origin":"United States","altitude":3314.7,"velocity":182.44,"heading":69.88,"onGround":false,"type":"Unknown","desc":"OpenSky cat 0","military":false,"spi":false,"category":0,"source":"opensky"}},{"type":"Feature","geometry":{"type":"Point","coordinates":[-91.5125,40.2299]},"properties":{"callsign":"DAL1237","hex":"a39ab4","origin":"United States","altitude":11277.6,"velocity":240.1,"heading":135.52,"onGround":false,"type":"Unknown","desc":"OpenSky cat 0","military":false,"spi":false,"category":0,"source":"opensky"}},{"type":"Feature","geometry":{"type":"Point","coordinates":[2.3779,48.7271]},"properties":{"callsign":"CCM71YF","hex":"39dd45","origin":"France","altitude":0,"velocity":7.46,"heading":75.94,"onGround":true,"type":"Unknown","desc":"OpenSky cat 0","military":false,"spi":false,"category":0,"source":"opensky"}},{"type":"Feature","geometry":{"type":"Point","coordinates":[-74.182,40.6839]},"properties":{"callsign":"UAL2078","hex":"a12797","origin":"United States","altitude":0,"velocity":0.51,"heading":261.56,"onGround":true,"type":"Unknown","desc":"OpenSky cat 0","military":false,"spi":false,"category":0,"source":"opensky"}},{"type":"Feature","geometry":{"type":"Point","coordinates":[-88.9332,36.4773]},"properties":{"callsign":"UAL537","hex":"a12799","origin":"United States","altitude":11582.4,"velocity":227.91,"heading":217.39,"onGround":false,"type":"Unknown","desc":"OpenSky cat 0","military":false,"spi":false,"category":0,"source":"opensky"}},{"type":"Feature","geometry":{"type":"Point","coordinates":[21.6139,49.8041]},"properties":{"callsign":"BNI6FC","hex":"489470","origin":"Poland","altitude":670.56,"velocity":32.03,"heading":299.86,"onGround":false,"type":"Unknown","desc":"OpenSky cat 0","military":false,"spi":false,"category":0,"source":"opensky"}},{"type":"Feature","geometry":{"type":"Point","coordinates":[-89.163,32.3108]},"properties":{"callsign":"DAL1344","hex":"a3b796","origin":"United States","altitude":10668,"velocity":238.26,"heading":77.4,"onGround":false,"type":"Large","desc":"OpenSky cat 4","military":false,"spi":false,"category":4,"source":"opensky"}},{"type":"Feature","geometry":{"type":"Point","coordinates":[85.5872,27.5482]},"properties":{"callsign":"NYT573","hex":"70a9f1","origin":"Nepal","altitude":4137.66,"velocity":98.82,"heading":121.37,"onGround":false,"type":"Unknown","desc":"OpenSky cat 0","military":false,"spi":false,"category":0,"source":"opensky"}},{"type":"Feature","geometry":{"type":"Point","coordinates":[-2.7117,42.4559]},"properties":{"callsign":"EJU82DZ","hex":"440179","origin":"Austria","altitude":11582.4,"velocity":234.12,"heading":88.87,"onGround":false,"type":"Unknown","desc":"OpenSky cat 0","military":false,"spi":false,"category":0,"source":"opensky"}},{"type":"Feature","geometry":{"type":"Point","coordinates":[7.1686,43.5759]},"properties":{"callsign":"EJU63AG","hex":"440181","origin":"Austria","altitude":1112.52,"velocity":104.91,"heading":149.66,"onGround":false,"type":"No emitter category","desc":"OpenSky cat 1","military":false,"spi":false,"category":1,"source":"opensky"}},{"type":"Feature","geometry":{"type":"Point","coordinates":[-0.4193,51.2709]},"properties":{"callsign":"EJM800","hex":"aae233","origin":"United States","altitude":11856.72,"velocity":265.25,"heading":145.91,"onGround":false,"type":"Unknown","desc":"OpenSky cat 0","military":false,"spi":false,"category":0,"source":"opensky"}},{"type":"Feature","geometry":{"type":"Point","coordinates":[15.4313,59.7796]},"properties":{"callsign":"NOZ813","hex":"47878c","origin":"Norway","altitude":9959.34,"velocity":224.46,"heading":279.76,"onGround":false,"type":"Unknown","desc":"OpenSky cat 0","military":false,"spi":false,"category":0,"source":"opensky"}},{"type":"Feature","geometry":{"type":"Point","coordinates":[11.8139,47.6564]},"properties":{"callsign":"EJU57RF","hex":"440172","origin":"Austria","altitude":11567.16,"velocity":228.3,"heading":17.17,"onGround":false,"type":"Unknown","desc":"OpenSky cat 0","military":false,"spi":false,"category":0,"source":"opensky"}},{"type":"Feature","geometry":{"type":"Point","coordinates":[-7.467,38.6078]},"properties":{"callsign":"EJU38QZ","hex":"440171","origin":"Austria","altitude":11887.2,"velocity":218.68,"heading":192.5,"onGround":false,"type":"Unknown","desc":"OpenSky cat 0","military":false,"spi":false,"category":0,"source":"opensky"}},{"type":"Feature","geometry":{"type":"Point","coordinates":[-3.4467,49.91]},"properties":{"callsign":"EJU45TE","hex":"440170","origin":"Austria","altitude":10668,"velocity":232.2,"heading":177.71,"onGround":false,"type":"No emitter category","desc":"OpenSky cat 1","military":false,"spi":false,"category":1,"source":"opensky"}},{"type":"Feature","geometry":{"type":"Point","coordinates":[-81.9324,38.3043]},"properties":{"callsign":"AAL2729","hex":"ac3558","origin":"United States","altitude":11582.4,"velocity":224.07,"heading":250.28,"onGround":false,"type":"Unknown","desc":"OpenSky cat 0","military":false,"spi":false,"category":0,"source":"opensky"}},{"type":"Feature","geometry":{"type":"Point","coordinates":[-75.6793,40.1045]},"properties":{"callsign":"AAL475","hex":"abbedb","origin":"United States","altitude":9182.1,"velocity":207.13,"heading":263.44,"onGround":false,"type":"No emitter category","desc":"OpenSky cat 1","military":false,"spi":false,"category":1,"source":"opensky"}},{"type":"Feature","geometry":{"type":"Point","coordinates":[-1.5739,48.996]},"properties":{"callsign":"NOZ81R","hex":"478772","origin":"Norway","altitude":11582.4,"velocity":232.84,"heading":9.8,"onGround":false,"type":"Unknown","desc":"OpenSky cat 0","military":false,"spi":false,"category":0,"source":"opensky"}},{"type":"Feature","geometry":{"type":"Point","coordinates":[12.6642,47.0357]},"properties":{"callsign":"AMQ2381","hex":"452186","origin":"Bulgaria","altitude":10050.78,"velocity":221.94,"heading":228.48,"onGround":false,"type":"Unknown","desc":"OpenSky cat 0","military":false,"spi":false,"category":0,"source":"opensky"}},{"type":"Feature","geometry":{"type":"Point","coordinates":[-87.9002,41.9736]},"properties":{"callsign":"AAL1784","hex":"ad9bc8","origin":"United States","altitude":0,"velocity":0,"heading":278.44,"onGround":true,"type":"Unknown","desc":"OpenSky cat 0","military":false,"spi":false,"category":0,"source":"opensky"}},{"type":"Feature","geometry":{"type":"Point","coordinates":[-84.8298,33.3832]},"properties":{"callsign":"EDV4691","hex":"a39ada","origin":"United States","altitude":1905,"velocity":134.27,"heading":0.44,"onGround":false,"type":"Unknown","desc":"OpenSky cat 0","military":false,"spi":false,"category":0,"source":"opensky"}},{"type":"Feature","geometry":{"type":"Point","coordinates":[8.7258,45.639]},"properties":{"callsign":"EJU65YZ","hex":"440198","origin":"Austria","altitude":0,"velocity":6.94,"heading":168.75,"onGround":true,"type":"Unknown","desc":"OpenSky cat 0","military":false,"spi":false,"category":0,"source":"opensky"}},{"type":"Feature","geometry":{"type":"Point","coordinates":[5.1015,45.5121]},"properties":{"callsign":"CCM39MO","hex":"39dd58","origin":"France","altitude":5173.98,"velocity":137.91,"heading":174.86,"onGround":false,"type":"Unknown","desc":"OpenSky cat 0","military":false,"spi":false,"category":0,"source":"opensky"}},{"type":"Feature","geometry":{"type":"Point","coordinates":[11.7133,45.84]},"properties":{"callsign":"GPX1BL","hex":"45216e","origin":"Bulgaria","altitude":10363.2,"velocity":197.17,"heading":299.37,"onGround":false,"type":"Unknown","desc":"OpenSky cat 0","military":false,"spi":false,"category":0,"source":"opensky"}},{"type":"Feature","geometry":{"type":"Point","coordinates":[5.3162,43.5133]},"properties":{"callsign":"CCM79UW","hex":"39dd57","origin":"France","altitude":1531.62,"velocity":95.16,"heading":98.39,"onGround":false,"type":"Unknown","desc":"OpenSky cat 0","military":false,"spi":false,"category":0,"source":"opensky"}},{"type":"Feature","geometry":{"type":"Point","coordinates":[13.1634,55.2635]},"properties":{"callsign":"DNU62R","hex":"45caae","origin":"Denmark","altitude":6400.8,"velocity":146.27,"heading":107.61,"onGround":false,"type":"Unknown","desc":"OpenSky cat 0","military":false,"spi":false,"category":0,"source":"opensky"}},{"type":"Feature","geometry":{"type":"Point","coordinates":[-5.055,54.4083]},"properties":{"callsign":"ITY650","hex":"300a9d","origin":"Italy","altitude":11582.4,"velocity":218.71,"heading":298.67,"onGround":false,"type":"Unknown","desc":"OpenSky cat 0","military":false,"spi":false,"category":0,"source":"opensky"}},{"type":"Feature","geometry":{"type":"Point","coordinates":[18.2101,42.1485]},"properties":{"callsign":"ELY822","hex":"500194","origin":"San Marino","altitude":8839.2,"velocity":262.33,"heading":128.15,"onGround":false,"type":"Unknown","desc":"OpenSky cat 0","military":false,"spi":false,"category":0,"source":"opensky"}},{"type":"Feature","geometry":{"type":"Point","coordinates":[11.6785,41.7923]},"properties":{"callsign":"CCM31A","hex":"39dd54","origin":"France","altitude":3032.76,"velocity":97.75,"heading":269.4,"onGround":false,"type":"Unknown","desc":"OpenSky cat 0","military":false,"spi":false,"category":0,"source":"opensky"}},{"type":"Feature","geometry":{"type":"Point","coordinates":[-84.4281,33.6421]},"properties":{"callsign":"EDV5349","hex":"ac8efa","origin":"United States","altitude":0,"velocity":8.75,"heading":180,"onGround":true,"type":"Unknown","desc":"OpenSky cat 0","military":false,"spi":false,"category":0,"source":"opensky"}},{"type":"Feature","geometry":{"type":"Point","coordinates":[-4.7802,49.8971]},"properties":{"callsign":"N309EL","hex":"a34130","origin":"United States","altitude":13106.4,"velocity":232.71,"heading":303.55,"onGround":false,"type":"Unknown","desc":"OpenSky cat 0","military":false,"spi":false,"category":0,"source":"opensky"}},{"type":"Feature","geometry":{"type":"Point","coordinates":[-7.5364,38.7]},"properties":{"callsign":"EJU93PD","hex":"44017c","origin":"Austria","altitude":8534.4,"velocity":211.97,"heading":185.71,"onGround":false,"type":"Large","desc":"OpenSky cat 4","military":false,"spi":false,"category":4,"source":"opensky"}},{"type":"Feature","geometry":{"type":"Point","coordinates":[22.4883,46.4212]},"properties":{"callsign":"EAF9218","hex":"452172","origin":"Bulgaria","altitude":10660.38,"velocity":248.22,"heading":138.61,"onGround":false,"type":"Unknown","desc":"OpenSky cat 0","military":false,"spi":false,"category":0,"source":"opensky"}},{"type":"Feature","geometry":{"type":"Point","coordinates":[-81.4139,26.7123]},"properties":{"callsign":"N724DW","hex":"a9b2c8","origin":"United States","altitude":502.92,"velocity":44.22,"heading":240.75,"onGround":false,"type":"Unknown","desc":"OpenSky cat 0","military":false,"spi":false,"category":0,"source":"opensky"}},{"type":"Feature","geometry":{"type":"Point","coordinates":[10.3488,59.1601]},"properties":{"callsign":"LNOYO","hex":"47876d","origin":"Norway","altitude":114.3,"velocity":20.83,"heading":237.09,"onGround":false,"type":"Unknown","desc":"OpenSky cat 0","military":false,"spi":false,"category":0,"source":"opensky"}},{"type":"Feature","geometry":{"type":"Point","coordinates":[-92.2421,31.3869]},"properties":{"callsign":"FFT1403","hex":"a53dac","origin":"United States","altitude":11582.4,"velocity":224.55,"heading":239.73,"onGround":false,"type":"Unknown","desc":"OpenSky cat 0","military":false,"spi":false,"category":0,"source":"opensky"}},{"type":"Feature","geometry":{"type":"Point","coordinates":[12.4275,42.4102]},"properties":{"callsign":"OECCB","hex":"440188","origin":"Austria","altitude":883.92,"velocity":55.07,"heading":150.32,"onGround":false,"type":"Unknown","desc":"OpenSky cat 0","military":false,"spi":false,"category":0,"source":"opensky"}},{"type":"Feature","geometry":{"type":"Point","coordinates":[-94.5505,32.862]},"properties":{"callsign":"DAL516","hex":"ada526","origin":"United States","altitude":8915.4,"velocity":235.32,"heading":94.51,"onGround":false,"type":"No emitter category","desc":"OpenSky cat 1","military":false,"spi":false,"category":1,"source":"opensky"}},{"type":"Feature","geometry":{"type":"Point","coordinates":[-7.5058,43.1046]},"properties":{"callsign":"EJU49ZJ","hex":"440195","origin":"Austria","altitude":4678.68,"velocity":182.3,"heading":308.58,"onGround":false,"type":"Unknown","desc":"OpenSky cat 0","military":false,"spi":false,"category":0,"source":"opensky"}},{"type":"Feature","geometry":{"type":"Point","coordinates":[20.0304,38.5109]},"properties":{"callsign":"MSC2950","hex":"452169","origin":"Bulgaria","altitude":10355.58,"velocity":236.09,"heading":314.56,"onGround":false,"type":"Unknown","desc":"OpenSky cat 0","military":false,"spi":false,"category":0,"source":"opensky"}},{"type":"Feature","geometry":{"type":"Point","coordinates":[9.1303,42.1731]},"properties":{"callsign":"VOE7WZ","hex":"452166","origin":"Bulgaria","altitude":9144,"velocity":212.56,"heading":1.66,"onGround":false,"type":"Unknown","desc":"OpenSky cat 0","military":false,"spi":false,"category":0,"source":"opensky"}},{"type":"Feature","geometry":{"type":"Point","coordinates":[10.7166,59.1538]},"properties":{"callsign":"MDT1","hex":"478777","origin":"Norway","altitude":350.52,"velocity":85.42,"heading":9.01,"onGround":false,"type":"Unknown","desc":"OpenSky cat 0","military":false,"spi":false,"category":0,"source":"opensky"}},{"type":"Feature","geometry":{"type":"Point","coordinates":[21.1837,59.8385]},"properties":{"callsign":"WZZ2819","hex":"471dbf","origin":"Hungary","altitude":7109.46,"velocity":189.42,"heading":216.5,"onGround":false,"type":"Unknown","desc":"OpenSky cat 0","military":false,"spi":false,"category":0,"source":"opensky"}},{"type":"Feature","geometry":{"type":"Point","coordinates":[10.8904,50.5172]},"properties":{"callsign":"WZZ1VA","hex":"471dbd","origin":"Hungary","altitude":10264.14,"velocity":208.24,"heading":295.62,"onGround":false,"type":"Unknown","desc":"OpenSky cat 0","military":false,"spi":false,"category":0,"source":"opensky"}},{"type":"Feature","geometry":{"type":"Point","coordinates":[13.2197,49.942]},"properties":{"callsign":"WZZ65","hex":"471dbe","origin":"Hungary","altitude":11574.78,"velocity":199.67,"heading":248.86,"onGround":false,"type":"Unknown","desc":"OpenSky cat 0","military":false,"spi":false,"category":0,"source":"opensky"}},{"type":"Feature","geometry":{"type":"Point","coordinates":[12.8702,37.8625]},"properties":{"callsign":"DTR1824","hex":"45caa2","origin":"Denmark","altitude":2583.18,"velocity":134.89,"heading":53.22,"onGround":false,"type":"Unknown","desc":"OpenSky cat 0","military":false,"spi":false,"category":0,"source":"opensky"}},{"type":"Feature","geometry":{"type":"Point","coordinates":[9.2797,45.4345]},"properties":{"callsign":"ITY1185","hex":"300a85","origin":"Italy","altitude":0,"velocity":2.31,"heading":267.19,"onGround":true,"type":"Unknown","desc":"OpenSky cat 0","military":false,"spi":false,"category":0,"source":"opensky"}},{"type":"Feature","geometry":{"type":"Point","coordinates":[11.26,46.5654]},"properties":{"callsign":"IHEBZ","hex":"300a88","origin":"Italy","altitude":1783.08,"velocity":62.14,"heading":345.62,"onGround":false,"type":"Unknown","desc":"OpenSky cat 0","military":false,"spi":false,"category":0,"source":"opensky"}},{"type":"Feature","geometry":{"type":"Point","coordinates":[22.9086,44.8288]},"properties":{"callsign":"WMT7MZ","hex":"471dbb","origin":"Hungary","altitude":7063.74,"velocity":193.15,"heading":311.54,"onGround":false,"type":"Unknown","desc":"OpenSky cat 0","military":false,"spi":false,"category":0,"source":"opensky"}},{"type":"Feature","geometry":{"type":"Point","coordinates":[3.386,48.8566]},"properties":{"callsign":"ITY226","hex":"300a86","origin":"Italy","altitude":10972.8,"velocity":221.42,"heading":330.34,"onGround":false,"type":"Unknown","desc":"OpenSky cat 0","military":false,"spi":false,"category":0,"source":"opensky"}},{"type":"Feature","geometry":{"type":"Point","coordinates":[7.2579,47.4621]},"properties":{"callsign":"EJU91EY","hex":"440132","origin":"Austria","altitude":3177.54,"velocity":163.73,"heading":357.66,"onGround":false,"type":"Unknown","desc":"OpenSky cat 0","military":false,"spi":false,"category":0,"source":"opensky"}},{"type":"Feature","geometry":{"type":"Point","coordinates":[9.3656,45.0833]},"properties":{"callsign":"ITY1648","hex":"300a87","origin":"Italy","altitude":1676.4,"velocity":145.13,"heading":342.46,"onGround":false,"type":"Unknown","desc":"OpenSky cat 0","military":false,"spi":false,"category":0,"source":"opensky"}},{"type":"Feature","geometry":{"type":"Point","coordinates":[16.8973,51.0992]},"properties":{"callsign":"WZZ1841","hex":"471dba","origin":"Hungary","altitude":0,"velocity":3.09,"heading":295.31,"onGround":true,"type":"Unknown","desc":"OpenSky cat 0","military":false,"spi":false,"category":0,"source":"opensky"}},{"type":"Feature","geometry":{"type":"Point","coordinates":[16.3381,40.6473]},"properties":{"callsign":"WMT9077","hex":"471dc0","origin":"Hungary","altitude":9753.6,"velocity":201.32,"heading":282.54,"onGround":false,"type":"Unknown","desc":"OpenSky cat 0","military":false,"spi":false,"category":0,"source":"opensky"}},{"type":"Feature","geometry":{"type":"Point","coordinates":[-6.4869,55.4893]},"properties":{"callsign":"AUA41","hex":"44012f","origin":"Austria","altitude":10972.8,"velocity":221.82,"heading":285.74,"onGround":false,"type":"Unknown","desc":"OpenSky cat 0","military":false,"spi":false,"category":0,"source":"opensky"}},{"type":"Feature","geometry":{"type":"Point","coordinates":[14.7173,37.4349]},"properties":{"callsign":"DTR1842","hex":"45caa1","origin":"Denmark","altitude":1333.5,"velocity":116.92,"heading":87.23,"onGround":false,"type":"Unknown","desc":"OpenSky cat 0","military":false,"spi":false,"category":0,"source":"opensky"}},{"type":"Feature","geometry":{"type":"Point","coordinates":[15.2722,54.2967]},"properties":{"callsign":"WZZ2596","hex":"471dc1","origin":"Hungary","altitude":10980.42,"velocity":210.26,"heading":338.02,"onGround":false,"type":"Unknown","desc":"OpenSky cat 0","military":false,"spi":false,"category":0,"source":"opensky"}},{"type":"Feature","geometry":{"type":"Point","coordinates":[21.8929,43.3013]},"properties":{"callsign":"TKJ40R","hex":"4bd8d2","origin":"Turkey","altitude":11887.2,"velocity":262.75,"heading":116.01,"onGround":false,"type":"Unknown","desc":"OpenSky cat 0","military":false,"spi":false,"category":0,"source":"opensky"}},{"type":"Feature","geometry":{"type":"Point","coordinates":[-84.0181,42.8245]},"properties":{"callsign":"ENY3751","hex":"a28f12","origin":"United States","altitude":9753.6,"velocity":214.77,"heading":278.4,"onGround":false,"type":"Unknown","desc":"OpenSky cat 0","military":false,"spi":false,"category":0,"source":"opensky"}},{"type":"Feature","geometry":{"type":"Point","coordinates":[8.8395,49.8185]},"properties":{"callsign":"LGL812","hex":"45cab9","origin":"Denmark","altitude":7315.2,"velocity":182.46,"heading":282.7,"onGround":false,"type":"Unknown","desc":"OpenSky cat 0","military":false,"spi":false,"category":0,"source":"opensky"}},{"type":"Feature","geometry":{"type":"Point","coordinates":[76.8471,28.3256]},"properties":{"callsign":"IGO73VH","hex":"8018b2","origin":"India","altitude":4244.34,"velocity":168.71,"heading":175.63,"onGround":false,"type":"Unknown","desc":"OpenSky cat 0","military":false,"spi":false,"category":0,"source":"opensky"}},{"type":"Feature","geometry":{"type":"Point","coordinates":[-12.1389,39.114]},"properties":{"callsign":"RZO3179","hex":"45cab5","origin":"Denmark","altitude":10675.62,"velocity":237.46,"heading":227.81,"onGround":false,"type":"Unknown","desc":"OpenSky cat 0","military":false,"spi":false,"category":0,"source":"opensky"}},{"type":"Feature","geometry":{"type":"Point","coordinates":[4.2864,46.2323]},"properties":{"callsign":"EJU51TY","hex":"440128","origin":"Austria","altitude":11582.4,"velocity":218.82,"heading":342.2,"onGround":false,"type":"No emitter category","desc":"OpenSky cat 1","military":false,"spi":false,"category":1,"source":"opensky"}},{"type":"Feature","geometry":{"type":"Point","coordinates":[12.6726,47.665]},"properties":{"callsign":"C4","hex":"440126","origin":"Austria","altitude":1615.44,"velocity":60.05,"heading":63,"onGround":false,"type":"Unknown","desc":"OpenSky cat 0","military":false,"spi":false,"category":0,"source":"opensky"}},{"type":"Feature","geometry":{"type":"Point","coordinates":[17.2974,55.9984]},"properties":{"callsign":"TKJ84L","hex":"4bd8cc","origin":"Turkey","altitude":11277.6,"velocity":233.57,"heading":179.37,"onGround":false,"type":"Unknown","desc":"OpenSky cat 0","military":false,"spi":false,"category":0,"source":"opensky"}},{"type":"Feature","geometry":{"type":"Point","coordinates":[81.658,19.916]},"properties":{"callsign":"IGO5936","hex":"8018b7","origin":"India","altitude":10965.18,"velocity":250.77,"heading":223.09,"onGround":false,"type":"Unknown","desc":"OpenSky cat 0","military":false,"spi":false,"category":0,"source":"opensky"}},{"type":"Feature","geometry":{"type":"Point","coordinates":[12.564,41.844]},"properties":{"callsign":"JAS302","hex":"ab5c9e","origin":"United States","altitude":304.8,"velocity":64.19,"heading":152.82,"onGround":false,"type":"Unknown","desc":"OpenSky cat 0","military":false,"spi":false,"category":0,"source":"opensky"}},{"type":"Feature","geometry":{"type":"Point","coordinates":[16.0592,44.4775]},"properties":{"callsign":"LZB456","hex":"452142","origin":"Bulgaria","altitude":10058.4,"velocity":267.03,"heading":104.73,"onGround":false,"type":"Unknown","desc":"OpenSky cat 0","military":false,"spi":false,"category":0,"source":"opensky"}},{"type":"Feature","geometry":{"type":"Point","coordinates":[0.4106,47.9671]},"properties":{"callsign":"N55999","hex":"a7248f","origin":"United States","altitude":4838.7,"velocity":220.02,"heading":48.03,"onGround":false,"type":"Unknown","desc":"OpenSky cat 0","military":false,"spi":false,"category":0,"source":"opensky"}},{"type":"Feature","geometry":{"type":"Point","coordinates":[11.7252,42.0845]},"properties":{"callsign":"ITY6MO","hex":"300a63","origin":"Italy","altitude":2743.2,"velocity":142.67,"heading":161.5,"onGround":false,"type":"Unknown","desc":"OpenSky cat 0","military":false,"spi":false,"category":0,"source":"opensky"}},{"type":"Feature","geometry":{"type":"Point","coordinates":[16.0046,41.8527]},"properties":{"callsign":"EJU171A","hex":"440159","origin":"Austria","altitude":9364.98,"velocity":245.05,"heading":128.27,"onGround":false,"type":"Unknown","desc":"OpenSky cat 0","military":false,"spi":false,"category":0,"source":"opensky"}},{"type":"Feature","geometry":{"type":"Point","coordinates":[10.776,43.7847]},"properties":{"callsign":"WMT8570","hex":"471dad","origin":"Hungary","altitude":4876.8,"velocity":190.06,"heading":77.02,"onGround":false,"type":"Unknown","desc":"OpenSky cat 0","military":false,"spi":false,"category":0,"source":"opensky"}},{"type":"Feature","geometry":{"type":"Point","coordinates":[-100.8473,34.1348]},"properties":{"callsign":"SKW5452","hex":"a04f49","origin":"United States","altitude":10363.2,"velocity":235.06,"heading":335.57,"onGround":false,"type":"Unknown","desc":"OpenSky cat 0","military":false,"spi":false,"category":0,"source":"opensky"}},{"type":"Feature","geometry":{"type":"Point","coordinates":[13.8821,47.0813]},"properties":{"callsign":"CFG1FM","hex":"45211e","origin":"Bulgaria","altitude":9166.86,"velocity":218.7,"heading":320.92,"onGround":false,"type":"Unknown","desc":"OpenSky cat 0","military":false,"spi":false,"category":0,"source":"opensky"}},{"type":"Feature","geometry":{"type":"Point","coordinates":[21.7739,43.8758]},"properties":{"callsign":"WMT3051","hex":"471dab","origin":"Hungary","altitude":11590.02,"velocity":203.99,"heading":231.66,"onGround":false,"type":"Unknown","desc":"OpenSky cat 0","military":false,"spi":false,"category":0,"source":"opensky"}},{"type":"Feature","geometry":{"type":"Point","coordinates":[23.0407,52.9717]},"properties":{"callsign":"WZZ39C","hex":"471db6","origin":"Hungary","altitude":10668,"velocity":239.34,"heading":9.4,"onGround":false,"type":"Unknown","desc":"OpenSky cat 0","military":false,"spi":false,"category":0,"source":"opensky"}},{"type":"Feature","geometry":{"type":"Point","coordinates":[21.6971,43.9225]},"properties":{"callsign":"WZZ1MA","hex":"471db4","origin":"Hungary","altitude":10668,"velocity":262.43,"heading":113.45,"onGround":false,"type":"Unknown","desc":"OpenSky cat 0","military":false,"spi":false,"category":0,"source":"opensky"}},{"type":"Feature","geometry":{"type":"Point","coordinates":[-83.2827,29.8193]},"properties":{"callsign":"DAL1361","hex":"a3ff26","origin":"United States","altitude":11582.4,"velocity":217.18,"heading":325.52,"onGround":false,"type":"Unknown","desc":"OpenSky cat 0","military":false,"spi":false,"category":0,"source":"opensky"}},{"type":"Feature","geometry":{"type":"Point","coordinates":[19.3762,47.3719]},"properties":{"callsign":"WZZ262","hex":"471db8","origin":"Hungary","altitude":518.16,"velocity":70.66,"heading":312.05,"onGround":false,"type":"Unknown","desc":"OpenSky cat 0","military":false,"spi":false,"category":0,"source":"opensky"}},{"type":"Feature","geometry":{"type":"Point","coordinates":[19.2718,44.9632]},"properties":{"callsign":"TKJ90U","hex":"4bd8c9","origin":"Turkey","altitude":9448.8,"velocity":242.85,"heading":118.47,"onGround":false,"type":"Unknown","desc":"OpenSky cat 0","military":false,"spi":false,"category":0,"source":"opensky"}},{"type":"Feature","geometry":{"type":"Point","coordinates":[-77.3157,35.8939]},"properties":{"callsign":"MRA636","hex":"ad9c6c","origin":"United States","altitude":2103.12,"velocity":84.82,"heading":84.08,"onGround":false,"type":"Unknown","desc":"OpenSky cat 0","military":false,"spi":false,"category":0,"source":"opensky"}},{"type":"Feature","geometry":{"type":"Point","coordinates":[14.4672,41.0336]},"properties":{"callsign":"LZB477","hex":"452124","origin":"Bulgaria","altitude":10972.8,"velocity":213.5,"heading":270.41,"onGround":false,"type":"Unknown","desc":"OpenSky cat 0","military":false,"spi":false,"category":0,"source":"opensky"}},{"type":"Feature","geometry":{"type":"Point","coordinates":[16.0437,47.4824]},"properties":{"callsign":"TKJ21K","hex":"4bd8c4","origin":"Turkey","altitude":10668,"velocity":245.8,"heading":126.92,"onGround":false,"type":"Unknown","desc":"OpenSky cat 0","military":false,"spi":false,"category":0,"source":"opensky"}},{"type":"Feature","geometry":{"type":"Point","coordinates":[18.5058,48.7333]},"properties":{"callsign":"WZZ9524","hex":"471db3","origin":"Hungary","altitude":10980.42,"velocity":213.86,"heading":203.23,"onGround":false,"type":"Unknown","desc":"OpenSky cat 0","military":false,"spi":false,"category":0,"source":"opensky"}},{"type":"Feature","geometry":{"type":"Point","coordinates":[17.9787,46.6658]},"properties":{"callsign":"TKJ8VB","hex":"4bd8c3","origin":"Turkey","altitude":10668,"velocity":245.11,"heading":137.81,"onGround":false,"type":"Unknown","desc":"OpenSky cat 0","military":false,"spi":false,"category":0,"source":"opensky"}},{"type":"Feature","geometry":{"type":"Point","coordinates":[-80.6299,25.9825]},"properties":{"callsign":"N2795J","hex":"a2cafb","origin":"United States","altitude":647.7,"velocity":43.92,"heading":103.55,"onGround":false,"type":"Unknown","desc":"OpenSky cat 0","military":false,"spi":false,"category":0,"source":"opensky"}},{"type":"Feature","geometry":{"type":"Point","coordinates":[19.0863,47.4724]},"properties":{"callsign":"WZZ5RH","hex":"471db0","origin":"Hungary","altitude":1661.16,"velocity":126.34,"heading":222.52,"onGround":false,"type":"Unknown","desc":"OpenSky cat 0","military":false,"spi":false,"category":0,"source":"opensky"}},{"type":"Feature","geometry":{"type":"Point","coordinates":[22.8808,41.1112]},"properties":{"callsign":"THY4BY","hex":"4bb2b0","origin":"Turkey","altitude":10050.78,"velocity":250.1,"heading":88.59,"onGround":false,"type":"Unknown","desc":"OpenSky cat 0","military":false,"spi":false,"category":0,"source":"opensky"}},{"type":"Feature","geometry":{"type":"Point","coordinates":[-77.4539,38.9598]},"properties":{"callsign":"FDX694","hex":"a246cb","origin":"United States","altitude":0,"velocity":0,"heading":90,"onGround":true,"type":"Unknown","desc":"OpenSky cat 0","military":false,"spi":false,"category":0,"source":"opensky"}},{"type":"Feature","geometry":{"type":"Point","coordinates":[89.891,23.6012]},"properties":{"callsign":"BBC467","hex":"7020a5","origin":"Bangladesh","altitude":3048,"velocity":153.96,"heading":249.87,"onGround":false,"type":"Unknown","desc":"OpenSky cat 0","military":false,"spi":false,"category":0,"source":"opensky"}},{"type":"Feature","geometry":{"type":"Point","coordinates":[11.371,42.3902]},"properties":{"callsign":"ITY319","hex":"300a3a","origin":"Italy","altitude":4000.5,"velocity":197.57,"heading":121.91,"onGround":false,"type":"Unknown","desc":"OpenSky cat 0","military":false,"spi":false,"category":0,"source":"opensky"}},{"type":"Feature","geometry":{"type":"Point","coordinates":[28.6371,38.2891]},"properties":{"callsign":"TKJ8UM","hex":"4bb2ae","origin":"Turkey","altitude":9052.56,"velocity":227.85,"heading":174.69,"onGround":false,"type":"Unknown","desc":"OpenSky cat 0","military":false,"spi":false,"category":0,"source":"opensky"}},{"type":"Feature","geometry":{"type":"Point","coordinates":[12.0655,44.1968]},"properties":{"callsign":"IOZZT","hex":"300a55","origin":"Italy","altitude":22.86,"velocity":36.35,"heading":296.93,"onGround":false,"type":"Unknown","desc":"OpenSky cat 0","military":false,"spi":false,"category":0,"source":"opensky"}},{"type":"Feature","geometry":{"type":"Point","coordinates":[11.52,44.4804]},"properties":{"callsign":"IOZZY","hex":"300a54","origin":"Italy","altitude":274.32,"velocity":40.33,"heading":209.84,"onGround":false,"type":"Unknown","desc":"OpenSky cat 0","military":false,"spi":false,"category":0,"source":"opensky"}},{"type":"Feature","geometry":{"type":"Point","coordinates":[86.1043,19.6162]},"properties":{"callsign":"UBG338","hex":"7020b4","origin":"Bangladesh","altitude":11269.98,"velocity":236.7,"heading":42.36,"onGround":false,"type":"Unknown","desc":"OpenSky cat 0","military":false,"spi":false,"category":0,"source":"opensky"}},{"type":"Feature","geometry":{"type":"Point","coordinates":[-5.6752,41.3491]},"properties":{"callsign":"EJU97DL","hex":"440117","origin":"Austria","altitude":10668,"velocity":205.29,"heading":271.01,"onGround":false,"type":"Light","desc":"OpenSky cat 2","military":false,"spi":false,"category":2,"source":"opensky"}},{"type":"Feature","geometry":{"type":"Point","coordinates":[6.0593,51.0472]},"properties":{"callsign":"DMEMO","hex":"3fe9f8","origin":"Germany","altitude":45.72,"velocity":23.12,"heading":302.28,"onGround":false,"type":"Unknown","desc":"OpenSky cat 0","military":false,"spi":false,"category":0,"source":"opensky"}},{"type":"Feature","geometry":{"type":"Point","coordinates":[-77.683,39.1934]},"properties":{"callsign":"DAL1015","hex":"a379d3","origin":"United States","altitude":3108.96,"velocity":150.77,"heading":339.22,"onGround":false,"type":"Unknown","desc":"OpenSky cat 0","military":false,"spi":false,"category":0,"source":"opensky"}},{"type":"Feature","geometry":{"type":"Point","coordinates":[11.5387,44.4697]},"properties":{"callsign":"IOZZV","hex":"300a20","origin":"Italy","altitude":7.62,"velocity":29.74,"heading":30.11,"onGround":false,"type":"Unknown","desc":"OpenSky cat 0","military":false,"spi":false,"category":0,"source":"opensky"}},{"type":"Feature","geometry":{"type":"Point","coordinates":[89.4743,24.7471]},"properties":{"callsign":"AWA476","hex":"7020bc","origin":"Bangladesh","altitude":5181.6,"velocity":122.71,"heading":183.85,"onGround":false,"type":"Unknown","desc":"OpenSky cat 0","military":false,"spi":false,"category":0,"source":"opensky"}},{"type":"Feature","geometry":{"type":"Point","coordinates":[-91.9712,32.3643]},"properties":{"callsign":"ENY3669","hex":"a1ac11","origin":"United States","altitude":9753.6,"velocity":216.63,"heading":268.78,"onGround":false,"type":"Unknown","desc":"OpenSky cat 0","military":false,"spi":false,"category":0,"source":"opensky"}},{"type":"Feature","geometry":{"type":"Point","coordinates":[-80.616,35.3074]},"properties":{"callsign":"RPA5599","hex":"ab282b","origin":"United States","altitude":3779.52,"velocity":175.96,"heading":90.84,"onGround":false,"type":"Large","desc":"OpenSky cat 4","military":false,"spi":false,"category":4,"source":"opensky"}},{"type":"Feature","geometry":{"type":"Point","coordinates":[11.6785,41.7094]},"properties":{"callsign":"PSJAD","hex":"e49bf6","origin":"Brazil","altitude":10058.4,"velocity":250.6,"heading":176.12,"onGround":false,"type":"Unknown","desc":"OpenSky cat 0","military":false,"spi":false,"category":0,"source":"opensky"}},{"type":"Feature","geometry":{"type":"Point","coordinates":[77.8336,13.1886]},"properties":{"callsign":"IGO124F","hex":"8018c9","origin":"India","altitude":1485.9,"velocity":90.54,"heading":270,"onGround":false,"type":"Unknown","desc":"OpenSky cat 0","military":false,"spi":false,"category":0,"source":"opensky"}},{"type":"Feature","geometry":{"type":"Point","coordinates":[8.2498,40.6374]},"properties":{"callsign":"CCA840","hex":"781ac4","origin":"China","altitude":11582.4,"velocity":270.81,"heading":74.8,"onGround":false,"type":"Unknown","desc":"OpenSky cat 0","military":false,"spi":false,"category":0,"source":"opensky"}},{"type":"Feature","geometry":{"type":"Point","coordinates":[-85.0734,39.7883]},"properties":{"callsign":"CXK531","hex":"a126de","origin":"United States","altitude":1943.1,"velocity":52.36,"heading":259.24,"onGround":false,"type":"Unknown","desc":"OpenSky cat 0","military":false,"spi":false,"category":0,"source":"opensky"}},{"type":"Feature","geometry":{"type":"Point","coordinates":[-79.1878,40.1513]},"properties":{"callsign":"SWA4498","hex":"ac481d","origin":"United States","altitude":11582.4,"velocity":220.24,"heading":268.66,"onGround":false,"type":"Unknown","desc":"OpenSky cat 0","military":false,"spi":false,"category":0,"source":"opensky"}},{"type":"Feature","geometry":{"type":"Point","coordinates":[-80.6522,26.357]},"properties":{"callsign":"N2500X","hex":"a259ec","origin":"United States","altitude":1348.74,"velocity":45,"heading":202.17,"onGround":false,"type":"Unknown","desc":"OpenSky cat 0","military":false,"spi":false,"category":0,"source":"opensky"}},{"type":"Feature","geometry":{"type":"Point","coordinates":[12.8537,43.598]},"properties":{"callsign":"IOORS","hex":"300a31","origin":"Italy","altitude":1874.52,"velocity":54.3,"heading":152.95,"onGround":false,"type":"Unknown","desc":"OpenSky cat 0","military":false,"spi":false,"category":0,"source":"opensky"}},{"type":"Feature","geometry":{"type":"Point","coordinates":[-80.7883,38.6046]},"properties":{"callsign":"UAL2110","hex":"a126e8","origin":"United States","altitude":11582.4,"velocity":213.12,"heading":252,"onGround":false,"type":"Unknown","desc":"OpenSky cat 0","military":false,"spi":false,"category":0,"source":"opensky"}},{"type":"Feature","geometry":{"type":"Point","coordinates":[10.9798,49.4384]},"properties":{"callsign":"TKJ8UY","hex":"4bb2a3","origin":"Turkey","altitude":10683.24,"velocity":258.22,"heading":109.55,"onGround":false,"type":"Unknown","desc":"OpenSky cat 0","military":false,"spi":false,"category":0,"source":"opensky"}},{"type":"Feature","geometry":{"type":"Point","coordinates":[-84.641,30.3288]},"properties":{"callsign":"DAL2045","hex":"a7cf10","origin":"United States","altitude":9151.62,"velocity":233.37,"heading":306.21,"onGround":false,"type":"Unknown","desc":"OpenSky cat 0","military":false,"spi":false,"category":0,"source":"opensky"}},{"type":"Feature","geometry":{"type":"Point","coordinates":[76.9101,25.462]},"properties":{"callsign":"IGO149K","hex":"8017ff","origin":"India","altitude":10668,"velocity":240.26,"heading":180.61,"onGround":false,"type":"Unknown","desc":"OpenSky cat 0","military":false,"spi":false,"category":0,"source":"opensky"}},{"type":"Feature","geometry":{"type":"Point","coordinates":[-73.1188,41.2629]},"properties":{"callsign":"EJA856","hex":"abbf11","origin":"United States","altitude":5318.76,"velocity":226.73,"heading":76.75,"onGround":false,"type":"Unknown","desc":"OpenSky cat 0","military":false,"spi":false,"category":0,"source":"opensky"}},{"type":"Feature","geometry":{"type":"Point","coordinates":[-72.1512,41.8934]},"properties":{"callsign":"MXY708","hex":"a233e7","origin":"United States","altitude":5425.44,"velocity":176.42,"heading":260.26,"onGround":false,"type":"Unknown","desc":"OpenSky cat 0","military":false,"spi":false,"category":0,"source":"opensky"}},{"type":"Feature","geometry":{"type":"Point","coordinates":[-97.4948,35.4706]},"properties":{"callsign":"DCM2700","hex":"a9519b","origin":"United States","altitude":1623.06,"velocity":136.28,"heading":4.76,"onGround":false,"type":"Unknown","desc":"OpenSky cat 0","military":false,"spi":false,"category":0,"source":"opensky"}},{"type":"Feature","geometry":{"type":"Point","coordinates":[17.1111,44.6393]},"properties":{"callsign":"THY2HG","hex":"4bb1e4","origin":"Turkey","altitude":10972.8,"velocity":210.4,"heading":285.02,"onGround":false,"type":"No emitter category","desc":"OpenSky cat 1","military":false,"spi":false,"category":1,"source":"opensky"}},{"type":"Feature","geometry":{"type":"Point","coordinates":[6.3204,52.5979]},"properties":{"callsign":"THY6BZ","hex":"4bb1e2","origin":"Turkey","altitude":4533.9,"velocity":171.13,"heading":259.43,"onGround":false,"type":"No emitter category","desc":"OpenSky cat 1","military":false,"spi":false,"category":1,"source":"opensky"}},{"type":"Feature","geometry":{"type":"Point","coordinates":[76.8883,25.8077]},"properties":{"callsign":"AIC2AL","hex":"8004de","origin":"India","altitude":11277.6,"velocity":252.63,"heading":178.95,"onGround":false,"type":"Unknown","desc":"OpenSky cat 0","military":false,"spi":false,"category":0,"source":"opensky"}},{"type":"Feature","geometry":{"type":"Point","coordinates":[-80.9514,31.217]},"properties":{"callsign":"AAL1763","hex":"ab5c26","origin":"United States","altitude":9585.96,"velocity":240.03,"heading":186.03,"onGround":false,"type":"Unknown","desc":"OpenSky cat 0","military":false,"spi":false,"category":0,"source":"opensky"}},{"type":"Feature","geometry":{"type":"Point","coordinates":[-2.191,59.8813]},"properties":{"callsign":"UAL926","hex":"a27c78","origin":"United States","altitude":11269.98,"velocity":263.86,"heading":141.97,"onGround":false,"type":"Unknown","desc":"OpenSky cat 0","military":false,"spi":false,"category":0,"source":"opensky"}},{"type":"Feature","geometry":{"type":"Point","coordinates":[6.7544,46.5163]},"properties":{"callsign":"T7SBH","hex":"5000d7","origin":"San Marino","altitude":4160.52,"velocity":170.31,"heading":64.98,"onGround":false,"type":"Unknown","desc":"OpenSky cat 0","military":false,"spi":false,"category":0,"source":"opensky"}},{"type":"Feature","geometry":{"type":"Point","coordinates":[18.0088,47.6102]},"properties":{"callsign":"UAE67V","hex":"89621a","origin":"United Arab Emirates","altitude":7741.92,"velocity":207.54,"heading":279.42,"onGround":false,"type":"Unknown","desc":"OpenSky cat 0","military":false,"spi":false,"category":0,"source":"opensky"}},{"type":"Feature","geometry":{"type":"Point","coordinates":[6.9883,43.5106]},"properties":{"callsign":"NAK344C","hex":"393205","origin":"France","altitude":586.74,"velocity":60.72,"heading":1.46,"onGround":false,"type":"Unknown","desc":"OpenSky cat 0","military":false,"spi":false,"category":0,"source":"opensky"}},{"type":"Feature","geometry":{"type":"Point","coordinates":[-80.5618,25.7773]},"properties":{"callsign":"ABX901","hex":"a486be","origin":"United States","altitude":1181.1,"velocity":124.84,"heading":85.75,"onGround":false,"type":"Unknown","desc":"OpenSky cat 0","military":false,"spi":false,"category":0,"source":"opensky"}},{"type":"Feature","geometry":{"type":"Point","coordinates":[12.0811,50.3213]},"properties":{"callsign":"GAF218","hex":"3f6219","origin":"Germany","altitude":746.76,"velocity":132.3,"heading":199.77,"onGround":false,"type":"Unknown","desc":"OpenSky cat 0","military":false,"spi":false,"category":0,"source":"opensky"}},{"type":"Feature","geometry":{"type":"Point","coordinates":[23.8113,42.1977]},"properties":{"callsign":"THY51Z","hex":"4bb1c4","origin":"Turkey","altitude":10972.8,"velocity":216.23,"heading":263.99,"onGround":false,"type":"Unknown","desc":"OpenSky cat 0","military":false,"spi":false,"category":0,"source":"opensky"}},{"type":"Feature","geometry":{"type":"Point","coordinates":[27.6659,42.8397]},"properties":{"callsign":"THY1YM","hex":"4bb1c3","origin":"Turkey","altitude":11277.6,"velocity":269.06,"heading":132.6,"onGround":false,"type":"Unknown","desc":"OpenSky cat 0","military":false,"spi":false,"category":0,"source":"opensky"}},{"type":"Feature","geometry":{"type":"Point","coordinates":[-12.4153,36.4963]},"properties":{"callsign":"ENT2RW","hex":"4892c4","origin":"Poland","altitude":11277.6,"velocity":233.56,"heading":224.29,"onGround":false,"type":"Unknown","desc":"OpenSky cat 0","military":false,"spi":false,"category":0,"source":"opensky"}},{"type":"Feature","geometry":{"type":"Point","coordinates":[-93.411,34.6742]},"properties":{"callsign":"SWA3153","hex":"ac33a3","origin":"United States","altitude":12192,"velocity":232.76,"heading":233.99,"onGround":false,"type":"Unknown","desc":"OpenSky cat 0","military":false,"spi":false,"category":0,"source":"opensky"}},{"type":"Feature","geometry":{"type":"Point","coordinates":[1.2767,44.9019]},"properties":{"callsign":"VOE61EC","hex":"34569a","origin":"Spain","altitude":11582.4,"velocity":218.88,"heading":317.76,"onGround":false,"type":"No emitter category","desc":"OpenSky cat 1","military":false,"spi":false,"category":1,"source":"opensky"}},{"type":"Feature","geometry":{"type":"Point","coordinates":[-94.0114,36.2355]},"properties":{"callsign":"SKW3905","hex":"a28f80","origin":"United States","altitude":2887.98,"velocity":147.91,"heading":82.41,"onGround":false,"type":"Unknown","desc":"OpenSky cat 0","military":false,"spi":false,"category":0,"source":"opensky"}},{"type":"Feature","geometry":{"type":"Point","coordinates":[20.7304,51.1267]},"properties":{"callsign":"ENT4202","hex":"4892c7","origin":"Poland","altitude":5722.62,"velocity":194.1,"heading":9.61,"onGround":false,"type":"Unknown","desc":"OpenSky cat 0","military":false,"spi":false,"category":0,"source":"opensky"}},{"type":"Feature","geometry":{"type":"Point","coordinates":[5.8636,44.919]},"properties":{"callsign":"VLG46SJ","hex":"343046","origin":"Spain","altitude":10660.38,"velocity":225.43,"heading":200.3,"onGround":false,"type":"Unknown","desc":"OpenSky cat 0","military":false,"spi":false,"category":0,"source":"opensky"}},{"type":"Feature","geometry":{"type":"Point","coordinates":[21.7841,48.5193]},"properties":{"callsign":"ENT6SW","hex":"4892c6","origin":"Poland","altitude":10972.8,"velocity":218.29,"heading":328.3,"onGround":false,"type":"Unknown","desc":"OpenSky cat 0","military":false,"spi":false,"category":0,"source":"opensky"}},{"type":"Feature","geometry":{"type":"Point","coordinates":[10.5269,48.4274]},"properties":{"callsign":"DEZTC","hex":"3d489c","origin":"Germany","altitude":1310.64,"velocity":46.78,"heading":278.22,"onGround":false,"type":"Unknown","desc":"OpenSky cat 0","military":false,"spi":false,"category":0,"source":"opensky"}},{"type":"Feature","geometry":{"type":"Point","coordinates":[-80.5581,26.0311]},"properties":{"callsign":"N92324","hex":"accc0a","origin":"United States","altitude":754.38,"velocity":48.16,"heading":256.41,"onGround":false,"type":"Unknown","desc":"OpenSky cat 0","military":false,"spi":false,"category":0,"source":"opensky"}},{"type":"Feature","geometry":{"type":"Point","coordinates":[5.5622,45.3997]},"properties":{"callsign":"VOE58UJ","hex":"345699","origin":"Spain","altitude":11277.6,"velocity":250.12,"heading":110.97,"onGround":false,"type":"No emitter category","desc":"OpenSky cat 1","military":false,"spi":false,"category":1,"source":"opensky"}},{"type":"Feature","geometry":{"type":"Point","coordinates":[1.5379,47.0909]},"properties":{"callsign":"IBE07KH","hex":"345691","origin":"Spain","altitude":10668,"velocity":204.72,"heading":209.01,"onGround":false,"type":"Unknown","desc":"OpenSky cat 0","military":false,"spi":false,"category":0,"source":"opensky"}},{"type":"Feature","geometry":{"type":"Point","coordinates":[18.4272,38.6503]},"properties":{"callsign":"IBE08HP","hex":"345692","origin":"Spain","altitude":11269.98,"velocity":235.1,"heading":106.13,"onGround":false,"type":"Unknown","desc":"OpenSky cat 0","military":false,"spi":false,"category":0,"source":"opensky"}},{"type":"Feature","geometry":{"type":"Point","coordinates":[21.9847,48.8546]},"properties":{"callsign":"UAE4T","hex":"896217","origin":"United Arab Emirates","altitude":11582.4,"velocity":250.88,"heading":6,"onGround":false,"type":"Unknown","desc":"OpenSky cat 0","military":false,"spi":false,"category":0,"source":"opensky"}},{"type":"Feature","geometry":{"type":"Point","coordinates":[30.9895,34.517]},"properties":{"callsign":"ELY023","hex":"7380c2","origin":"Israel","altitude":8343.9,"velocity":263.2,"heading":321.43,"onGround":false,"type":"Heavy","desc":"OpenSky cat 6","military":false,"spi":false,"category":6,"source":"opensky"}},{"type":"Feature","geometry":{"type":"Point","coordinates":[-77.4585,38.4774]},"properties":{"callsign":"SWA641","hex":"ac20a1","origin":"United States","altitude":5097.78,"velocity":160.59,"heading":220.32,"onGround":false,"type":"Unknown","desc":"OpenSky cat 0","military":false,"spi":false,"category":0,"source":"opensky"}},{"type":"Feature","geometry":{"type":"Point","coordinates":[5.6028,48.1179]},"properties":{"callsign":"ELY315","hex":"7380c5","origin":"Israel","altitude":11582.4,"velocity":223.15,"heading":290.23,"onGround":false,"type":"Unknown","desc":"OpenSky cat 0","military":false,"spi":false,"category":0,"source":"opensky"}},{"type":"Feature","geometry":{"type":"Point","coordinates":[-7.0885,57.9984]},"properties":{"callsign":"DAL51","hex":"abac50","origin":"United States","altitude":10972.8,"velocity":228.15,"heading":324.27,"onGround":false,"type":"Unknown","desc":"OpenSky cat 0","military":false,"spi":false,"category":0,"source":"opensky"}},{"type":"Feature","geometry":{"type":"Point","coordinates":[-87.3479,36.6016]},"properties":{"callsign":"N903VU","hex":"ac7c3f","origin":"United States","altitude":388.62,"velocity":64.13,"heading":110.18,"onGround":false,"type":"Unknown","desc":"OpenSky cat 0","military":false,"spi":false,"category":0,"source":"opensky"}},{"type":"Feature","geometry":{"type":"Point","coordinates":[-10.806,35.154]},"properties":{"callsign":"IBE3271","hex":"344346","origin":"Spain","altitude":10058.4,"velocity":241.59,"heading":216.6,"onGround":false,"type":"Unknown","desc":"OpenSky cat 0","military":false,"spi":false,"category":0,"source":"opensky"}},{"type":"Feature","geometry":{"type":"Point","coordinates":[-78.9218,37.3894]},"properties":{"callsign":"N983FA","hex":"adb6c7","origin":"United States","altitude":1013.46,"velocity":48.87,"heading":89.4,"onGround":false,"type":"Unknown","desc":"OpenSky cat 0","military":false,"spi":false,"category":0,"source":"opensky"}},{"type":"Feature","geometry":{"type":"Point","coordinates":[-1.811,39.8346]},"properties":{"callsign":"AEA72QU","hex":"344341","origin":"Spain","altitude":7315.2,"velocity":219.91,"heading":118.96,"onGround":false,"type":"No emitter category","desc":"OpenSky cat 1","military":false,"spi":false,"category":1,"source":"opensky"}},{"type":"Feature","geometry":{"type":"Point","coordinates":[-81.0014,28.9194]},"properties":{"callsign":"N80NG","hex":"aae0b7","origin":"United States","altitude":937.26,"velocity":86.47,"heading":75.88,"onGround":false,"type":"Unknown","desc":"OpenSky cat 0","military":false,"spi":false,"category":0,"source":"opensky"}},{"type":"Feature","geometry":{"type":"Point","coordinates":[17.229,43.533]},"properties":{"callsign":"ELY008","hex":"7380ca","origin":"Israel","altitude":11269.98,"velocity":273.57,"heading":124.74,"onGround":false,"type":"Unknown","desc":"OpenSky cat 0","military":false,"spi":false,"category":0,"source":"opensky"}},{"type":"Feature","geometry":{"type":"Point","coordinates":[9.2794,48.4915]},"properties":{"callsign":"DESKB","hex":"3d3535","origin":"Germany","altitude":853.44,"velocity":53.7,"heading":350.63,"onGround":false,"type":"Unknown","desc":"OpenSky cat 0","military":false,"spi":false,"category":0,"source":"opensky"}},{"type":"Feature","geometry":{"type":"Point","coordinates":[-80.6404,27.683]},"properties":{"callsign":"N2599Y","hex":"a27c97","origin":"United States","altitude":617.22,"velocity":50.39,"heading":207.35,"onGround":false,"type":"Unknown","desc":"OpenSky cat 0","military":false,"spi":false,"category":0,"source":"opensky"}},{"type":"Feature","geometry":{"type":"Point","coordinates":[-77.3695,36.222]},"properties":{"callsign":"EDV5237","hex":"ac7c67","origin":"United States","altitude":9479.28,"velocity":218.88,"heading":14.98,"onGround":false,"type":"No emitter category","desc":"OpenSky cat 1","military":false,"spi":false,"category":1,"source":"opensky"}},{"type":"Feature","geometry":{"type":"Point","coordinates":[16.1509,50.9117]},"properties":{"callsign":"WZZ3WK","hex":"471e5e","origin":"Hungary","altitude":10965.18,"velocity":198.06,"heading":292.77,"onGround":false,"type":"Unknown","desc":"OpenSky cat 0","military":false,"spi":false,"category":0,"source":"opensky"}},{"type":"Feature","geometry":{"type":"Point","coordinates":[-87.8304,36.7518]},"properties":{"callsign":"SWA3357","hex":"ac212d","origin":"United States","altitude":12115.8,"velocity":223.72,"heading":289.48,"onGround":false,"type":"Unknown","desc":"OpenSky cat 0","military":false,"spi":false,"category":0,"source":"opensky"}},{"type":"Feature","geometry":{"type":"Point","coordinates":[-90.9456,38.6748]},"properties":{"callsign":"N958WD","hex":"ad5457","origin":"United States","altitude":1188.72,"velocity":103.53,"heading":92.85,"onGround":false,"type":"Unknown","desc":"OpenSky cat 0","military":false,"spi":false,"category":0,"source":"opensky"}},{"type":"Feature","geometry":{"type":"Point","coordinates":[-87.28,39.6351]},"properties":{"callsign":"DAL2691","hex":"abbdfa","origin":"United States","altitude":11277.6,"velocity":245.01,"heading":170.7,"onGround":false,"type":"Unknown","desc":"OpenSky cat 0","military":false,"spi":false,"category":0,"source":"opensky"}},{"type":"Feature","geometry":{"type":"Point","coordinates":[85.969,26.3695]},"properties":{"callsign":"IGO256E","hex":"801913","origin":"India","altitude":10972.8,"velocity":232.57,"heading":283.82,"onGround":false,"type":"Unknown","desc":"OpenSky cat 0","military":false,"spi":false,"category":0,"source":"opensky"}},{"type":"Feature","geometry":{"type":"Point","coordinates":[-70.9754,42.4261]},"properties":{"callsign":"FDX1473","hex":"a8dc3a","origin":"United States","altitude":304.8,"velocity":64.92,"heading":199.44,"onGround":false,"type":"Unknown","desc":"OpenSky cat 0","military":false,"spi":false,"category":0,"source":"opensky"}},{"type":"Feature","geometry":{"type":"Point","coordinates":[-82.8055,40.3213]},"properties":{"callsign":"RPA3594","hex":"a9fc34","origin":"United States","altitude":10058.4,"velocity":245.87,"heading":47.97,"onGround":false,"type":"Unknown","desc":"OpenSky cat 0","military":false,"spi":false,"category":0,"source":"opensky"}},{"type":"Feature","geometry":{"type":"Point","coordinates":[-80.6338,27.9461]},"properties":{"callsign":"N80495","hex":"aaf46a","origin":"United States","altitude":762,"velocity":52.16,"heading":84.91,"onGround":false,"type":"Unknown","desc":"OpenSky cat 0","military":false,"spi":false,"category":0,"source":"opensky"}},{"type":"Feature","geometry":{"type":"Point","coordinates":[87.9378,26.1901]},"properties":{"callsign":"IGO5041","hex":"80190c","origin":"India","altitude":11285.22,"velocity":226.58,"heading":56.2,"onGround":false,"type":"Unknown","desc":"OpenSky cat 0","military":false,"spi":false,"category":0,"source":"opensky"}},{"type":"Feature","geometry":{"type":"Point","coordinates":[-71.0139,42.3658]},"properties":{"callsign":"JBU1290","hex":"a36825","origin":"United States","altitude":0,"velocity":0,"heading":298.12,"onGround":true,"type":"Unknown","desc":"OpenSky cat 0","military":false,"spi":false,"category":0,"source":"opensky"}},{"type":"Feature","geometry":{"type":"Point","coordinates":[-3.1014,44.2234]},"properties":{"callsign":"VOE72DB","hex":"345659","origin":"Spain","altitude":11879.58,"velocity":219.44,"heading":191.49,"onGround":false,"type":"No emitter category","desc":"OpenSky cat 1","military":false,"spi":false,"category":1,"source":"opensky"}},{"type":"Feature","geometry":{"type":"Point","coordinates":[9.8381,53.5301]},"properties":{"callsign":"13520R9","hex":"0d135a","origin":"Mexico","altitude":0,"velocity":0,"heading":205.31,"onGround":true,"type":"Unknown","desc":"OpenSky cat 0","military":false,"spi":false,"category":0,"source":"opensky"}},{"type":"Feature","geometry":{"type":"Point","coordinates":[-0.0957,51.0062]},"properties":{"callsign":"VLG9CB","hex":"345646","origin":"Spain","altitude":1996.44,"velocity":133.95,"heading":65.01,"onGround":false,"type":"Unknown","desc":"OpenSky cat 0","military":false,"spi":false,"category":0,"source":"opensky"}},{"type":"Feature","geometry":{"type":"Point","coordinates":[-4.7921,37.0721]},"properties":{"callsign":"VLG1KW","hex":"345645","origin":"Spain","altitude":2232.66,"velocity":123.57,"heading":219.26,"onGround":false,"type":"Unknown","desc":"OpenSky cat 0","military":false,"spi":false,"category":0,"source":"opensky"}},{"type":"Feature","geometry":{"type":"Point","coordinates":[12.8343,45.6896]},"properties":{"callsign":"DEZKI","hex":"3d47b8","origin":"Germany","altitude":396.24,"velocity":65.99,"heading":190.78,"onGround":false,"type":"Unknown","desc":"OpenSky cat 0","military":false,"spi":false,"category":0,"source":"opensky"}},{"type":"Feature","geometry":{"type":"Point","coordinates":[-6.2543,40.5844]},"properties":{"callsign":"IBE0265","hex":"344305","origin":"Spain","altitude":9372.6,"velocity":234.81,"heading":264.09,"onGround":false,"type":"No emitter category","desc":"OpenSky cat 1","military":false,"spi":false,"category":1,"source":"opensky"}},{"type":"Feature","geometry":{"type":"Point","coordinates":[-72.1268,43.5626]},"properties":{"callsign":"KAP2112","hex":"a4d80a","origin":"United States","altitude":1485.9,"velocity":78.85,"heading":130.24,"onGround":false,"type":"Unknown","desc":"OpenSky cat 0","military":false,"spi":false,"category":0,"source":"opensky"}},{"type":"Feature","geometry":{"type":"Point","coordinates":[11.0167,48.4538]},"properties":{"callsign":"DLH590","hex":"3c4a02","origin":"Germany","altitude":8831.58,"velocity":274.7,"heading":133.86,"onGround":false,"type":"Unknown","desc":"OpenSky cat 0","military":false,"spi":false,"category":0,"source":"opensky"}},{"type":"Feature","geometry":{"type":"Point","coordinates":[-77.3047,39.646]},"properties":{"callsign":"DAL1410","hex":"a3a509","origin":"United States","altitude":11582.4,"velocity":224.73,"heading":238.38,"onGround":false,"type":"Unknown","desc":"OpenSky cat 0","military":false,"spi":false,"category":0,"source":"opensky"}},{"type":"Feature","geometry":{"type":"Point","coordinates":[-1.2419,52.4766]},"properties":{"callsign":"N729TA","hex":"a9c6a5","origin":"United States","altitude":3048,"velocity":85.58,"heading":312.32,"onGround":false,"type":"Unknown","desc":"OpenSky cat 0","military":false,"spi":false,"category":0,"source":"opensky"}},{"type":"Feature","geometry":{"type":"Point","coordinates":[-85.1059,31.5845]},"properties":{"callsign":"JBU682","hex":"a976c7","origin":"United States","altitude":11277.6,"velocity":233.56,"heading":143.51,"onGround":false,"type":"Unknown","desc":"OpenSky cat 0","military":false,"spi":false,"category":0,"source":"opensky"}},{"type":"Feature","geometry":{"type":"Point","coordinates":[11.4557,44.7308]},"properties":{"callsign":"FSE1D","hex":"3e557d","origin":"Germany","altitude":3787.14,"velocity":139.89,"heading":9.74,"onGround":false,"type":"Unknown","desc":"OpenSky cat 0","military":false,"spi":false,"category":0,"source":"opensky"}},{"type":"Feature","geometry":{"type":"Point","coordinates":[-75.1902,40.0205]},"properties":{"callsign":"PDT5806","hex":"a8a6c0","origin":"United States","altitude":1379.22,"velocity":110.55,"heading":159.29,"onGround":false,"type":"Unknown","desc":"OpenSky cat 0","military":false,"spi":false,"category":0,"source":"opensky"}},{"type":"Feature","geometry":{"type":"Point","coordinates":[11.6318,42.2794]},"properties":{"callsign":"VOE2149","hex":"345613","origin":"Spain","altitude":10980.42,"velocity":215.27,"heading":310.54,"onGround":false,"type":"No emitter category","desc":"OpenSky cat 1","military":false,"spi":false,"category":1,"source":"opensky"}},{"type":"Feature","geometry":{"type":"Point","coordinates":[-0.9228,50.7956]},"properties":{"callsign":"VLG51GH","hex":"345614","origin":"Spain","altitude":4465.32,"velocity":168.5,"heading":81.57,"onGround":false,"type":"Unknown","desc":"OpenSky cat 0","military":false,"spi":false,"category":0,"source":"opensky"}},{"type":"Feature","geometry":{"type":"Point","coordinates":[87.4187,21.798]},"properties":{"callsign":"CSC3923","hex":"781c2c","origin":"China","altitude":10363.2,"velocity":238.78,"heading":188.55,"onGround":false,"type":"Unknown","desc":"OpenSky cat 0","military":false,"spi":false,"category":0,"source":"opensky"}},{"type":"Feature","geometry":{"type":"Point","coordinates":[-77.7127,38.7903]},"properties":{"callsign":"DAL2429","hex":"a3ec93","origin":"United States","altitude":11582.4,"velocity":230.5,"heading":218.84,"onGround":false,"type":"Large","desc":"OpenSky cat 4","military":false,"spi":false,"category":4,"source":"opensky"}},{"type":"Feature","geometry":{"type":"Point","coordinates":[8.4116,44.7661]},"properties":{"callsign":"TVF8099","hex":"39dd03","origin":"France","altitude":11582.4,"velocity":217.44,"heading":324.24,"onGround":false,"type":"Unknown","desc":"OpenSky cat 0","military":false,"spi":false,"category":0,"source":"opensky"}},{"type":"Feature","geometry":{"type":"Point","coordinates":[-5.8758,37.4199]},"properties":{"callsign":"TVF21KT","hex":"39dd02","origin":"France","altitude":0,"velocity":5.4,"heading":90,"onGround":true,"type":"Unknown","desc":"OpenSky cat 0","military":false,"spi":false,"category":0,"source":"opensky"}},{"type":"Feature","geometry":{"type":"Point","coordinates":[9.4967,44.9332]},"properties":{"callsign":"TVF49MD","hex":"39dd05","origin":"France","altitude":11269.98,"velocity":246.63,"heading":125.15,"onGround":false,"type":"Unknown","desc":"OpenSky cat 0","military":false,"spi":false,"category":0,"source":"opensky"}},{"type":"Feature","geometry":{"type":"Point","coordinates":[12.3094,45.9602]},"properties":{"callsign":"TVF39LN","hex":"39dd04","origin":"France","altitude":11277.6,"velocity":244.84,"heading":134.23,"onGround":false,"type":"Unknown","desc":"OpenSky cat 0","military":false,"spi":false,"category":0,"source":"opensky"}},{"type":"Feature","geometry":{"type":"Point","coordinates":[14.0016,36.0228]},"properties":{"callsign":"TVF48RW","hex":"39dd01","origin":"France","altitude":5417.82,"velocity":185.01,"heading":329.23,"onGround":false,"type":"Unknown","desc":"OpenSky cat 0","military":false,"spi":false,"category":0,"source":"opensky"}},{"type":"Feature","geometry":{"type":"Point","coordinates":[5.2846,47.0922]},"properties":{"callsign":"TVF33XD","hex":"39dd00","origin":"France","altitude":10736.58,"velocity":202.3,"heading":308.91,"onGround":false,"type":"Unknown","desc":"OpenSky cat 0","military":false,"spi":false,"category":0,"source":"opensky"}},{"type":"Feature","geometry":{"type":"Point","coordinates":[-80.8225,28.5314]},"properties":{"callsign":"ERU459","hex":"a593ff","origin":"United States","altitude":205.74,"velocity":44.83,"heading":266.71,"onGround":false,"type":"Unknown","desc":"OpenSky cat 0","military":false,"spi":false,"category":0,"source":"opensky"}},{"type":"Feature","geometry":{"type":"Point","coordinates":[13.5205,59.4566]},"properties":{"callsign":"SVF657","hex":"4aecd1","origin":"Sweden","altitude":12192,"velocity":245.91,"heading":261.7,"onGround":false,"type":"Unknown","desc":"OpenSky cat 0","military":false,"spi":false,"category":0,"source":"opensky"}},{"type":"Feature","geometry":{"type":"Point","coordinates":[-85.8633,41.1292]},"properties":{"callsign":"RPA4406","hex":"a03bcd","origin":"United States","altitude":6606.54,"velocity":167.41,"heading":327.68,"onGround":false,"type":"Unknown","desc":"OpenSky cat 0","military":false,"spi":false,"category":0,"source":"opensky"}},{"type":"Feature","geometry":{"type":"Point","coordinates":[39.1034,31.4233]},"properties":{"callsign":"A6RTS","hex":"896271","origin":"United Arab Emirates","altitude":10058.4,"velocity":257.07,"heading":131.02,"onGround":false,"type":"Unknown","desc":"OpenSky cat 0","military":false,"spi":false,"category":0,"source":"opensky"}},{"type":"Feature","geometry":{"type":"Point","coordinates":[19.024,54.249]},"properties":{"callsign":"SPWBK","hex":"48d029","origin":"Poland","altitude":426.72,"velocity":26,"heading":297.07,"onGround":false,"type":"Unknown","desc":"OpenSky cat 0","military":false,"spi":false,"category":0,"source":"opensky"}},{"type":"Feature","geometry":{"type":"Point","coordinates":[10.2523,59.5517]},"properties":{"callsign":"LNOKC","hex":"47b03a","origin":"Norway","altitude":426.72,"velocity":42.42,"heading":345.96,"onGround":false,"type":"Unknown","desc":"OpenSky cat 0","military":false,"spi":false,"category":0,"source":"opensky"}},{"type":"Feature","geometry":{"type":"Point","coordinates":[-77.3746,36.2217]},"properties":{"callsign":"N148B","hex":"a0c081","origin":"United States","altitude":13716,"velocity":247.25,"heading":47.61,"onGround":false,"type":"Unknown","desc":"OpenSky cat 0","military":false,"spi":false,"category":0,"source":"opensky"}},{"type":"Feature","geometry":{"type":"Point","coordinates":[-97.6341,33.3893]},"properties":{"callsign":"AAL1098","hex":"a02e0a","origin":"United States","altitude":3322.32,"velocity":145.6,"heading":158.88,"onGround":false,"type":"Unknown","desc":"OpenSky cat 0","military":false,"spi":false,"category":0,"source":"opensky"}},{"type":"Feature","geometry":{"type":"Point","coordinates":[2.1185,48.7138]},"properties":{"callsign":"IFC0966","hex":"800795","origin":"India","altitude":10668,"velocity":242.57,"heading":141.89,"onGround":false,"type":"Unknown","desc":"OpenSky cat 0","military":false,"spi":false,"category":0,"source":"opensky"}},{"type":"Feature","geometry":{"type":"Point","coordinates":[23.6076,39.1949]},"properties":{"callsign":"BAW668R","hex":"4079f7","origin":"United Kingdom","altitude":11269.98,"velocity":241.59,"heading":149.83,"onGround":false,"type":"Unknown","desc":"OpenSky cat 0","military":false,"spi":false,"category":0,"source":"opensky"}},{"type":"Feature","geometry":{"type":"Point","coordinates":[-80.4671,41.7899]},"properties":{"callsign":"UAL601","hex":"a5d668","origin":"United States","altitude":8526.78,"velocity":252.69,"heading":97.49,"onGround":false,"type":"Unknown","desc":"OpenSky cat 0","military":false,"spi":false,"category":0,"source":"opensky"}},{"type":"Feature","geometry":{"type":"Point","coordinates":[-80.5705,26.0646]},"properties":{"callsign":"N5223R","hex":"a6932d","origin":"United States","altitude":579.12,"velocity":32.29,"heading":120.65,"onGround":false,"type":"Unknown","desc":"OpenSky cat 0","military":false,"spi":false,"category":0,"source":"opensky"}},{"type":"Feature","geometry":{"type":"Point","coordinates":[10.2731,47.7425]},"properties":{"callsign":"DERLG","hex":"3d32b0","origin":"Germany","altitude":1371.6,"velocity":53.68,"heading":309.95,"onGround":false,"type":"Unknown","desc":"OpenSky cat 0","military":false,"spi":false,"category":0,"source":"opensky"}},{"type":"Feature","geometry":{"type":"Point","coordinates":[-3.6243,40.5868]},"properties":{"callsign":"IBE0221","hex":"3451cd","origin":"Spain","altitude":1356.36,"velocity":96.06,"heading":313.7,"onGround":false,"type":"Unknown","desc":"OpenSky cat 0","military":false,"spi":false,"category":0,"source":"opensky"}},{"type":"Feature","geometry":{"type":"Point","coordinates":[-0.6795,51.8405]},"properties":{"callsign":"GSJBB","hex":"4079dd","origin":"United Kingdom","altitude":579.12,"velocity":58.62,"heading":349.38,"onGround":false,"type":"Unknown","desc":"OpenSky cat 0","military":false,"spi":false,"category":0,"source":"opensky"}},{"type":"Feature","geometry":{"type":"Point","coordinates":[-79.6894,36.2843]},"properties":{"callsign":"N7201W","hex":"a9a61c","origin":"United States","altitude":1036.32,"velocity":50.15,"heading":26.83,"onGround":false,"type":"Unknown","desc":"OpenSky cat 0","military":false,"spi":false,"category":0,"source":"opensky"}},{"type":"Feature","geometry":{"type":"Point","coordinates":[-10.2426,35.6363]},"properties":{"callsign":"EXS84GF","hex":"4066b9","origin":"United Kingdom","altitude":10972.8,"velocity":240.31,"heading":28.38,"onGround":false,"type":"Unknown","desc":"OpenSky cat 0","military":false,"spi":false,"category":0,"source":"opensky"}},{"type":"Feature","geometry":{"type":"Point","coordinates":[-4.0156,40.6214]},"properties":{"callsign":"ANE8223","hex":"3451d8","origin":"Spain","altitude":11582.4,"velocity":245.61,"heading":68.11,"onGround":false,"type":"Unknown","desc":"OpenSky cat 0","military":false,"spi":false,"category":0,"source":"opensky"}},{"type":"Feature","geometry":{"type":"Point","coordinates":[6.4961,51.2975]},"properties":{"callsign":"THY1MW","hex":"4bb266","origin":"Turkey","altitude":10675.62,"velocity":241.59,"heading":119.18,"onGround":false,"type":"Unknown","desc":"OpenSky cat 0","military":false,"spi":false,"category":0,"source":"opensky"}},{"type":"Feature","geometry":{"type":"Point","coordinates":[1.168,44.4963]},"properties":{"callsign":"VLG5WN","hex":"3451d3","origin":"Spain","altitude":10972.8,"velocity":229.2,"heading":352.78,"onGround":false,"type":"Unknown","desc":"OpenSky cat 0","military":false,"spi":false,"category":0,"source":"opensky"}},{"type":"Feature","geometry":{"type":"Point","coordinates":[0.911,38.2605]},"properties":{"callsign":"VLG43WY","hex":"3451d5","origin":"Spain","altitude":11300.46,"velocity":244.35,"heading":66.03,"onGround":false,"type":"Unknown","desc":"OpenSky cat 0","military":false,"spi":false,"category":0,"source":"opensky"}},{"type":"Feature","geometry":{"type":"Point","coordinates":[27.8074,42.1597]},"properties":{"callsign":"THY9RS","hex":"4bb265","origin":"Turkey","altitude":6819.9,"velocity":221.85,"heading":307.75,"onGround":false,"type":"Unknown","desc":"OpenSky cat 0","military":false,"spi":false,"category":0,"source":"opensky"}},{"type":"Feature","geometry":{"type":"Point","coordinates":[22.883,47.5233]},"properties":{"callsign":"THY4FA","hex":"4bb262","origin":"Turkey","altitude":10058.4,"velocity":247.24,"heading":143.03,"onGround":false,"type":"Unknown","desc":"OpenSky cat 0","military":false,"spi":false,"category":0,"source":"opensky"}},{"type":"Feature","geometry":{"type":"Point","coordinates":[-81.4301,30.2111]},"properties":{"callsign":"N383BH","hex":"a46690","origin":"United States","altitude":556.26,"velocity":47.16,"heading":346.12,"onGround":false,"type":"Unknown","desc":"OpenSky cat 0","military":false,"spi":false,"category":0,"source":"opensky"}},{"type":"Feature","geometry":{"type":"Point","coordinates":[-68.9589,44.1728]},"properties":{"callsign":"KAP1830","hex":"a5b018","origin":"United States","altitude":1798.32,"velocity":82.07,"heading":237.8,"onGround":false,"type":"Unknown","desc":"OpenSky cat 0","military":false,"spi":false,"category":0,"source":"opensky"}},{"type":"Feature","geometry":{"type":"Point","coordinates":[-73.5413,39.8281]},"properties":{"callsign":"N450PZ","hex":"a57379","origin":"United States","altitude":9845.04,"velocity":239.03,"heading":221.68,"onGround":false,"type":"Unknown","desc":"OpenSky cat 0","military":false,"spi":false,"category":0,"source":"opensky"}},{"type":"Feature","geometry":{"type":"Point","coordinates":[8.6772,48.5136]},"properties":{"callsign":"DEYTA","hex":"3d45f6","origin":"Germany","altitude":1310.64,"velocity":84.58,"heading":143.41,"onGround":false,"type":"Unknown","desc":"OpenSky cat 0","military":false,"spi":false,"category":0,"source":"opensky"}},{"type":"Feature","geometry":{"type":"Point","coordinates":[-2.275,53.3561]},"properties":{"callsign":"VIR73Q","hex":"4079cd","origin":"United Kingdom","altitude":0,"velocity":0,"heading":140.62,"onGround":true,"type":"Unknown","desc":"OpenSky cat 0","military":false,"spi":false,"category":0,"source":"opensky"}},{"type":"Feature","geometry":{"type":"Point","coordinates":[0.0557,41.0694]},"properties":{"callsign":"MAC122N","hex":"02010d","origin":"Morocco","altitude":10668,"velocity":222.14,"heading":192.85,"onGround":false,"type":"Unknown","desc":"OpenSky cat 0","military":false,"spi":false,"category":0,"source":"opensky"}},{"type":"Feature","geometry":{"type":"Point","coordinates":[-77.4473,24.99]},"properties":{"callsign":"JBU753","hex":"a7167f","origin":"United States","altitude":11277.6,"velocity":219.86,"heading":118.66,"onGround":false,"type":"Unknown","desc":"OpenSky cat 0","military":false,"spi":false,"category":0,"source":"opensky"}},{"type":"Feature","geometry":{"type":"Point","coordinates":[-2.0472,49.9273]},"properties":{"callsign":"MAC102","hex":"020118","origin":"Morocco","altitude":10873.74,"velocity":222.41,"heading":197.64,"onGround":false,"type":"Unknown","desc":"OpenSky cat 0","military":false,"spi":false,"category":0,"source":"opensky"}},{"type":"Feature","geometry":{"type":"Point","coordinates":[-86.7892,40.2766]},"properties":{"callsign":"DAL2757","hex":"ac1466","origin":"United States","altitude":5791.2,"velocity":213.48,"heading":335.97,"onGround":false,"type":"Unknown","desc":"OpenSky cat 0","military":false,"spi":false,"category":0,"source":"opensky"}},{"type":"Feature","geometry":{"type":"Point","coordinates":[-81.5196,39.6149]},"properties":{"callsign":"JBU287","hex":"ad7ab8","origin":"United States","altitude":10370.82,"velocity":220.91,"heading":257.36,"onGround":false,"type":"Large","desc":"OpenSky cat 4","military":false,"spi":false,"category":4,"source":"opensky"}},{"type":"Feature","geometry":{"type":"Point","coordinates":[-83.5546,42.2556]},"properties":{"callsign":"N518MA","hex":"a6803b","origin":"United States","altitude":693.42,"velocity":41.87,"heading":349.38,"onGround":false,"type":"Unknown","desc":"OpenSky cat 0","military":false,"spi":false,"category":0,"source":"opensky"}},{"type":"Feature","geometry":{"type":"Point","coordinates":[-84.5832,38.3964]},"properties":{"callsign":"UAL2638","hex":"a81005","origin":"United States","altitude":10972.8,"velocity":224.4,"heading":338.2,"onGround":false,"type":"Unknown","desc":"OpenSky cat 0","military":false,"spi":false,"category":0,"source":"opensky"}},{"type":"Feature","geometry":{"type":"Point","coordinates":[-82.3332,41.553]},"properties":{"callsign":"UAL2684","hex":"a81006","origin":"United States","altitude":9753.6,"velocity":211.03,"heading":344.88,"onGround":false,"type":"Unknown","desc":"OpenSky cat 0","military":false,"spi":false,"category":0,"source":"opensky"}},{"type":"Feature","geometry":{"type":"Point","coordinates":[-81.2839,28.9911]},"properties":{"callsign":"ERU878","hex":"ac1482","origin":"United States","altitude":1028.7,"velocity":46.64,"heading":263.03,"onGround":false,"type":"Unknown","desc":"OpenSky cat 0","military":false,"spi":false,"category":0,"source":"opensky"}},{"type":"Feature","geometry":{"type":"Point","coordinates":[-96.87,32.9414]},"properties":{"callsign":"N57370","hex":"a75cf4","origin":"United States","altitude":1653.54,"velocity":50.66,"heading":80.06,"onGround":false,"type":"Unknown","desc":"OpenSky cat 0","military":false,"spi":false,"category":0,"source":"opensky"}},{"type":"Feature","geometry":{"type":"Point","coordinates":[0.2058,51.7997]},"properties":{"callsign":"BBB54P","hex":"45dacf","origin":"Denmark","altitude":3710.94,"velocity":190.99,"heading":64.47,"onGround":false,"type":"Unknown","desc":"OpenSky cat 0","military":false,"spi":false,"category":0,"source":"opensky"}},{"type":"Feature","geometry":{"type":"Point","coordinates":[9.8145,38.0819]},"properties":{"callsign":"RAM571A","hex":"020105","origin":"Morocco","altitude":8199.12,"velocity":235.49,"heading":348.15,"onGround":false,"type":"Unknown","desc":"OpenSky cat 0","military":false,"spi":false,"category":0,"source":"opensky"}},{"type":"Feature","geometry":{"type":"Point","coordinates":[-82.3093,36.6362]},"properties":{"callsign":"N551CB","hex":"a70356","origin":"United States","altitude":12496.8,"velocity":234.43,"heading":56.73,"onGround":false,"type":"Unknown","desc":"OpenSky cat 0","military":false,"spi":false,"category":0,"source":"opensky"}},{"type":"Feature","geometry":{"type":"Point","coordinates":[-86.4495,33.259]},"properties":{"callsign":"SWA2656","hex":"ac5ada","origin":"United States","altitude":11940.54,"velocity":234.1,"heading":328.02,"onGround":false,"type":"Unknown","desc":"OpenSky cat 0","military":false,"spi":false,"category":0,"source":"opensky"}},{"type":"Feature","geometry":{"type":"Point","coordinates":[-3.3114,34.7906]},"properties":{"callsign":"RAM1453","hex":"020100","origin":"Morocco","altitude":3093.72,"velocity":83.02,"heading":239.46,"onGround":false,"type":"Unknown","desc":"OpenSky cat 0","military":false,"spi":false,"category":0,"source":"opensky"}},{"type":"Feature","geometry":{"type":"Point","coordinates":[-0.7613,52.7223]},"properties":{"callsign":"JBU1408","hex":"a4c96c","origin":"United States","altitude":9136.38,"velocity":218.26,"heading":315.38,"onGround":false,"type":"Unknown","desc":"OpenSky cat 0","military":false,"spi":false,"category":0,"source":"opensky"}},{"type":"Feature","geometry":{"type":"Point","coordinates":[4.609,44.675]},"properties":{"callsign":"EXS7YA","hex":"4066fa","origin":"United Kingdom","altitude":10363.2,"velocity":229.02,"heading":354.33,"onGround":false,"type":"Unknown","desc":"OpenSky cat 0","military":false,"spi":false,"category":0,"source":"opensky"}},{"type":"Feature","geometry":{"type":"Point","coordinates":[29.0266,37.3511]},"properties":{"callsign":"ISR178","hex":"738285","origin":"Israel","altitude":10660.38,"velocity":239.42,"heading":131.6,"onGround":false,"type":"Unknown","desc":"OpenSky cat 0","military":false,"spi":false,"category":0,"source":"opensky"}},{"type":"Feature","geometry":{"type":"Point","coordinates":[-80.2022,26.0771]},"properties":{"callsign":"JBU754","hex":"a7bfa0","origin":"United States","altitude":190.5,"velocity":68.42,"heading":90,"onGround":false,"type":"Unknown","desc":"OpenSky cat 0","military":false,"spi":false,"category":0,"source":"opensky"}},{"type":"Feature","geometry":{"type":"Point","coordinates":[10.8745,44.8708]},"properties":{"callsign":"TKJ3LB","hex":"4bb296","origin":"Turkey","altitude":7322.82,"velocity":194.74,"heading":288,"onGround":false,"type":"Unknown","desc":"OpenSky cat 0","military":false,"spi":false,"category":0,"source":"opensky"}},{"type":"Feature","geometry":{"type":"Point","coordinates":[33.8313,34.6709]},"properties":{"callsign":"ISR890","hex":"738288","origin":"Israel","altitude":10675.62,"velocity":227.48,"heading":186.88,"onGround":false,"type":"Unknown","desc":"OpenSky cat 0","military":false,"spi":false,"category":0,"source":"opensky"}},{"type":"Feature","geometry":{"type":"Point","coordinates":[28.4556,41.7792]},"properties":{"callsign":"TKJ9SV","hex":"4bb293","origin":"Turkey","altitude":9753.6,"velocity":210.9,"heading":308.46,"onGround":false,"type":"Unknown","desc":"OpenSky cat 0","military":false,"spi":false,"category":0,"source":"opensky"}},{"type":"Feature","geometry":{"type":"Point","coordinates":[-93.3286,35.7125]},"properties":{"callsign":"DAL1259","hex":"adddda","origin":"United States","altitude":8862.06,"velocity":240.08,"heading":103.38,"onGround":false,"type":"No emitter category","desc":"OpenSky cat 1","military":false,"spi":false,"category":1,"source":"opensky"}},{"type":"Feature","geometry":{"type":"Point","coordinates":[27.0469,38.2818]},"properties":{"callsign":"ISR115","hex":"738286","origin":"Israel","altitude":10972.8,"velocity":228.14,"heading":318.47,"onGround":false,"type":"Unknown","desc":"OpenSky cat 0","military":false,"spi":false,"category":0,"source":"opensky"}},{"type":"Feature","geometry":{"type":"Point","coordinates":[13.0811,40.8823]},"properties":{"callsign":"TKJ4QU","hex":"4bb294","origin":"Turkey","altitude":8473.44,"velocity":243.44,"heading":91.7,"onGround":false,"type":"Unknown","desc":"OpenSky cat 0","military":false,"spi":false,"category":0,"source":"opensky"}},{"type":"Feature","geometry":{"type":"Point","coordinates":[-75.3946,39.0575]},"properties":{"callsign":"UAL1036","hex":"a5d623","origin":"United States","altitude":10431.78,"velocity":243.86,"heading":221.32,"onGround":false,"type":"Unknown","desc":"OpenSky cat 0","military":false,"spi":false,"category":0,"source":"opensky"}}],"meta":{"theater":"global","count":2000,"fetchedAt":"2026-09-01T11:22:30.915Z","source":"opensky-snapshot","configured":true,"authenticated":false,"coverage":"worldwide","collectedAt":"2026-09-01T11:22:30.920Z","upstreamCount":8765,"refreshHint":"npm run refresh:flights (scheduled every 15 minutes)"}}
